MSBuild version 17.9.5+33de0b227 for .NET Framework
Build started 17/11/2025 13:59:26.

Project "C:\originalhr2\HoverRaceAI\NetTarget\MainCharacter\MainCharacter.vcxproj" on node 1 (Rebuild target(s)).
Project "C:\originalhr2\HoverRaceAI\NetTarget\MainCharacter\MainCharacter.vcxproj" (1) is building "C:\originalhr2\HoverRaceAI\NetTarget\Util\Util.vcxproj" (2) on node 1 (Clean target(s)).
_PrepareForClean:
  Deleting file "C:\originalhr2\HoverRaceAI\NetTarget\Util\Release\Util.tlog\Util.lastbuildstate".
Done Building Project "C:\originalhr2\HoverRaceAI\NetTarget\Util\Util.vcxproj" (Clean target(s)).
Project "C:\originalhr2\HoverRaceAI\NetTarget\MainCharacter\MainCharacter.vcxproj" (1) is building "C:\originalhr2\HoverRaceAI\NetTarget\VideoServices\VideoServices.vcxproj" (3) on node 1 (Clean target(s)).
_PrepareForClean:
  Deleting file "C:\originalhr2\HoverRaceAI\NetTarget\VideoServices\Release\VideoServices.tlog\VideoServices.lastbuildstate".
Done Building Project "C:\originalhr2\HoverRaceAI\NetTarget\VideoServices\VideoServices.vcxproj" (Clean target(s)).
Project "C:\originalhr2\HoverRaceAI\NetTarget\MainCharacter\MainCharacter.vcxproj" (1) is building "C:\originalhr2\HoverRaceAI\NetTarget\Model\Model.vcxproj" (4) on node 1 (Clean target(s)).
C:\Program Files\Microsoft Visual Studio\2022\Community\MSBuild\Microsoft\VC\v170\Microsoft.CppClean.targets(77,5): warning : The process cannot access the file 'c:\originalhr2\hoverraceai\nettarget\model\release\vc143.pdb' because it is being used by another process. [C:\originalhr2\HoverRaceAI\NetTarget\Model\Model.vcxproj]
Done Building Project "C:\originalhr2\HoverRaceAI\NetTarget\Model\Model.vcxproj" (Clean target(s)).
Project "C:\originalhr2\HoverRaceAI\NetTarget\MainCharacter\MainCharacter.vcxproj" (1) is building "C:\originalhr2\HoverRaceAI\NetTarget\Util\Util.vcxproj" (2:4) on node 1 (default targets).
PrepareForBuild:
  Structured output is enabled. The formatting of compiler diagnostics will reflect the error hierarchy. See https://aka.ms/cpp/structured-output for more details.
InitializeBuildStatus:
  Creating "C:\originalhr2\HoverRaceAI\NetTarget\Util\Release\Util.tlog\unsuccessfulbuild" because "AlwaysCreate" was specified.
  Touching "C:\originalhr2\HoverRaceAI\NetTarget\Util\Release\Util.tlog\unsuccessfulbuild".
ClCompile:
  C:\Program Files\Microsoft Visual Studio\2022\Community\VC\Tools\MSVC\14.39.33519\bin\HostX86\x86\CL.exe /c /I"C:\Program Files\Microsoft Visual Studio\2022\Community\SDK\ScopeCppSDK\vc15\VC\include" /I"C:\Program Files\Microsoft Visual Studio\2022\Community\VC\Tools\MSVC\14.39.33519\include" /Zi /nologo /W4 /WX- /diagnostics:column /O2 /Oy- /D WIN32 /D NDEBUG /D _WINDOWS /D MR_UTIL /D _AFXDLL /D _WINDLL /D _MBCS /D _AFXDLL /Gm- /EHsc /MD /GS /fp:precise /Zc:wchar_t /Zc:forScope /Zc:inline /Fo"C:\originalhr2\HoverRaceAI\NetTarget\Util\Release\\" /Fd"C:\originalhr2\HoverRaceAI\NetTarget\Util\Release\vc143.pdb" /external:W4 /Gd /TP /analyze- /FC /errorReport:queue /FS DllObjectFactory.cpp FuzzyLogic.cpp Profiler.cpp RecordFile.cpp StdAfx.cpp StrRes.cpp WorldCoordinates.cpp
  DllObjectFactory.cpp
  _WIN32_WINNT not defined. Defaulting to _WIN32_WINNT_MAXVER (see WinSDKVer.h)
C:\Program Files\Microsoft Visual Studio\2022\Community\VC\Tools\MSVC\14.39.33519\include\yvals_core.h(880,1): warning C4005: '_MSVC_STL_VERSION': macro redefinition [C:\originalhr2\HoverRaceAI\NetTarget\Util\Util.vcxproj]
  (compiling source file 'DllObjectFactory.cpp')
  C:\Program Files\Microsoft Visual Studio\2022\Community\SDK\ScopeCppSDK\vc15\VC\include\yvals.h(156,1):
  see previous definition of '_MSVC_STL_VERSION'
  
C:\Program Files\Microsoft Visual Studio\2022\Community\VC\Tools\MSVC\14.39.33519\include\yvals_core.h(881,1): warning C4005: '_MSVC_STL_UPDATE': macro redefinition [C:\originalhr2\HoverRaceAI\NetTarget\Util\Util.vcxproj]
  (compiling source file 'DllObjectFactory.cpp')
  C:\Program Files\Microsoft Visual Studio\2022\Community\SDK\ScopeCppSDK\vc15\VC\include\yvals.h(157,1):
  see previous definition of '_MSVC_STL_UPDATE'
  
C:\Program Files\Microsoft Visual Studio\2022\Community\VC\Tools\MSVC\14.39.33519\include\yvals_core.h(1000,1): warning C4005: '_DEPRECATE_TR1_NAMESPACE': macro redefinition [C:\originalhr2\HoverRaceAI\NetTarget\Util\Util.vcxproj]
  (compiling source file 'DllObjectFactory.cpp')
  C:\Program Files\Microsoft Visual Studio\2022\Community\SDK\ScopeCppSDK\vc15\VC\include\yvals.h(247,1):
  see previous definition of '_DEPRECATE_TR1_NAMESPACE'
  
C:\Program Files\Microsoft Visual Studio\2022\Community\VC\Tools\MSVC\14.39.33519\include\yvals_core.h(1014,1): warning C4005: '_MISMATCHED_ALLOCATOR_MESSAGE': macro redefinition [C:\originalhr2\HoverRaceAI\NetTarget\Util\Util.vcxproj]
  (compiling source file 'DllObjectFactory.cpp')
  C:\Program Files\Microsoft Visual Studio\2022\Community\SDK\ScopeCppSDK\vc15\VC\include\yvals.h(303,1):
  see previous definition of '_MISMATCHED_ALLOCATOR_MESSAGE'
  
C:\originalhr2\HoverRaceAI\NetTarget\Util\DllObjectFactory.cpp(372,4): warning C4996: 'sprintf': This function or variable may be unsafe. Consider using sprintf_s instead. To disable deprecation, use _CRT_SECURE_NO_WARNINGS. See online help for details. [C:\originalhr2\HoverRaceAI\NetTarget\Util\Util.vcxproj]
  FuzzyLogic.cpp
  _WIN32_WINNT not defined. Defaulting to _WIN32_WINNT_MAXVER (see WinSDKVer.h)
C:\Program Files\Microsoft Visual Studio\2022\Community\VC\Tools\MSVC\14.39.33519\include\yvals_core.h(880,1): warning C4005: '_MSVC_STL_VERSION': macro redefinition [C:\originalhr2\HoverRaceAI\NetTarget\Util\Util.vcxproj]
  (compiling source file 'FuzzyLogic.cpp')
  C:\Program Files\Microsoft Visual Studio\2022\Community\SDK\ScopeCppSDK\vc15\VC\include\yvals.h(156,1):
  see previous definition of '_MSVC_STL_VERSION'
  
C:\Program Files\Microsoft Visual Studio\2022\Community\VC\Tools\MSVC\14.39.33519\include\yvals_core.h(881,1): warning C4005: '_MSVC_STL_UPDATE': macro redefinition [C:\originalhr2\HoverRaceAI\NetTarget\Util\Util.vcxproj]
  (compiling source file 'FuzzyLogic.cpp')
  C:\Program Files\Microsoft Visual Studio\2022\Community\SDK\ScopeCppSDK\vc15\VC\include\yvals.h(157,1):
  see previous definition of '_MSVC_STL_UPDATE'
  
C:\Program Files\Microsoft Visual Studio\2022\Community\VC\Tools\MSVC\14.39.33519\include\yvals_core.h(1000,1): warning C4005: '_DEPRECATE_TR1_NAMESPACE': macro redefinition [C:\originalhr2\HoverRaceAI\NetTarget\Util\Util.vcxproj]
  (compiling source file 'FuzzyLogic.cpp')
  C:\Program Files\Microsoft Visual Studio\2022\Community\SDK\ScopeCppSDK\vc15\VC\include\yvals.h(247,1):
  see previous definition of '_DEPRECATE_TR1_NAMESPACE'
  
C:\Program Files\Microsoft Visual Studio\2022\Community\VC\Tools\MSVC\14.39.33519\include\yvals_core.h(1014,1): warning C4005: '_MISMATCHED_ALLOCATOR_MESSAGE': macro redefinition [C:\originalhr2\HoverRaceAI\NetTarget\Util\Util.vcxproj]
  (compiling source file 'FuzzyLogic.cpp')
  C:\Program Files\Microsoft Visual Studio\2022\Community\SDK\ScopeCppSDK\vc15\VC\include\yvals.h(303,1):
  see previous definition of '_MISMATCHED_ALLOCATOR_MESSAGE'
  
  Profiler.cpp
  _WIN32_WINNT not defined. Defaulting to _WIN32_WINNT_MAXVER (see WinSDKVer.h)
C:\Program Files\Microsoft Visual Studio\2022\Community\VC\Tools\MSVC\14.39.33519\include\yvals_core.h(880,1): warning C4005: '_MSVC_STL_VERSION': macro redefinition [C:\originalhr2\HoverRaceAI\NetTarget\Util\Util.vcxproj]
  (compiling source file 'Profiler.cpp')
  C:\Program Files\Microsoft Visual Studio\2022\Community\SDK\ScopeCppSDK\vc15\VC\include\yvals.h(156,1):
  see previous definition of '_MSVC_STL_VERSION'
  
C:\Program Files\Microsoft Visual Studio\2022\Community\VC\Tools\MSVC\14.39.33519\include\yvals_core.h(881,1): warning C4005: '_MSVC_STL_UPDATE': macro redefinition [C:\originalhr2\HoverRaceAI\NetTarget\Util\Util.vcxproj]
  (compiling source file 'Profiler.cpp')
  C:\Program Files\Microsoft Visual Studio\2022\Community\SDK\ScopeCppSDK\vc15\VC\include\yvals.h(157,1):
  see previous definition of '_MSVC_STL_UPDATE'
  
C:\Program Files\Microsoft Visual Studio\2022\Community\VC\Tools\MSVC\14.39.33519\include\yvals_core.h(1000,1): warning C4005: '_DEPRECATE_TR1_NAMESPACE': macro redefinition [C:\originalhr2\HoverRaceAI\NetTarget\Util\Util.vcxproj]
  (compiling source file 'Profiler.cpp')
  C:\Program Files\Microsoft Visual Studio\2022\Community\SDK\ScopeCppSDK\vc15\VC\include\yvals.h(247,1):
  see previous definition of '_DEPRECATE_TR1_NAMESPACE'
  
C:\Program Files\Microsoft Visual Studio\2022\Community\VC\Tools\MSVC\14.39.33519\include\yvals_core.h(1014,1): warning C4005: '_MISMATCHED_ALLOCATOR_MESSAGE': macro redefinition [C:\originalhr2\HoverRaceAI\NetTarget\Util\Util.vcxproj]
  (compiling source file 'Profiler.cpp')
  C:\Program Files\Microsoft Visual Studio\2022\Community\SDK\ScopeCppSDK\vc15\VC\include\yvals.h(303,1):
  see previous definition of '_MISMATCHED_ALLOCATOR_MESSAGE'
  
  RecordFile.cpp
  _WIN32_WINNT not defined. Defaulting to _WIN32_WINNT_MAXVER (see WinSDKVer.h)
C:\Program Files\Microsoft Visual Studio\2022\Community\VC\Tools\MSVC\14.39.33519\include\yvals_core.h(880,1): warning C4005: '_MSVC_STL_VERSION': macro redefinition [C:\originalhr2\HoverRaceAI\NetTarget\Util\Util.vcxproj]
  (compiling source file 'RecordFile.cpp')
  C:\Program Files\Microsoft Visual Studio\2022\Community\SDK\ScopeCppSDK\vc15\VC\include\yvals.h(156,1):
  see previous definition of '_MSVC_STL_VERSION'
  
C:\Program Files\Microsoft Visual Studio\2022\Community\VC\Tools\MSVC\14.39.33519\include\yvals_core.h(881,1): warning C4005: '_MSVC_STL_UPDATE': macro redefinition [C:\originalhr2\HoverRaceAI\NetTarget\Util\Util.vcxproj]
  (compiling source file 'RecordFile.cpp')
  C:\Program Files\Microsoft Visual Studio\2022\Community\SDK\ScopeCppSDK\vc15\VC\include\yvals.h(157,1):
  see previous definition of '_MSVC_STL_UPDATE'
  
C:\Program Files\Microsoft Visual Studio\2022\Community\VC\Tools\MSVC\14.39.33519\include\yvals_core.h(1000,1): warning C4005: '_DEPRECATE_TR1_NAMESPACE': macro redefinition [C:\originalhr2\HoverRaceAI\NetTarget\Util\Util.vcxproj]
  (compiling source file 'RecordFile.cpp')
  C:\Program Files\Microsoft Visual Studio\2022\Community\SDK\ScopeCppSDK\vc15\VC\include\yvals.h(247,1):
  see previous definition of '_DEPRECATE_TR1_NAMESPACE'
  
C:\Program Files\Microsoft Visual Studio\2022\Community\VC\Tools\MSVC\14.39.33519\include\yvals_core.h(1014,1): warning C4005: '_MISMATCHED_ALLOCATOR_MESSAGE': macro redefinition [C:\originalhr2\HoverRaceAI\NetTarget\Util\Util.vcxproj]
  (compiling source file 'RecordFile.cpp')
  C:\Program Files\Microsoft Visual Studio\2022\Community\SDK\ScopeCppSDK\vc15\VC\include\yvals.h(303,1):
  see previous definition of '_MISMATCHED_ALLOCATOR_MESSAGE'
  
C:\originalhr2\HoverRaceAI\NetTarget\Util\RecordFile.cpp(261,66): warning C4244: '=': conversion from 'ULONGLONG' to 'DWORD', possible loss of data [C:\originalhr2\HoverRaceAI\NetTarget\Util\Util.vcxproj]
C:\originalhr2\HoverRaceAI\NetTarget\Util\RecordFile.cpp(432,50): warning C4244: 'return': conversion from 'ULONGLONG' to 'LONG', possible loss of data [C:\originalhr2\HoverRaceAI\NetTarget\Util\Util.vcxproj]
C:\originalhr2\HoverRaceAI\NetTarget\Util\RecordFile.cpp(478,32): warning C4244: '=': conversion from 'ULONGLONG' to 'UINT', possible loss of data [C:\originalhr2\HoverRaceAI\NetTarget\Util\Util.vcxproj]
C:\originalhr2\HoverRaceAI\NetTarget\Util\RecordFile.cpp(539,18): warning C4996: 'fopen': This function or variable may be unsafe. Consider using fopen_s instead. To disable deprecation, use _CRT_SECURE_NO_WARNINGS. See online help for details. [C:\originalhr2\HoverRaceAI\NetTarget\Util\Util.vcxproj]
  StdAfx.cpp
  _WIN32_WINNT not defined. Defaulting to _WIN32_WINNT_MAXVER (see WinSDKVer.h)
C:\Program Files\Microsoft Visual Studio\2022\Community\VC\Tools\MSVC\14.39.33519\include\yvals_core.h(880,1): warning C4005: '_MSVC_STL_VERSION': macro redefinition [C:\originalhr2\HoverRaceAI\NetTarget\Util\Util.vcxproj]
  (compiling source file 'StdAfx.cpp')
  C:\Program Files\Microsoft Visual Studio\2022\Community\SDK\ScopeCppSDK\vc15\VC\include\yvals.h(156,1):
  see previous definition of '_MSVC_STL_VERSION'
  
C:\Program Files\Microsoft Visual Studio\2022\Community\VC\Tools\MSVC\14.39.33519\include\yvals_core.h(881,1): warning C4005: '_MSVC_STL_UPDATE': macro redefinition [C:\originalhr2\HoverRaceAI\NetTarget\Util\Util.vcxproj]
  (compiling source file 'StdAfx.cpp')
  C:\Program Files\Microsoft Visual Studio\2022\Community\SDK\ScopeCppSDK\vc15\VC\include\yvals.h(157,1):
  see previous definition of '_MSVC_STL_UPDATE'
  
C:\Program Files\Microsoft Visual Studio\2022\Community\VC\Tools\MSVC\14.39.33519\include\yvals_core.h(1000,1): warning C4005: '_DEPRECATE_TR1_NAMESPACE': macro redefinition [C:\originalhr2\HoverRaceAI\NetTarget\Util\Util.vcxproj]
  (compiling source file 'StdAfx.cpp')
  C:\Program Files\Microsoft Visual Studio\2022\Community\SDK\ScopeCppSDK\vc15\VC\include\yvals.h(247,1):
  see previous definition of '_DEPRECATE_TR1_NAMESPACE'
  
C:\Program Files\Microsoft Visual Studio\2022\Community\VC\Tools\MSVC\14.39.33519\include\yvals_core.h(1014,1): warning C4005: '_MISMATCHED_ALLOCATOR_MESSAGE': macro redefinition [C:\originalhr2\HoverRaceAI\NetTarget\Util\Util.vcxproj]
  (compiling source file 'StdAfx.cpp')
  C:\Program Files\Microsoft Visual Studio\2022\Community\SDK\ScopeCppSDK\vc15\VC\include\yvals.h(303,1):
  see previous definition of '_MISMATCHED_ALLOCATOR_MESSAGE'
  
  StrRes.cpp
  _WIN32_WINNT not defined. Defaulting to _WIN32_WINNT_MAXVER (see WinSDKVer.h)
C:\Program Files\Microsoft Visual Studio\2022\Community\VC\Tools\MSVC\14.39.33519\include\yvals_core.h(880,1): warning C4005: '_MSVC_STL_VERSION': macro redefinition [C:\originalhr2\HoverRaceAI\NetTarget\Util\Util.vcxproj]
  (compiling source file 'StrRes.cpp')
  C:\Program Files\Microsoft Visual Studio\2022\Community\SDK\ScopeCppSDK\vc15\VC\include\yvals.h(156,1):
  see previous definition of '_MSVC_STL_VERSION'
  
C:\Program Files\Microsoft Visual Studio\2022\Community\VC\Tools\MSVC\14.39.33519\include\yvals_core.h(881,1): warning C4005: '_MSVC_STL_UPDATE': macro redefinition [C:\originalhr2\HoverRaceAI\NetTarget\Util\Util.vcxproj]
  (compiling source file 'StrRes.cpp')
  C:\Program Files\Microsoft Visual Studio\2022\Community\SDK\ScopeCppSDK\vc15\VC\include\yvals.h(157,1):
  see previous definition of '_MSVC_STL_UPDATE'
  
C:\Program Files\Microsoft Visual Studio\2022\Community\VC\Tools\MSVC\14.39.33519\include\yvals_core.h(1000,1): warning C4005: '_DEPRECATE_TR1_NAMESPACE': macro redefinition [C:\originalhr2\HoverRaceAI\NetTarget\Util\Util.vcxproj]
  (compiling source file 'StrRes.cpp')
  C:\Program Files\Microsoft Visual Studio\2022\Community\SDK\ScopeCppSDK\vc15\VC\include\yvals.h(247,1):
  see previous definition of '_DEPRECATE_TR1_NAMESPACE'
  
C:\Program Files\Microsoft Visual Studio\2022\Community\VC\Tools\MSVC\14.39.33519\include\yvals_core.h(1014,1): warning C4005: '_MISMATCHED_ALLOCATOR_MESSAGE': macro redefinition [C:\originalhr2\HoverRaceAI\NetTarget\Util\Util.vcxproj]
  (compiling source file 'StrRes.cpp')
  C:\Program Files\Microsoft Visual Studio\2022\Community\SDK\ScopeCppSDK\vc15\VC\include\yvals.h(303,1):
  see previous definition of '_MISMATCHED_ALLOCATOR_MESSAGE'
  
  WorldCoordinates.cpp
  _WIN32_WINNT not defined. Defaulting to _WIN32_WINNT_MAXVER (see WinSDKVer.h)
C:\Program Files\Microsoft Visual Studio\2022\Community\VC\Tools\MSVC\14.39.33519\include\yvals_core.h(880,1): warning C4005: '_MSVC_STL_VERSION': macro redefinition [C:\originalhr2\HoverRaceAI\NetTarget\Util\Util.vcxproj]
  (compiling source file 'WorldCoordinates.cpp')
  C:\Program Files\Microsoft Visual Studio\2022\Community\SDK\ScopeCppSDK\vc15\VC\include\yvals.h(156,1):
  see previous definition of '_MSVC_STL_VERSION'
  
C:\Program Files\Microsoft Visual Studio\2022\Community\VC\Tools\MSVC\14.39.33519\include\yvals_core.h(881,1): warning C4005: '_MSVC_STL_UPDATE': macro redefinition [C:\originalhr2\HoverRaceAI\NetTarget\Util\Util.vcxproj]
  (compiling source file 'WorldCoordinates.cpp')
  C:\Program Files\Microsoft Visual Studio\2022\Community\SDK\ScopeCppSDK\vc15\VC\include\yvals.h(157,1):
  see previous definition of '_MSVC_STL_UPDATE'
  
C:\Program Files\Microsoft Visual Studio\2022\Community\VC\Tools\MSVC\14.39.33519\include\yvals_core.h(1000,1): warning C4005: '_DEPRECATE_TR1_NAMESPACE': macro redefinition [C:\originalhr2\HoverRaceAI\NetTarget\Util\Util.vcxproj]
  (compiling source file 'WorldCoordinates.cpp')
  C:\Program Files\Microsoft Visual Studio\2022\Community\SDK\ScopeCppSDK\vc15\VC\include\yvals.h(247,1):
  see previous definition of '_DEPRECATE_TR1_NAMESPACE'
  
C:\Program Files\Microsoft Visual Studio\2022\Community\VC\Tools\MSVC\14.39.33519\include\yvals_core.h(1014,1): warning C4005: '_MISMATCHED_ALLOCATOR_MESSAGE': macro redefinition [C:\originalhr2\HoverRaceAI\NetTarget\Util\Util.vcxproj]
  (compiling source file 'WorldCoordinates.cpp')
  C:\Program Files\Microsoft Visual Studio\2022\Community\SDK\ScopeCppSDK\vc15\VC\include\yvals.h(303,1):
  see previous definition of '_MISMATCHED_ALLOCATOR_MESSAGE'
  
  Generating Code...
Link:
  C:\Program Files\Microsoft Visual Studio\2022\Community\VC\Tools\MSVC\14.39.33519\bin\HostX86\x86\link.exe /ERRORREPORT:QUEUE /OUT:"C:\originalhr2\HoverRaceAI\NetTarget\Util\..\..\Release\Util.dll" /NOLOGO /LIBPATH:C:\originalhr2\HoverRaceAI\NetTarget\Util\Release\ /LIBPATH:C:\originalhr2\HoverRaceAI\Release /LIBPATH:"C:\Program Files\Microsoft Visual Studio\2022\Community\SDK\ScopeCppSDK\vc15\VC\lib\x86" /LIBPATH:"C:\Program Files\Microsoft Visual Studio\2022\Community\VC\Tools\MSVC\14.39.33519\lib\x86" winmm.lib /MANIFEST /MANIFESTUAC:"level='asInvoker' uiAccess='false'" /manifest:embed /manifestinput:"C:\Program Files\Microsoft Visual Studio\2022\Community\VC\Tools\MSVC\14.39.33519\Include\Manifest\dpiaware.manifest" /DEBUG:FULL /PDB:"C:\originalhr2\HoverRaceAI\NetTarget\Util\..\..\Release\Util.pdb" /TLBID:1 /DYNAMICBASE /NXCOMPAT /IMPLIB:"C:\originalhr2\HoverRaceAI\NetTarget\Util\..\..\Release\Util.lib" /MACHINE:X86 /SAFESEH /DLL C:\originalhr2\HoverRaceAI\NetTarget\Util\Release\DllObjectFactory.obj
  C:\originalhr2\HoverRaceAI\NetTarget\Util\Release\FuzzyLogic.obj
  C:\originalhr2\HoverRaceAI\NetTarget\Util\Release\Profiler.obj
  C:\originalhr2\HoverRaceAI\NetTarget\Util\Release\RecordFile.obj
  C:\originalhr2\HoverRaceAI\NetTarget\Util\Release\StdAfx.obj
  C:\originalhr2\HoverRaceAI\NetTarget\Util\Release\StrRes.obj
  C:\originalhr2\HoverRaceAI\NetTarget\Util\Release\WorldCoordinates.obj
     Creating library C:\originalhr2\HoverRaceAI\NetTarget\Util\..\..\Release\Util.lib and object C:\originalhr2\HoverRaceAI\NetTarget\Util\..\..\Release\Util.exp
  Util.vcxproj -> C:\originalhr2\HoverRaceAI\Release\Util.dll
FinalizeBuildStatus:
  Deleting file "C:\originalhr2\HoverRaceAI\NetTarget\Util\Release\Util.tlog\unsuccessfulbuild".
  Touching "C:\originalhr2\HoverRaceAI\NetTarget\Util\Release\Util.tlog\Util.lastbuildstate".
Done Building Project "C:\originalhr2\HoverRaceAI\NetTarget\Util\Util.vcxproj" (default targets).
Project "C:\originalhr2\HoverRaceAI\NetTarget\MainCharacter\MainCharacter.vcxproj" (1) is building "C:\originalhr2\HoverRaceAI\NetTarget\VideoServices\VideoServices.vcxproj" (3:3) on node 1 (default targets).
PrepareForBuild:
  Structured output is enabled. The formatting of compiler diagnostics will reflect the error hierarchy. See https://aka.ms/cpp/structured-output for more details.
InitializeBuildStatus:
  Touching "C:\originalhr2\HoverRaceAI\NetTarget\VideoServices\Release\VideoServices.tlog\unsuccessfulbuild".
ClCompile:
  C:\Program Files\Microsoft Visual Studio\2022\Community\VC\Tools\MSVC\14.39.33519\bin\HostX86\x86\CL.exe /c /IC:\GLEW\include /IC:\SDL2\include /IC:\originalhr2\HoverRaceAI\OpenAL /IC:\originalhr2\HoverRaceAI\NetTarget\GraphicsSDL2 /I"C:\Program Files\Microsoft Visual Studio\2022\Community\SDK\ScopeCppSDK\vc15\VC\include" /I"C:\Program Files\Microsoft Visual Studio\2022\Community\VC\Tools\MSVC\14.39.33519\include" /Zi /nologo /W4 /WX- /diagnostics:column /O2 /Oy- /D WIN32 /D NDEBUG /D _WINDOWS /D MR_VIDEO_SERVICES /D _HAVE_SDL2 /D _AFXDLL /D _WINDLL /D _MBCS /D _AFXDLL /Gm- /EHsc /MD /GS /fp:precise /Zc:wchar_t /Zc:forScope /Zc:inline /Fo"C:\originalhr2\HoverRaceAI\NetTarget\VideoServices\Release\\" /Fd"C:\originalhr2\HoverRaceAI\NetTarget\VideoServices\Release\vc143.pdb" /external:W4 /Gd /TP /analyze- /FC /errorReport:queue /FS 2DViewPort.cpp 3DViewport.cpp 3DViewportRendering.cpp Bitmap.cpp ColorPalette.cpp ColorTab.cpp Patch.cpp SoundServer.cpp Sprite.cpp StdAfx.cpp VideoBuffer.cpp VideoBuffer2DDraw.cpp ..\GraphicsSDL2\SDL2Graphics.cpp ..\GraphicsSDL2\VideoBufferSDL2Adapter.cpp VideoBufferSDL2Integration.cpp ..\..\OpenAL\alstub.cpp RenderingEngine.cpp GraphicsUtilities.cpp ModernVideoBuffer.cpp ModernRenderer.cpp ModernActorRenderer.cpp GraphicsTest.cpp
  2DViewPort.cpp
  _WIN32_WINNT not defined. Defaulting to _WIN32_WINNT_MAXVER (see WinSDKVer.h)
C:\Program Files\Microsoft Visual Studio\2022\Community\VC\Tools\MSVC\14.39.33519\include\yvals_core.h(880,1): warning C4005: '_MSVC_STL_VERSION': macro redefinition [C:\originalhr2\HoverRaceAI\NetTarget\VideoServices\VideoServices.vcxproj]
  (compiling source file '2DViewPort.cpp')
  C:\Program Files\Microsoft Visual Studio\2022\Community\SDK\ScopeCppSDK\vc15\VC\include\yvals.h(156,1):
  see previous definition of '_MSVC_STL_VERSION'
  
C:\Program Files\Microsoft Visual Studio\2022\Community\VC\Tools\MSVC\14.39.33519\include\yvals_core.h(881,1): warning C4005: '_MSVC_STL_UPDATE': macro redefinition [C:\originalhr2\HoverRaceAI\NetTarget\VideoServices\VideoServices.vcxproj]
  (compiling source file '2DViewPort.cpp')
  C:\Program Files\Microsoft Visual Studio\2022\Community\SDK\ScopeCppSDK\vc15\VC\include\yvals.h(157,1):
  see previous definition of '_MSVC_STL_UPDATE'
  
C:\Program Files\Microsoft Visual Studio\2022\Community\VC\Tools\MSVC\14.39.33519\include\yvals_core.h(1000,1): warning C4005: '_DEPRECATE_TR1_NAMESPACE': macro redefinition [C:\originalhr2\HoverRaceAI\NetTarget\VideoServices\VideoServices.vcxproj]
  (compiling source file '2DViewPort.cpp')
  C:\Program Files\Microsoft Visual Studio\2022\Community\SDK\ScopeCppSDK\vc15\VC\include\yvals.h(247,1):
  see previous definition of '_DEPRECATE_TR1_NAMESPACE'
  
C:\Program Files\Microsoft Visual Studio\2022\Community\VC\Tools\MSVC\14.39.33519\include\yvals_core.h(1014,1): warning C4005: '_MISMATCHED_ALLOCATOR_MESSAGE': macro redefinition [C:\originalhr2\HoverRaceAI\NetTarget\VideoServices\VideoServices.vcxproj]
  (compiling source file '2DViewPort.cpp')
  C:\Program Files\Microsoft Visual Studio\2022\Community\SDK\ScopeCppSDK\vc15\VC\include\yvals.h(303,1):
  see previous definition of '_MISMATCHED_ALLOCATOR_MESSAGE'
  
  3DViewport.cpp
  _WIN32_WINNT not defined. Defaulting to _WIN32_WINNT_MAXVER (see WinSDKVer.h)
C:\Program Files\Microsoft Visual Studio\2022\Community\VC\Tools\MSVC\14.39.33519\include\yvals_core.h(880,1): warning C4005: '_MSVC_STL_VERSION': macro redefinition [C:\originalhr2\HoverRaceAI\NetTarget\VideoServices\VideoServices.vcxproj]
  (compiling source file '3DViewport.cpp')
  C:\Program Files\Microsoft Visual Studio\2022\Community\SDK\ScopeCppSDK\vc15\VC\include\yvals.h(156,1):
  see previous definition of '_MSVC_STL_VERSION'
  
C:\Program Files\Microsoft Visual Studio\2022\Community\VC\Tools\MSVC\14.39.33519\include\yvals_core.h(881,1): warning C4005: '_MSVC_STL_UPDATE': macro redefinition [C:\originalhr2\HoverRaceAI\NetTarget\VideoServices\VideoServices.vcxproj]
  (compiling source file '3DViewport.cpp')
  C:\Program Files\Microsoft Visual Studio\2022\Community\SDK\ScopeCppSDK\vc15\VC\include\yvals.h(157,1):
  see previous definition of '_MSVC_STL_UPDATE'
  
C:\Program Files\Microsoft Visual Studio\2022\Community\VC\Tools\MSVC\14.39.33519\include\yvals_core.h(1000,1): warning C4005: '_DEPRECATE_TR1_NAMESPACE': macro redefinition [C:\originalhr2\HoverRaceAI\NetTarget\VideoServices\VideoServices.vcxproj]
  (compiling source file '3DViewport.cpp')
  C:\Program Files\Microsoft Visual Studio\2022\Community\SDK\ScopeCppSDK\vc15\VC\include\yvals.h(247,1):
  see previous definition of '_DEPRECATE_TR1_NAMESPACE'
  
C:\Program Files\Microsoft Visual Studio\2022\Community\VC\Tools\MSVC\14.39.33519\include\yvals_core.h(1014,1): warning C4005: '_MISMATCHED_ALLOCATOR_MESSAGE': macro redefinition [C:\originalhr2\HoverRaceAI\NetTarget\VideoServices\VideoServices.vcxproj]
  (compiling source file '3DViewport.cpp')
  C:\Program Files\Microsoft Visual Studio\2022\Community\SDK\ScopeCppSDK\vc15\VC\include\yvals.h(303,1):
  see previous definition of '_MISMATCHED_ALLOCATOR_MESSAGE'
  
C:\originalhr2\HoverRaceAI\NetTarget\VideoServices\3DViewport.cpp(143,156): warning C4244: '=': conversion from 'double' to 'MR_Int32', possible loss of data [C:\originalhr2\HoverRaceAI\NetTarget\VideoServices\VideoServices.vcxproj]
C:\originalhr2\HoverRaceAI\NetTarget\VideoServices\3DViewport.cpp(144,84): warning C4244: '=': conversion from 'double' to 'MR_Int32', possible loss of data [C:\originalhr2\HoverRaceAI\NetTarget\VideoServices\VideoServices.vcxproj]
  3DViewportRendering.cpp
  _WIN32_WINNT not defined. Defaulting to _WIN32_WINNT_MAXVER (see WinSDKVer.h)
C:\Program Files\Microsoft Visual Studio\2022\Community\VC\Tools\MSVC\14.39.33519\include\yvals_core.h(880,1): warning C4005: '_MSVC_STL_VERSION': macro redefinition [C:\originalhr2\HoverRaceAI\NetTarget\VideoServices\VideoServices.vcxproj]
  (compiling source file '3DViewportRendering.cpp')
  C:\Program Files\Microsoft Visual Studio\2022\Community\SDK\ScopeCppSDK\vc15\VC\include\yvals.h(156,1):
  see previous definition of '_MSVC_STL_VERSION'
  
C:\Program Files\Microsoft Visual Studio\2022\Community\VC\Tools\MSVC\14.39.33519\include\yvals_core.h(881,1): warning C4005: '_MSVC_STL_UPDATE': macro redefinition [C:\originalhr2\HoverRaceAI\NetTarget\VideoServices\VideoServices.vcxproj]
  (compiling source file '3DViewportRendering.cpp')
  C:\Program Files\Microsoft Visual Studio\2022\Community\SDK\ScopeCppSDK\vc15\VC\include\yvals.h(157,1):
  see previous definition of '_MSVC_STL_UPDATE'
  
C:\Program Files\Microsoft Visual Studio\2022\Community\VC\Tools\MSVC\14.39.33519\include\yvals_core.h(1000,1): warning C4005: '_DEPRECATE_TR1_NAMESPACE': macro redefinition [C:\originalhr2\HoverRaceAI\NetTarget\VideoServices\VideoServices.vcxproj]
  (compiling source file '3DViewportRendering.cpp')
  C:\Program Files\Microsoft Visual Studio\2022\Community\SDK\ScopeCppSDK\vc15\VC\include\yvals.h(247,1):
  see previous definition of '_DEPRECATE_TR1_NAMESPACE'
  
C:\Program Files\Microsoft Visual Studio\2022\Community\VC\Tools\MSVC\14.39.33519\include\yvals_core.h(1014,1): warning C4005: '_MISMATCHED_ALLOCATOR_MESSAGE': macro redefinition [C:\originalhr2\HoverRaceAI\NetTarget\VideoServices\VideoServices.vcxproj]
  (compiling source file '3DViewportRendering.cpp')
  C:\Program Files\Microsoft Visual Studio\2022\Community\SDK\ScopeCppSDK\vc15\VC\include\yvals.h(303,1):
  see previous definition of '_MISMATCHED_ALLOCATOR_MESSAGE'
  
C:\originalhr2\HoverRaceAI\NetTarget\VideoServices\3DViewportRendering.cpp(415,21): warning C4244: 'initializing': conversion from 'LONGLONG' to 'int', possible loss of data [C:\originalhr2\HoverRaceAI\NetTarget\VideoServices\VideoServices.vcxproj]
C:\originalhr2\HoverRaceAI\NetTarget\VideoServices\3DViewportRendering.cpp(1214,56): warning C4244: '=': conversion from 'int' to 'MR_UInt16', possible loss of data [C:\originalhr2\HoverRaceAI\NetTarget\VideoServices\VideoServices.vcxproj]
C:\originalhr2\HoverRaceAI\NetTarget\VideoServices\3DViewportRendering.cpp(1937,61): warning C4244: '=': conversion from 'int' to 'MR_UInt16', possible loss of data [C:\originalhr2\HoverRaceAI\NetTarget\VideoServices\VideoServices.vcxproj]
C:\originalhr2\HoverRaceAI\NetTarget\VideoServices\3DViewportRendering.cpp(2132,55): warning C4244: '=': conversion from 'int' to 'MR_UInt16', possible loss of data [C:\originalhr2\HoverRaceAI\NetTarget\VideoServices\VideoServices.vcxproj]
  Bitmap.cpp
  _WIN32_WINNT not defined. Defaulting to _WIN32_WINNT_MAXVER (see WinSDKVer.h)
C:\Program Files\Microsoft Visual Studio\2022\Community\VC\Tools\MSVC\14.39.33519\include\yvals_core.h(880,1): warning C4005: '_MSVC_STL_VERSION': macro redefinition [C:\originalhr2\HoverRaceAI\NetTarget\VideoServices\VideoServices.vcxproj]
  (compiling source file 'Bitmap.cpp')
  C:\Program Files\Microsoft Visual Studio\2022\Community\SDK\ScopeCppSDK\vc15\VC\include\yvals.h(156,1):
  see previous definition of '_MSVC_STL_VERSION'
  
C:\Program Files\Microsoft Visual Studio\2022\Community\VC\Tools\MSVC\14.39.33519\include\yvals_core.h(881,1): warning C4005: '_MSVC_STL_UPDATE': macro redefinition [C:\originalhr2\HoverRaceAI\NetTarget\VideoServices\VideoServices.vcxproj]
  (compiling source file 'Bitmap.cpp')
  C:\Program Files\Microsoft Visual Studio\2022\Community\SDK\ScopeCppSDK\vc15\VC\include\yvals.h(157,1):
  see previous definition of '_MSVC_STL_UPDATE'
  
C:\Program Files\Microsoft Visual Studio\2022\Community\VC\Tools\MSVC\14.39.33519\include\yvals_core.h(1000,1): warning C4005: '_DEPRECATE_TR1_NAMESPACE': macro redefinition [C:\originalhr2\HoverRaceAI\NetTarget\VideoServices\VideoServices.vcxproj]
  (compiling source file 'Bitmap.cpp')
  C:\Program Files\Microsoft Visual Studio\2022\Community\SDK\ScopeCppSDK\vc15\VC\include\yvals.h(247,1):
  see previous definition of '_DEPRECATE_TR1_NAMESPACE'
  
C:\Program Files\Microsoft Visual Studio\2022\Community\VC\Tools\MSVC\14.39.33519\include\yvals_core.h(1014,1): warning C4005: '_MISMATCHED_ALLOCATOR_MESSAGE': macro redefinition [C:\originalhr2\HoverRaceAI\NetTarget\VideoServices\VideoServices.vcxproj]
  (compiling source file 'Bitmap.cpp')
  C:\Program Files\Microsoft Visual Studio\2022\Community\SDK\ScopeCppSDK\vc15\VC\include\yvals.h(303,1):
  see previous definition of '_MISMATCHED_ALLOCATOR_MESSAGE'
  
  ColorPalette.cpp
  _WIN32_WINNT not defined. Defaulting to _WIN32_WINNT_MAXVER (see WinSDKVer.h)
C:\Program Files\Microsoft Visual Studio\2022\Community\VC\Tools\MSVC\14.39.33519\include\yvals_core.h(880,1): warning C4005: '_MSVC_STL_VERSION': macro redefinition [C:\originalhr2\HoverRaceAI\NetTarget\VideoServices\VideoServices.vcxproj]
  (compiling source file 'ColorPalette.cpp')
  C:\Program Files\Microsoft Visual Studio\2022\Community\SDK\ScopeCppSDK\vc15\VC\include\yvals.h(156,1):
  see previous definition of '_MSVC_STL_VERSION'
  
C:\Program Files\Microsoft Visual Studio\2022\Community\VC\Tools\MSVC\14.39.33519\include\yvals_core.h(881,1): warning C4005: '_MSVC_STL_UPDATE': macro redefinition [C:\originalhr2\HoverRaceAI\NetTarget\VideoServices\VideoServices.vcxproj]
  (compiling source file 'ColorPalette.cpp')
  C:\Program Files\Microsoft Visual Studio\2022\Community\SDK\ScopeCppSDK\vc15\VC\include\yvals.h(157,1):
  see previous definition of '_MSVC_STL_UPDATE'
  
C:\Program Files\Microsoft Visual Studio\2022\Community\VC\Tools\MSVC\14.39.33519\include\yvals_core.h(1000,1): warning C4005: '_DEPRECATE_TR1_NAMESPACE': macro redefinition [C:\originalhr2\HoverRaceAI\NetTarget\VideoServices\VideoServices.vcxproj]
  (compiling source file 'ColorPalette.cpp')
  C:\Program Files\Microsoft Visual Studio\2022\Community\SDK\ScopeCppSDK\vc15\VC\include\yvals.h(247,1):
  see previous definition of '_DEPRECATE_TR1_NAMESPACE'
  
C:\Program Files\Microsoft Visual Studio\2022\Community\VC\Tools\MSVC\14.39.33519\include\yvals_core.h(1014,1): warning C4005: '_MISMATCHED_ALLOCATOR_MESSAGE': macro redefinition [C:\originalhr2\HoverRaceAI\NetTarget\VideoServices\VideoServices.vcxproj]
  (compiling source file 'ColorPalette.cpp')
  C:\Program Files\Microsoft Visual Studio\2022\Community\SDK\ScopeCppSDK\vc15\VC\include\yvals.h(303,1):
  see previous definition of '_MISMATCHED_ALLOCATOR_MESSAGE'
  
C:\originalhr2\HoverRaceAI\NetTarget\VideoServices\ColorPalette.cpp(83,56): warning C4244: '=': conversion from 'int' to 'BYTE', possible loss of data [C:\originalhr2\HoverRaceAI\NetTarget\VideoServices\VideoServices.vcxproj]
  ColorTab.cpp
  _WIN32_WINNT not defined. Defaulting to _WIN32_WINNT_MAXVER (see WinSDKVer.h)
C:\Program Files\Microsoft Visual Studio\2022\Community\VC\Tools\MSVC\14.39.33519\include\yvals_core.h(880,1): warning C4005: '_MSVC_STL_VERSION': macro redefinition [C:\originalhr2\HoverRaceAI\NetTarget\VideoServices\VideoServices.vcxproj]
  (compiling source file 'ColorTab.cpp')
  C:\Program Files\Microsoft Visual Studio\2022\Community\SDK\ScopeCppSDK\vc15\VC\include\yvals.h(156,1):
  see previous definition of '_MSVC_STL_VERSION'
  
C:\Program Files\Microsoft Visual Studio\2022\Community\VC\Tools\MSVC\14.39.33519\include\yvals_core.h(881,1): warning C4005: '_MSVC_STL_UPDATE': macro redefinition [C:\originalhr2\HoverRaceAI\NetTarget\VideoServices\VideoServices.vcxproj]
  (compiling source file 'ColorTab.cpp')
  C:\Program Files\Microsoft Visual Studio\2022\Community\SDK\ScopeCppSDK\vc15\VC\include\yvals.h(157,1):
  see previous definition of '_MSVC_STL_UPDATE'
  
C:\Program Files\Microsoft Visual Studio\2022\Community\VC\Tools\MSVC\14.39.33519\include\yvals_core.h(1000,1): warning C4005: '_DEPRECATE_TR1_NAMESPACE': macro redefinition [C:\originalhr2\HoverRaceAI\NetTarget\VideoServices\VideoServices.vcxproj]
  (compiling source file 'ColorTab.cpp')
  C:\Program Files\Microsoft Visual Studio\2022\Community\SDK\ScopeCppSDK\vc15\VC\include\yvals.h(247,1):
  see previous definition of '_DEPRECATE_TR1_NAMESPACE'
  
C:\Program Files\Microsoft Visual Studio\2022\Community\VC\Tools\MSVC\14.39.33519\include\yvals_core.h(1014,1): warning C4005: '_MISMATCHED_ALLOCATOR_MESSAGE': macro redefinition [C:\originalhr2\HoverRaceAI\NetTarget\VideoServices\VideoServices.vcxproj]
  (compiling source file 'ColorTab.cpp')
  C:\Program Files\Microsoft Visual Studio\2022\Community\SDK\ScopeCppSDK\vc15\VC\include\yvals.h(303,1):
  see previous definition of '_MISMATCHED_ALLOCATOR_MESSAGE'
  
  Patch.cpp
C:\Program Files\Microsoft Visual Studio\2022\Community\VC\Tools\MSVC\14.39.33519\include\yvals_core.h(880,1): warning C4005: '_MSVC_STL_VERSION': macro redefinition [C:\originalhr2\HoverRaceAI\NetTarget\VideoServices\VideoServices.vcxproj]
  (compiling source file 'Patch.cpp')
  C:\Program Files\Microsoft Visual Studio\2022\Community\SDK\ScopeCppSDK\vc15\VC\include\yvals.h(156,1):
  see previous definition of '_MSVC_STL_VERSION'
  
C:\Program Files\Microsoft Visual Studio\2022\Community\VC\Tools\MSVC\14.39.33519\include\yvals_core.h(881,1): warning C4005: '_MSVC_STL_UPDATE': macro redefinition [C:\originalhr2\HoverRaceAI\NetTarget\VideoServices\VideoServices.vcxproj]
  (compiling source file 'Patch.cpp')
  C:\Program Files\Microsoft Visual Studio\2022\Community\SDK\ScopeCppSDK\vc15\VC\include\yvals.h(157,1):
  see previous definition of '_MSVC_STL_UPDATE'
  
C:\Program Files\Microsoft Visual Studio\2022\Community\VC\Tools\MSVC\14.39.33519\include\yvals_core.h(1000,1): warning C4005: '_DEPRECATE_TR1_NAMESPACE': macro redefinition [C:\originalhr2\HoverRaceAI\NetTarget\VideoServices\VideoServices.vcxproj]
  (compiling source file 'Patch.cpp')
  C:\Program Files\Microsoft Visual Studio\2022\Community\SDK\ScopeCppSDK\vc15\VC\include\yvals.h(247,1):
  see previous definition of '_DEPRECATE_TR1_NAMESPACE'
  
C:\Program Files\Microsoft Visual Studio\2022\Community\VC\Tools\MSVC\14.39.33519\include\yvals_core.h(1014,1): warning C4005: '_MISMATCHED_ALLOCATOR_MESSAGE': macro redefinition [C:\originalhr2\HoverRaceAI\NetTarget\VideoServices\VideoServices.vcxproj]
  (compiling source file 'Patch.cpp')
  C:\Program Files\Microsoft Visual Studio\2022\Community\SDK\ScopeCppSDK\vc15\VC\include\yvals.h(303,1):
  see previous definition of '_MISMATCHED_ALLOCATOR_MESSAGE'
  
  SoundServer.cpp
  _WIN32_WINNT not defined. Defaulting to _WIN32_WINNT_MAXVER (see WinSDKVer.h)
C:\Program Files\Microsoft Visual Studio\2022\Community\VC\Tools\MSVC\14.39.33519\include\yvals_core.h(880,1): warning C4005: '_MSVC_STL_VERSION': macro redefinition [C:\originalhr2\HoverRaceAI\NetTarget\VideoServices\VideoServices.vcxproj]
  (compiling source file 'SoundServer.cpp')
  C:\Program Files\Microsoft Visual Studio\2022\Community\SDK\ScopeCppSDK\vc15\VC\include\yvals.h(156,1):
  see previous definition of '_MSVC_STL_VERSION'
  
C:\Program Files\Microsoft Visual Studio\2022\Community\VC\Tools\MSVC\14.39.33519\include\yvals_core.h(881,1): warning C4005: '_MSVC_STL_UPDATE': macro redefinition [C:\originalhr2\HoverRaceAI\NetTarget\VideoServices\VideoServices.vcxproj]
  (compiling source file 'SoundServer.cpp')
  C:\Program Files\Microsoft Visual Studio\2022\Community\SDK\ScopeCppSDK\vc15\VC\include\yvals.h(157,1):
  see previous definition of '_MSVC_STL_UPDATE'
  
C:\Program Files\Microsoft Visual Studio\2022\Community\VC\Tools\MSVC\14.39.33519\include\yvals_core.h(1000,1): warning C4005: '_DEPRECATE_TR1_NAMESPACE': macro redefinition [C:\originalhr2\HoverRaceAI\NetTarget\VideoServices\VideoServices.vcxproj]
  (compiling source file 'SoundServer.cpp')
  C:\Program Files\Microsoft Visual Studio\2022\Community\SDK\ScopeCppSDK\vc15\VC\include\yvals.h(247,1):
  see previous definition of '_DEPRECATE_TR1_NAMESPACE'
  
C:\Program Files\Microsoft Visual Studio\2022\Community\VC\Tools\MSVC\14.39.33519\include\yvals_core.h(1014,1): warning C4005: '_MISMATCHED_ALLOCATOR_MESSAGE': macro redefinition [C:\originalhr2\HoverRaceAI\NetTarget\VideoServices\VideoServices.vcxproj]
  (compiling source file 'SoundServer.cpp')
  C:\Program Files\Microsoft Visual Studio\2022\Community\SDK\ScopeCppSDK\vc15\VC\include\yvals.h(303,1):
  see previous definition of '_MISMATCHED_ALLOCATOR_MESSAGE'
  
C:\originalhr2\HoverRaceAI\NetTarget\VideoServices\SoundServer.cpp(264,23): warning C4996: 'fopen': This function or variable may be unsafe. Consider using fopen_s instead. To disable deprecation, use _CRT_SECURE_NO_WARNINGS. See online help for details. [C:\originalhr2\HoverRaceAI\NetTarget\VideoServices\VideoServices.vcxproj]
C:\originalhr2\HoverRaceAI\NetTarget\VideoServices\SoundServer.cpp(358,26): warning C4996: 'fopen': This function or variable may be unsafe. Consider using fopen_s instead. To disable deprecation, use _CRT_SECURE_NO_WARNINGS. See online help for details. [C:\originalhr2\HoverRaceAI\NetTarget\VideoServices\VideoServices.vcxproj]
C:\originalhr2\HoverRaceAI\NetTarget\VideoServices\SoundServer.cpp(505,24): warning C4996: 'fopen': This function or variable may be unsafe. Consider using fopen_s instead. To disable deprecation, use _CRT_SECURE_NO_WARNINGS. See online help for details. [C:\originalhr2\HoverRaceAI\NetTarget\VideoServices\VideoServices.vcxproj]
C:\originalhr2\HoverRaceAI\NetTarget\VideoServices\SoundServer.cpp(598,23): warning C4996: 'fopen': This function or variable may be unsafe. Consider using fopen_s instead. To disable deprecation, use _CRT_SECURE_NO_WARNINGS. See online help for details. [C:\originalhr2\HoverRaceAI\NetTarget\VideoServices\VideoServices.vcxproj]
C:\originalhr2\HoverRaceAI\NetTarget\VideoServices\SoundServer.cpp(501,33): warning C4100: 'pWindow': unreferenced formal parameter [C:\originalhr2\HoverRaceAI\NetTarget\VideoServices\VideoServices.vcxproj]
C:\originalhr2\HoverRaceAI\NetTarget\VideoServices\SoundServer.cpp(723,26): warning C4996: 'fopen': This function or variable may be unsafe. Consider using fopen_s instead. To disable deprecation, use _CRT_SECURE_NO_WARNINGS. See online help for details. [C:\originalhr2\HoverRaceAI\NetTarget\VideoServices\VideoServices.vcxproj]
C:\originalhr2\HoverRaceAI\NetTarget\VideoServices\SoundServer.cpp(744,29): warning C4996: 'fopen': This function or variable may be unsafe. Consider using fopen_s instead. To disable deprecation, use _CRT_SECURE_NO_WARNINGS. See online help for details. [C:\originalhr2\HoverRaceAI\NetTarget\VideoServices\VideoServices.vcxproj]
  Sprite.cpp
  _WIN32_WINNT not defined. Defaulting to _WIN32_WINNT_MAXVER (see WinSDKVer.h)
C:\Program Files\Microsoft Visual Studio\2022\Community\VC\Tools\MSVC\14.39.33519\include\yvals_core.h(880,1): warning C4005: '_MSVC_STL_VERSION': macro redefinition [C:\originalhr2\HoverRaceAI\NetTarget\VideoServices\VideoServices.vcxproj]
  (compiling source file 'Sprite.cpp')
  C:\Program Files\Microsoft Visual Studio\2022\Community\SDK\ScopeCppSDK\vc15\VC\include\yvals.h(156,1):
  see previous definition of '_MSVC_STL_VERSION'
  
C:\Program Files\Microsoft Visual Studio\2022\Community\VC\Tools\MSVC\14.39.33519\include\yvals_core.h(881,1): warning C4005: '_MSVC_STL_UPDATE': macro redefinition [C:\originalhr2\HoverRaceAI\NetTarget\VideoServices\VideoServices.vcxproj]
  (compiling source file 'Sprite.cpp')
  C:\Program Files\Microsoft Visual Studio\2022\Community\SDK\ScopeCppSDK\vc15\VC\include\yvals.h(157,1):
  see previous definition of '_MSVC_STL_UPDATE'
  
C:\Program Files\Microsoft Visual Studio\2022\Community\VC\Tools\MSVC\14.39.33519\include\yvals_core.h(1000,1): warning C4005: '_DEPRECATE_TR1_NAMESPACE': macro redefinition [C:\originalhr2\HoverRaceAI\NetTarget\VideoServices\VideoServices.vcxproj]
  (compiling source file 'Sprite.cpp')
  C:\Program Files\Microsoft Visual Studio\2022\Community\SDK\ScopeCppSDK\vc15\VC\include\yvals.h(247,1):
  see previous definition of '_DEPRECATE_TR1_NAMESPACE'
  
C:\Program Files\Microsoft Visual Studio\2022\Community\VC\Tools\MSVC\14.39.33519\include\yvals_core.h(1014,1): warning C4005: '_MISMATCHED_ALLOCATOR_MESSAGE': macro redefinition [C:\originalhr2\HoverRaceAI\NetTarget\VideoServices\VideoServices.vcxproj]
  (compiling source file 'Sprite.cpp')
  C:\Program Files\Microsoft Visual Studio\2022\Community\SDK\ScopeCppSDK\vc15\VC\include\yvals.h(303,1):
  see previous definition of '_MISMATCHED_ALLOCATOR_MESSAGE'
  
  StdAfx.cpp
  _WIN32_WINNT not defined. Defaulting to _WIN32_WINNT_MAXVER (see WinSDKVer.h)
C:\Program Files\Microsoft Visual Studio\2022\Community\VC\Tools\MSVC\14.39.33519\include\yvals_core.h(880,1): warning C4005: '_MSVC_STL_VERSION': macro redefinition [C:\originalhr2\HoverRaceAI\NetTarget\VideoServices\VideoServices.vcxproj]
  (compiling source file 'StdAfx.cpp')
  C:\Program Files\Microsoft Visual Studio\2022\Community\SDK\ScopeCppSDK\vc15\VC\include\yvals.h(156,1):
  see previous definition of '_MSVC_STL_VERSION'
  
C:\Program Files\Microsoft Visual Studio\2022\Community\VC\Tools\MSVC\14.39.33519\include\yvals_core.h(881,1): warning C4005: '_MSVC_STL_UPDATE': macro redefinition [C:\originalhr2\HoverRaceAI\NetTarget\VideoServices\VideoServices.vcxproj]
  (compiling source file 'StdAfx.cpp')
  C:\Program Files\Microsoft Visual Studio\2022\Community\SDK\ScopeCppSDK\vc15\VC\include\yvals.h(157,1):
  see previous definition of '_MSVC_STL_UPDATE'
  
C:\Program Files\Microsoft Visual Studio\2022\Community\VC\Tools\MSVC\14.39.33519\include\yvals_core.h(1000,1): warning C4005: '_DEPRECATE_TR1_NAMESPACE': macro redefinition [C:\originalhr2\HoverRaceAI\NetTarget\VideoServices\VideoServices.vcxproj]
  (compiling source file 'StdAfx.cpp')
  C:\Program Files\Microsoft Visual Studio\2022\Community\SDK\ScopeCppSDK\vc15\VC\include\yvals.h(247,1):
  see previous definition of '_DEPRECATE_TR1_NAMESPACE'
  
C:\Program Files\Microsoft Visual Studio\2022\Community\VC\Tools\MSVC\14.39.33519\include\yvals_core.h(1014,1): warning C4005: '_MISMATCHED_ALLOCATOR_MESSAGE': macro redefinition [C:\originalhr2\HoverRaceAI\NetTarget\VideoServices\VideoServices.vcxproj]
  (compiling source file 'StdAfx.cpp')
  C:\Program Files\Microsoft Visual Studio\2022\Community\SDK\ScopeCppSDK\vc15\VC\include\yvals.h(303,1):
  see previous definition of '_MISMATCHED_ALLOCATOR_MESSAGE'
  
  VideoBuffer.cpp
  _WIN32_WINNT not defined. Defaulting to _WIN32_WINNT_MAXVER (see WinSDKVer.h)
C:\Program Files\Microsoft Visual Studio\2022\Community\VC\Tools\MSVC\14.39.33519\include\yvals_core.h(880,1): warning C4005: '_MSVC_STL_VERSION': macro redefinition [C:\originalhr2\HoverRaceAI\NetTarget\VideoServices\VideoServices.vcxproj]
  (compiling source file 'VideoBuffer.cpp')
  C:\Program Files\Microsoft Visual Studio\2022\Community\SDK\ScopeCppSDK\vc15\VC\include\yvals.h(156,1):
  see previous definition of '_MSVC_STL_VERSION'
  
C:\Program Files\Microsoft Visual Studio\2022\Community\VC\Tools\MSVC\14.39.33519\include\yvals_core.h(881,1): warning C4005: '_MSVC_STL_UPDATE': macro redefinition [C:\originalhr2\HoverRaceAI\NetTarget\VideoServices\VideoServices.vcxproj]
  (compiling source file 'VideoBuffer.cpp')
  C:\Program Files\Microsoft Visual Studio\2022\Community\SDK\ScopeCppSDK\vc15\VC\include\yvals.h(157,1):
  see previous definition of '_MSVC_STL_UPDATE'
  
C:\Program Files\Microsoft Visual Studio\2022\Community\VC\Tools\MSVC\14.39.33519\include\yvals_core.h(1000,1): warning C4005: '_DEPRECATE_TR1_NAMESPACE': macro redefinition [C:\originalhr2\HoverRaceAI\NetTarget\VideoServices\VideoServices.vcxproj]
  (compiling source file 'VideoBuffer.cpp')
  C:\Program Files\Microsoft Visual Studio\2022\Community\SDK\ScopeCppSDK\vc15\VC\include\yvals.h(247,1):
  see previous definition of '_DEPRECATE_TR1_NAMESPACE'
  
C:\Program Files\Microsoft Visual Studio\2022\Community\VC\Tools\MSVC\14.39.33519\include\yvals_core.h(1014,1): warning C4005: '_MISMATCHED_ALLOCATOR_MESSAGE': macro redefinition [C:\originalhr2\HoverRaceAI\NetTarget\VideoServices\VideoServices.vcxproj]
  (compiling source file 'VideoBuffer.cpp')
  C:\Program Files\Microsoft Visual Studio\2022\Community\SDK\ScopeCppSDK\vc15\VC\include\yvals.h(303,1):
  see previous definition of '_MISMATCHED_ALLOCATOR_MESSAGE'
  
C:\originalhr2\HoverRaceAI\NetTarget\VideoServices\VideoBuffer.cpp(515,26): warning C4996: 'fopen': This function or variable may be unsafe. Consider using fopen_s instead. To disable deprecation, use _CRT_SECURE_NO_WARNINGS. See online help for details. [C:\originalhr2\HoverRaceAI\NetTarget\VideoServices\VideoServices.vcxproj]
C:\originalhr2\HoverRaceAI\NetTarget\VideoServices\VideoBuffer.cpp(693,20): warning C4996: 'fopen': This function or variable may be unsafe. Consider using fopen_s instead. To disable deprecation, use _CRT_SECURE_NO_WARNINGS. See online help for details. [C:\originalhr2\HoverRaceAI\NetTarget\VideoServices\VideoServices.vcxproj]
C:\originalhr2\HoverRaceAI\NetTarget\VideoServices\VideoBuffer.cpp(672,20): warning C4101: 'lReturnValue': unreferenced local variable [C:\originalhr2\HoverRaceAI\NetTarget\VideoServices\VideoServices.vcxproj]
C:\originalhr2\HoverRaceAI\NetTarget\VideoServices\VideoBuffer.cpp(673,20): warning C4101: 'lSurfaceDesc': unreferenced local variable [C:\originalhr2\HoverRaceAI\NetTarget\VideoServices\VideoServices.vcxproj]
C:\originalhr2\HoverRaceAI\NetTarget\VideoServices\VideoBuffer.cpp(1011,23): warning C4996: 'fopen': This function or variable may be unsafe. Consider using fopen_s instead. To disable deprecation, use _CRT_SECURE_NO_WARNINGS. See online help for details. [C:\originalhr2\HoverRaceAI\NetTarget\VideoServices\VideoServices.vcxproj]
C:\originalhr2\HoverRaceAI\NetTarget\VideoServices\VideoBuffer.cpp(1024,23): warning C4996: 'fopen': This function or variable may be unsafe. Consider using fopen_s instead. To disable deprecation, use _CRT_SECURE_NO_WARNINGS. See online help for details. [C:\originalhr2\HoverRaceAI\NetTarget\VideoServices\VideoServices.vcxproj]
C:\originalhr2\HoverRaceAI\NetTarget\VideoServices\VideoBuffer.cpp(1037,23): warning C4996: 'fopen': This function or variable may be unsafe. Consider using fopen_s instead. To disable deprecation, use _CRT_SECURE_NO_WARNINGS. See online help for details. [C:\originalhr2\HoverRaceAI\NetTarget\VideoServices\VideoServices.vcxproj]
C:\originalhr2\HoverRaceAI\NetTarget\VideoServices\VideoBuffer.cpp(1045,20): warning C4996: 'fopen': This function or variable may be unsafe. Consider using fopen_s instead. To disable deprecation, use _CRT_SECURE_NO_WARNINGS. See online help for details. [C:\originalhr2\HoverRaceAI\NetTarget\VideoServices\VideoServices.vcxproj]
C:\originalhr2\HoverRaceAI\NetTarget\VideoServices\VideoBuffer.cpp(1000,12): warning C4101: 'lErrorCode': unreferenced local variable [C:\originalhr2\HoverRaceAI\NetTarget\VideoServices\VideoServices.vcxproj]
C:\originalhr2\HoverRaceAI\NetTarget\VideoServices\VideoBuffer.cpp(1136,21): warning C4996: 'fopen': This function or variable may be unsafe. Consider using fopen_s instead. To disable deprecation, use _CRT_SECURE_NO_WARNINGS. See online help for details. [C:\originalhr2\HoverRaceAI\NetTarget\VideoServices\VideoServices.vcxproj]
C:\originalhr2\HoverRaceAI\NetTarget\VideoServices\VideoBuffer.cpp(1151,20): warning C4996: 'fopen': This function or variable may be unsafe. Consider using fopen_s instead. To disable deprecation, use _CRT_SECURE_NO_WARNINGS. See online help for details. [C:\originalhr2\HoverRaceAI\NetTarget\VideoServices\VideoServices.vcxproj]
C:\originalhr2\HoverRaceAI\NetTarget\VideoServices\VideoBuffer.cpp(1168,24): warning C4996: 'fopen': This function or variable may be unsafe. Consider using fopen_s instead. To disable deprecation, use _CRT_SECURE_NO_WARNINGS. See online help for details. [C:\originalhr2\HoverRaceAI\NetTarget\VideoServices\VideoServices.vcxproj]
C:\originalhr2\HoverRaceAI\NetTarget\VideoServices\VideoBuffer.cpp(1180,27): warning C4996: 'fopen': This function or variable may be unsafe. Consider using fopen_s instead. To disable deprecation, use _CRT_SECURE_NO_WARNINGS. See online help for details. [C:\originalhr2\HoverRaceAI\NetTarget\VideoServices\VideoServices.vcxproj]
C:\originalhr2\HoverRaceAI\NetTarget\VideoServices\VideoBuffer.cpp(1190,27): warning C4996: 'fopen': This function or variable may be unsafe. Consider using fopen_s instead. To disable deprecation, use _CRT_SECURE_NO_WARNINGS. See online help for details. [C:\originalhr2\HoverRaceAI\NetTarget\VideoServices\VideoServices.vcxproj]
C:\originalhr2\HoverRaceAI\NetTarget\VideoServices\VideoBuffer.cpp(1199,27): warning C4996: 'fopen': This function or variable may be unsafe. Consider using fopen_s instead. To disable deprecation, use _CRT_SECURE_NO_WARNINGS. See online help for details. [C:\originalhr2\HoverRaceAI\NetTarget\VideoServices\VideoServices.vcxproj]
  VideoBuffer2DDraw.cpp
  _WIN32_WINNT not defined. Defaulting to _WIN32_WINNT_MAXVER (see WinSDKVer.h)
C:\Program Files\Microsoft Visual Studio\2022\Community\VC\Tools\MSVC\14.39.33519\include\yvals_core.h(880,1): warning C4005: '_MSVC_STL_VERSION': macro redefinition [C:\originalhr2\HoverRaceAI\NetTarget\VideoServices\VideoServices.vcxproj]
  (compiling source file 'VideoBuffer2DDraw.cpp')
  C:\Program Files\Microsoft Visual Studio\2022\Community\SDK\ScopeCppSDK\vc15\VC\include\yvals.h(156,1):
  see previous definition of '_MSVC_STL_VERSION'
  
C:\Program Files\Microsoft Visual Studio\2022\Community\VC\Tools\MSVC\14.39.33519\include\yvals_core.h(881,1): warning C4005: '_MSVC_STL_UPDATE': macro redefinition [C:\originalhr2\HoverRaceAI\NetTarget\VideoServices\VideoServices.vcxproj]
  (compiling source file 'VideoBuffer2DDraw.cpp')
  C:\Program Files\Microsoft Visual Studio\2022\Community\SDK\ScopeCppSDK\vc15\VC\include\yvals.h(157,1):
  see previous definition of '_MSVC_STL_UPDATE'
  
C:\Program Files\Microsoft Visual Studio\2022\Community\VC\Tools\MSVC\14.39.33519\include\yvals_core.h(1000,1): warning C4005: '_DEPRECATE_TR1_NAMESPACE': macro redefinition [C:\originalhr2\HoverRaceAI\NetTarget\VideoServices\VideoServices.vcxproj]
  (compiling source file 'VideoBuffer2DDraw.cpp')
  C:\Program Files\Microsoft Visual Studio\2022\Community\SDK\ScopeCppSDK\vc15\VC\include\yvals.h(247,1):
  see previous definition of '_DEPRECATE_TR1_NAMESPACE'
  
C:\Program Files\Microsoft Visual Studio\2022\Community\VC\Tools\MSVC\14.39.33519\include\yvals_core.h(1014,1): warning C4005: '_MISMATCHED_ALLOCATOR_MESSAGE': macro redefinition [C:\originalhr2\HoverRaceAI\NetTarget\VideoServices\VideoServices.vcxproj]
  (compiling source file 'VideoBuffer2DDraw.cpp')
  C:\Program Files\Microsoft Visual Studio\2022\Community\SDK\ScopeCppSDK\vc15\VC\include\yvals.h(303,1):
  see previous definition of '_MISMATCHED_ALLOCATOR_MESSAGE'
  
  SDL2Graphics.cpp
C:\originalhr2\HoverRaceAI\NetTarget\GraphicsSDL2\SDL2Graphics.cpp(114,21): warning C4996: 'fopen': This function or variable may be unsafe. Consider using fopen_s instead. To disable deprecation, use _CRT_SECURE_NO_WARNINGS. See online help for details. [C:\originalhr2\HoverRaceAI\NetTarget\VideoServices\VideoServices.vcxproj]
C:\originalhr2\HoverRaceAI\NetTarget\GraphicsSDL2\SDL2Graphics.cpp(124,17): warning C4996: 'fopen': This function or variable may be unsafe. Consider using fopen_s instead. To disable deprecation, use _CRT_SECURE_NO_WARNINGS. See online help for details. [C:\originalhr2\HoverRaceAI\NetTarget\VideoServices\VideoServices.vcxproj]
C:\originalhr2\HoverRaceAI\NetTarget\GraphicsSDL2\SDL2Graphics.cpp(165,26): warning C4996: 'fopen': This function or variable may be unsafe. Consider using fopen_s instead. To disable deprecation, use _CRT_SECURE_NO_WARNINGS. See online help for details. [C:\originalhr2\HoverRaceAI\NetTarget\VideoServices\VideoServices.vcxproj]
C:\originalhr2\HoverRaceAI\NetTarget\GraphicsSDL2\SDL2Graphics.cpp(186,26): warning C4996: 'fopen': This function or variable may be unsafe. Consider using fopen_s instead. To disable deprecation, use _CRT_SECURE_NO_WARNINGS. See online help for details. [C:\originalhr2\HoverRaceAI\NetTarget\VideoServices\VideoServices.vcxproj]
C:\originalhr2\HoverRaceAI\NetTarget\GraphicsSDL2\SDL2Graphics.cpp(218,21): warning C4996: 'fopen': This function or variable may be unsafe. Consider using fopen_s instead. To disable deprecation, use _CRT_SECURE_NO_WARNINGS. See online help for details. [C:\originalhr2\HoverRaceAI\NetTarget\VideoServices\VideoServices.vcxproj]
C:\originalhr2\HoverRaceAI\NetTarget\GraphicsSDL2\SDL2Graphics.cpp(298,25): warning C4996: 'fopen': This function or variable may be unsafe. Consider using fopen_s instead. To disable deprecation, use _CRT_SECURE_NO_WARNINGS. See online help for details. [C:\originalhr2\HoverRaceAI\NetTarget\VideoServices\VideoServices.vcxproj]
  VideoBufferSDL2Adapter.cpp
  VideoBufferSDL2Integration.cpp
  _WIN32_WINNT not defined. Defaulting to _WIN32_WINNT_MAXVER (see WinSDKVer.h)
C:\Program Files\Microsoft Visual Studio\2022\Community\VC\Tools\MSVC\14.39.33519\include\yvals_core.h(880,1): warning C4005: '_MSVC_STL_VERSION': macro redefinition [C:\originalhr2\HoverRaceAI\NetTarget\VideoServices\VideoServices.vcxproj]
  (compiling source file 'VideoBufferSDL2Integration.cpp')
  C:\Program Files\Microsoft Visual Studio\2022\Community\SDK\ScopeCppSDK\vc15\VC\include\yvals.h(156,1):
  see previous definition of '_MSVC_STL_VERSION'
  
C:\Program Files\Microsoft Visual Studio\2022\Community\VC\Tools\MSVC\14.39.33519\include\yvals_core.h(881,1): warning C4005: '_MSVC_STL_UPDATE': macro redefinition [C:\originalhr2\HoverRaceAI\NetTarget\VideoServices\VideoServices.vcxproj]
  (compiling source file 'VideoBufferSDL2Integration.cpp')
  C:\Program Files\Microsoft Visual Studio\2022\Community\SDK\ScopeCppSDK\vc15\VC\include\yvals.h(157,1):
  see previous definition of '_MSVC_STL_UPDATE'
  
C:\Program Files\Microsoft Visual Studio\2022\Community\VC\Tools\MSVC\14.39.33519\include\yvals_core.h(1000,1): warning C4005: '_DEPRECATE_TR1_NAMESPACE': macro redefinition [C:\originalhr2\HoverRaceAI\NetTarget\VideoServices\VideoServices.vcxproj]
  (compiling source file 'VideoBufferSDL2Integration.cpp')
  C:\Program Files\Microsoft Visual Studio\2022\Community\SDK\ScopeCppSDK\vc15\VC\include\yvals.h(247,1):
  see previous definition of '_DEPRECATE_TR1_NAMESPACE'
  
C:\Program Files\Microsoft Visual Studio\2022\Community\VC\Tools\MSVC\14.39.33519\include\yvals_core.h(1014,1): warning C4005: '_MISMATCHED_ALLOCATOR_MESSAGE': macro redefinition [C:\originalhr2\HoverRaceAI\NetTarget\VideoServices\VideoServices.vcxproj]
  (compiling source file 'VideoBufferSDL2Integration.cpp')
  C:\Program Files\Microsoft Visual Studio\2022\Community\SDK\ScopeCppSDK\vc15\VC\include\yvals.h(303,1):
  see previous definition of '_MISMATCHED_ALLOCATOR_MESSAGE'
  
  alstub.cpp
C:\originalhr2\HoverRaceAI\OpenAL\alstub.cpp(26,15): warning C4996: 'fopen': This function or variable may be unsafe. Consider using fopen_s instead. To disable deprecation, use _CRT_SECURE_NO_WARNINGS. See online help for details. [C:\originalhr2\HoverRaceAI\NetTarget\VideoServices\VideoServices.vcxproj]
C:\originalhr2\HoverRaceAI\OpenAL\alstub.cpp(143,21): warning C4244: '=': conversion from 'int' to 'WORD', possible loss of data [C:\originalhr2\HoverRaceAI\NetTarget\VideoServices\VideoServices.vcxproj]
C:\originalhr2\HoverRaceAI\OpenAL\alstub.cpp(145,26): warning C4244: '=': conversion from 'int' to 'WORD', possible loss of data [C:\originalhr2\HoverRaceAI\NetTarget\VideoServices\VideoServices.vcxproj]
C:\originalhr2\HoverRaceAI\OpenAL\alstub.cpp(335,88): warning C4100: 'value3': unreferenced formal parameter [C:\originalhr2\HoverRaceAI\NetTarget\VideoServices\VideoServices.vcxproj]
C:\originalhr2\HoverRaceAI\OpenAL\alstub.cpp(335,72): warning C4100: 'value2': unreferenced formal parameter [C:\originalhr2\HoverRaceAI\NetTarget\VideoServices\VideoServices.vcxproj]
C:\originalhr2\HoverRaceAI\OpenAL\alstub.cpp(335,56): warning C4100: 'value1': unreferenced formal parameter [C:\originalhr2\HoverRaceAI\NetTarget\VideoServices\VideoServices.vcxproj]
C:\originalhr2\HoverRaceAI\OpenAL\alstub.cpp(335,41): warning C4100: 'param': unreferenced formal parameter [C:\originalhr2\HoverRaceAI\NetTarget\VideoServices\VideoServices.vcxproj]
C:\originalhr2\HoverRaceAI\OpenAL\alstub.cpp(335,26): warning C4100: 'source': unreferenced formal parameter [C:\originalhr2\HoverRaceAI\NetTarget\VideoServices\VideoServices.vcxproj]
C:\originalhr2\HoverRaceAI\OpenAL\alstub.cpp(524,41): warning C4100: 'devicename': unreferenced formal parameter [C:\originalhr2\HoverRaceAI\NetTarget\VideoServices\VideoServices.vcxproj]
C:\originalhr2\HoverRaceAI\OpenAL\alstub.cpp(535,38): warning C4100: 'device': unreferenced formal parameter [C:\originalhr2\HoverRaceAI\NetTarget\VideoServices\VideoServices.vcxproj]
C:\originalhr2\HoverRaceAI\OpenAL\alstub.cpp(544,63): warning C4100: 'attrlist': unreferenced formal parameter [C:\originalhr2\HoverRaceAI\NetTarget\VideoServices\VideoServices.vcxproj]
C:\originalhr2\HoverRaceAI\OpenAL\alstub.cpp(554,42): warning C4100: 'context': unreferenced formal parameter [C:\originalhr2\HoverRaceAI\NetTarget\VideoServices\VideoServices.vcxproj]
C:\originalhr2\HoverRaceAI\OpenAL\alstub.cpp(569,75): warning C4100: 'value3': unreferenced formal parameter [C:\originalhr2\HoverRaceAI\NetTarget\VideoServices\VideoServices.vcxproj]
C:\originalhr2\HoverRaceAI\OpenAL\alstub.cpp(569,59): warning C4100: 'value2': unreferenced formal parameter [C:\originalhr2\HoverRaceAI\NetTarget\VideoServices\VideoServices.vcxproj]
C:\originalhr2\HoverRaceAI\OpenAL\alstub.cpp(569,43): warning C4100: 'value1': unreferenced formal parameter [C:\originalhr2\HoverRaceAI\NetTarget\VideoServices\VideoServices.vcxproj]
C:\originalhr2\HoverRaceAI\OpenAL\alstub.cpp(569,28): warning C4100: 'param': unreferenced formal parameter [C:\originalhr2\HoverRaceAI\NetTarget\VideoServices\VideoServices.vcxproj]
C:\originalhr2\HoverRaceAI\OpenAL\alstub.cpp(570,50): warning C4100: 'values': unreferenced formal parameter [C:\originalhr2\HoverRaceAI\NetTarget\VideoServices\VideoServices.vcxproj]
C:\originalhr2\HoverRaceAI\OpenAL\alstub.cpp(570,28): warning C4100: 'param': unreferenced formal parameter [C:\originalhr2\HoverRaceAI\NetTarget\VideoServices\VideoServices.vcxproj]
C:\originalhr2\HoverRaceAI\OpenAL\alstub.cpp(571,42): warning C4100: 'value': unreferenced formal parameter [C:\originalhr2\HoverRaceAI\NetTarget\VideoServices\VideoServices.vcxproj]
C:\originalhr2\HoverRaceAI\OpenAL\alstub.cpp(571,27): warning C4100: 'param': unreferenced formal parameter [C:\originalhr2\HoverRaceAI\NetTarget\VideoServices\VideoServices.vcxproj]
C:\originalhr2\HoverRaceAI\OpenAL\alstub.cpp(572,40): warning C4100: 'value': unreferenced formal parameter [C:\originalhr2\HoverRaceAI\NetTarget\VideoServices\VideoServices.vcxproj]
C:\originalhr2\HoverRaceAI\OpenAL\alstub.cpp(572,27): warning C4100: 'param': unreferenced formal parameter [C:\originalhr2\HoverRaceAI\NetTarget\VideoServices\VideoServices.vcxproj]
C:\originalhr2\HoverRaceAI\OpenAL\alstub.cpp(573,69): warning C4100: 'value3': unreferenced formal parameter [C:\originalhr2\HoverRaceAI\NetTarget\VideoServices\VideoServices.vcxproj]
C:\originalhr2\HoverRaceAI\OpenAL\alstub.cpp(573,55): warning C4100: 'value2': unreferenced formal parameter [C:\originalhr2\HoverRaceAI\NetTarget\VideoServices\VideoServices.vcxproj]
C:\originalhr2\HoverRaceAI\OpenAL\alstub.cpp(573,41): warning C4100: 'value1': unreferenced formal parameter [C:\originalhr2\HoverRaceAI\NetTarget\VideoServices\VideoServices.vcxproj]
C:\originalhr2\HoverRaceAI\OpenAL\alstub.cpp(573,28): warning C4100: 'param': unreferenced formal parameter [C:\originalhr2\HoverRaceAI\NetTarget\VideoServices\VideoServices.vcxproj]
C:\originalhr2\HoverRaceAI\OpenAL\alstub.cpp(574,48): warning C4100: 'values': unreferenced formal parameter [C:\originalhr2\HoverRaceAI\NetTarget\VideoServices\VideoServices.vcxproj]
C:\originalhr2\HoverRaceAI\OpenAL\alstub.cpp(574,28): warning C4100: 'param': unreferenced formal parameter [C:\originalhr2\HoverRaceAI\NetTarget\VideoServices\VideoServices.vcxproj]
C:\originalhr2\HoverRaceAI\OpenAL\alstub.cpp(576,30): warning C4100: 'param': unreferenced formal parameter [C:\originalhr2\HoverRaceAI\NetTarget\VideoServices\VideoServices.vcxproj]
C:\originalhr2\HoverRaceAI\OpenAL\alstub.cpp(580,31): warning C4100: 'param': unreferenced formal parameter [C:\originalhr2\HoverRaceAI\NetTarget\VideoServices\VideoServices.vcxproj]
C:\originalhr2\HoverRaceAI\OpenAL\alstub.cpp(586,31): warning C4100: 'param': unreferenced formal parameter [C:\originalhr2\HoverRaceAI\NetTarget\VideoServices\VideoServices.vcxproj]
C:\originalhr2\HoverRaceAI\OpenAL\alstub.cpp(590,30): warning C4100: 'param': unreferenced formal parameter [C:\originalhr2\HoverRaceAI\NetTarget\VideoServices\VideoServices.vcxproj]
C:\originalhr2\HoverRaceAI\OpenAL\alstub.cpp(594,31): warning C4100: 'param': unreferenced formal parameter [C:\originalhr2\HoverRaceAI\NetTarget\VideoServices\VideoServices.vcxproj]
C:\originalhr2\HoverRaceAI\OpenAL\alstub.cpp(600,31): warning C4100: 'param': unreferenced formal parameter [C:\originalhr2\HoverRaceAI\NetTarget\VideoServices\VideoServices.vcxproj]
C:\originalhr2\HoverRaceAI\OpenAL\alstub.cpp(605,47): warning C4100: 'sources': unreferenced formal parameter [C:\originalhr2\HoverRaceAI\NetTarget\VideoServices\VideoServices.vcxproj]
C:\originalhr2\HoverRaceAI\OpenAL\alstub.cpp(605,30): warning C4100: 'n': unreferenced formal parameter [C:\originalhr2\HoverRaceAI\NetTarget\VideoServices\VideoServices.vcxproj]
C:\originalhr2\HoverRaceAI\OpenAL\alstub.cpp(606,47): warning C4100: 'sources': unreferenced formal parameter [C:\originalhr2\HoverRaceAI\NetTarget\VideoServices\VideoServices.vcxproj]
C:\originalhr2\HoverRaceAI\OpenAL\alstub.cpp(606,30): warning C4100: 'n': unreferenced formal parameter [C:\originalhr2\HoverRaceAI\NetTarget\VideoServices\VideoServices.vcxproj]
C:\originalhr2\HoverRaceAI\OpenAL\alstub.cpp(607,49): warning C4100: 'sources': unreferenced formal parameter [C:\originalhr2\HoverRaceAI\NetTarget\VideoServices\VideoServices.vcxproj]
C:\originalhr2\HoverRaceAI\OpenAL\alstub.cpp(607,32): warning C4100: 'n': unreferenced formal parameter [C:\originalhr2\HoverRaceAI\NetTarget\VideoServices\VideoServices.vcxproj]
C:\originalhr2\HoverRaceAI\OpenAL\alstub.cpp(608,48): warning C4100: 'sources': unreferenced formal parameter [C:\originalhr2\HoverRaceAI\NetTarget\VideoServices\VideoServices.vcxproj]
C:\originalhr2\HoverRaceAI\OpenAL\alstub.cpp(608,31): warning C4100: 'n': unreferenced formal parameter [C:\originalhr2\HoverRaceAI\NetTarget\VideoServices\VideoServices.vcxproj]
C:\originalhr2\HoverRaceAI\OpenAL\alstub.cpp(609,70): warning C4100: 'buffers': unreferenced formal parameter [C:\originalhr2\HoverRaceAI\NetTarget\VideoServices\VideoServices.vcxproj]
C:\originalhr2\HoverRaceAI\OpenAL\alstub.cpp(609,52): warning C4100: 'nb': unreferenced formal parameter [C:\originalhr2\HoverRaceAI\NetTarget\VideoServices\VideoServices.vcxproj]
C:\originalhr2\HoverRaceAI\OpenAL\alstub.cpp(609,36): warning C4100: 'source': unreferenced formal parameter [C:\originalhr2\HoverRaceAI\NetTarget\VideoServices\VideoServices.vcxproj]
C:\originalhr2\HoverRaceAI\OpenAL\alstub.cpp(610,66): warning C4100: 'buffers': unreferenced formal parameter [C:\originalhr2\HoverRaceAI\NetTarget\VideoServices\VideoServices.vcxproj]
C:\originalhr2\HoverRaceAI\OpenAL\alstub.cpp(610,54): warning C4100: 'nb': unreferenced formal parameter [C:\originalhr2\HoverRaceAI\NetTarget\VideoServices\VideoServices.vcxproj]
C:\originalhr2\HoverRaceAI\OpenAL\alstub.cpp(610,38): warning C4100: 'source': unreferenced formal parameter [C:\originalhr2\HoverRaceAI\NetTarget\VideoServices\VideoServices.vcxproj]
C:\originalhr2\HoverRaceAI\OpenAL\alstub.cpp(612,43): warning C4100: 'param': unreferenced formal parameter [C:\originalhr2\HoverRaceAI\NetTarget\VideoServices\VideoServices.vcxproj]
C:\originalhr2\HoverRaceAI\OpenAL\alstub.cpp(612,28): warning C4100: 'source': unreferenced formal parameter [C:\originalhr2\HoverRaceAI\NetTarget\VideoServices\VideoServices.vcxproj]
C:\originalhr2\HoverRaceAI\OpenAL\alstub.cpp(613,86): warning C4100: 'v3': unreferenced formal parameter [C:\originalhr2\HoverRaceAI\NetTarget\VideoServices\VideoServices.vcxproj]
C:\originalhr2\HoverRaceAI\OpenAL\alstub.cpp(613,73): warning C4100: 'v2': unreferenced formal parameter [C:\originalhr2\HoverRaceAI\NetTarget\VideoServices\VideoServices.vcxproj]
C:\originalhr2\HoverRaceAI\OpenAL\alstub.cpp(613,60): warning C4100: 'v1': unreferenced formal parameter [C:\originalhr2\HoverRaceAI\NetTarget\VideoServices\VideoServices.vcxproj]
C:\originalhr2\HoverRaceAI\OpenAL\alstub.cpp(613,44): warning C4100: 'param': unreferenced formal parameter [C:\originalhr2\HoverRaceAI\NetTarget\VideoServices\VideoServices.vcxproj]
C:\originalhr2\HoverRaceAI\OpenAL\alstub.cpp(613,29): warning C4100: 'source': unreferenced formal parameter [C:\originalhr2\HoverRaceAI\NetTarget\VideoServices\VideoServices.vcxproj]
C:\originalhr2\HoverRaceAI\OpenAL\alstub.cpp(614,60): warning C4100: 'values': unreferenced formal parameter [C:\originalhr2\HoverRaceAI\NetTarget\VideoServices\VideoServices.vcxproj]
C:\originalhr2\HoverRaceAI\OpenAL\alstub.cpp(614,44): warning C4100: 'param': unreferenced formal parameter [C:\originalhr2\HoverRaceAI\NetTarget\VideoServices\VideoServices.vcxproj]
C:\originalhr2\HoverRaceAI\OpenAL\alstub.cpp(614,29): warning C4100: 'source': unreferenced formal parameter [C:\originalhr2\HoverRaceAI\NetTarget\VideoServices\VideoServices.vcxproj]
C:\originalhr2\HoverRaceAI\OpenAL\alstub.cpp(690,80): warning C4100: 'v3': unreferenced formal parameter [C:\originalhr2\HoverRaceAI\NetTarget\VideoServices\VideoServices.vcxproj]
C:\originalhr2\HoverRaceAI\OpenAL\alstub.cpp(690,69): warning C4100: 'v2': unreferenced formal parameter [C:\originalhr2\HoverRaceAI\NetTarget\VideoServices\VideoServices.vcxproj]
C:\originalhr2\HoverRaceAI\OpenAL\alstub.cpp(690,58): warning C4100: 'v1': unreferenced formal parameter [C:\originalhr2\HoverRaceAI\NetTarget\VideoServices\VideoServices.vcxproj]
C:\originalhr2\HoverRaceAI\OpenAL\alstub.cpp(690,44): warning C4100: 'param': unreferenced formal parameter [C:\originalhr2\HoverRaceAI\NetTarget\VideoServices\VideoServices.vcxproj]
C:\originalhr2\HoverRaceAI\OpenAL\alstub.cpp(690,29): warning C4100: 'source': unreferenced formal parameter [C:\originalhr2\HoverRaceAI\NetTarget\VideoServices\VideoServices.vcxproj]
C:\originalhr2\HoverRaceAI\OpenAL\alstub.cpp(691,58): warning C4100: 'values': unreferenced formal parameter [C:\originalhr2\HoverRaceAI\NetTarget\VideoServices\VideoServices.vcxproj]
C:\originalhr2\HoverRaceAI\OpenAL\alstub.cpp(691,44): warning C4100: 'param': unreferenced formal parameter [C:\originalhr2\HoverRaceAI\NetTarget\VideoServices\VideoServices.vcxproj]
C:\originalhr2\HoverRaceAI\OpenAL\alstub.cpp(691,29): warning C4100: 'source': unreferenced formal parameter [C:\originalhr2\HoverRaceAI\NetTarget\VideoServices\VideoServices.vcxproj]
C:\originalhr2\HoverRaceAI\OpenAL\alstub.cpp(693,55): warning C4100: 'value': unreferenced formal parameter [C:\originalhr2\HoverRaceAI\NetTarget\VideoServices\VideoServices.vcxproj]
C:\originalhr2\HoverRaceAI\OpenAL\alstub.cpp(693,40): warning C4100: 'param': unreferenced formal parameter [C:\originalhr2\HoverRaceAI\NetTarget\VideoServices\VideoServices.vcxproj]
C:\originalhr2\HoverRaceAI\OpenAL\alstub.cpp(693,25): warning C4100: 'buffer': unreferenced formal parameter [C:\originalhr2\HoverRaceAI\NetTarget\VideoServices\VideoServices.vcxproj]
C:\originalhr2\HoverRaceAI\OpenAL\alstub.cpp(694,88): warning C4100: 'value3': unreferenced formal parameter [C:\originalhr2\HoverRaceAI\NetTarget\VideoServices\VideoServices.vcxproj]
C:\originalhr2\HoverRaceAI\OpenAL\alstub.cpp(694,72): warning C4100: 'value2': unreferenced formal parameter [C:\originalhr2\HoverRaceAI\NetTarget\VideoServices\VideoServices.vcxproj]
C:\originalhr2\HoverRaceAI\OpenAL\alstub.cpp(694,56): warning C4100: 'value1': unreferenced formal parameter [C:\originalhr2\HoverRaceAI\NetTarget\VideoServices\VideoServices.vcxproj]
C:\originalhr2\HoverRaceAI\OpenAL\alstub.cpp(694,41): warning C4100: 'param': unreferenced formal parameter [C:\originalhr2\HoverRaceAI\NetTarget\VideoServices\VideoServices.vcxproj]
C:\originalhr2\HoverRaceAI\OpenAL\alstub.cpp(694,26): warning C4100: 'buffer': unreferenced formal parameter [C:\originalhr2\HoverRaceAI\NetTarget\VideoServices\VideoServices.vcxproj]
C:\originalhr2\HoverRaceAI\OpenAL\alstub.cpp(695,63): warning C4100: 'values': unreferenced formal parameter [C:\originalhr2\HoverRaceAI\NetTarget\VideoServices\VideoServices.vcxproj]
C:\originalhr2\HoverRaceAI\OpenAL\alstub.cpp(695,41): warning C4100: 'param': unreferenced formal parameter [C:\originalhr2\HoverRaceAI\NetTarget\VideoServices\VideoServices.vcxproj]
C:\originalhr2\HoverRaceAI\OpenAL\alstub.cpp(695,26): warning C4100: 'buffer': unreferenced formal parameter [C:\originalhr2\HoverRaceAI\NetTarget\VideoServices\VideoServices.vcxproj]
C:\originalhr2\HoverRaceAI\OpenAL\alstub.cpp(696,53): warning C4100: 'value': unreferenced formal parameter [C:\originalhr2\HoverRaceAI\NetTarget\VideoServices\VideoServices.vcxproj]
C:\originalhr2\HoverRaceAI\OpenAL\alstub.cpp(696,40): warning C4100: 'param': unreferenced formal parameter [C:\originalhr2\HoverRaceAI\NetTarget\VideoServices\VideoServices.vcxproj]
C:\originalhr2\HoverRaceAI\OpenAL\alstub.cpp(696,25): warning C4100: 'buffer': unreferenced formal parameter [C:\originalhr2\HoverRaceAI\NetTarget\VideoServices\VideoServices.vcxproj]
C:\originalhr2\HoverRaceAI\OpenAL\alstub.cpp(697,82): warning C4100: 'value3': unreferenced formal parameter [C:\originalhr2\HoverRaceAI\NetTarget\VideoServices\VideoServices.vcxproj]
C:\originalhr2\HoverRaceAI\OpenAL\alstub.cpp(697,68): warning C4100: 'value2': unreferenced formal parameter [C:\originalhr2\HoverRaceAI\NetTarget\VideoServices\VideoServices.vcxproj]
C:\originalhr2\HoverRaceAI\OpenAL\alstub.cpp(697,54): warning C4100: 'value1': unreferenced formal parameter [C:\originalhr2\HoverRaceAI\NetTarget\VideoServices\VideoServices.vcxproj]
C:\originalhr2\HoverRaceAI\OpenAL\alstub.cpp(697,41): warning C4100: 'param': unreferenced formal parameter [C:\originalhr2\HoverRaceAI\NetTarget\VideoServices\VideoServices.vcxproj]
C:\originalhr2\HoverRaceAI\OpenAL\alstub.cpp(697,26): warning C4100: 'buffer': unreferenced formal parameter [C:\originalhr2\HoverRaceAI\NetTarget\VideoServices\VideoServices.vcxproj]
C:\originalhr2\HoverRaceAI\OpenAL\alstub.cpp(698,61): warning C4100: 'values': unreferenced formal parameter [C:\originalhr2\HoverRaceAI\NetTarget\VideoServices\VideoServices.vcxproj]
C:\originalhr2\HoverRaceAI\OpenAL\alstub.cpp(698,41): warning C4100: 'param': unreferenced formal parameter [C:\originalhr2\HoverRaceAI\NetTarget\VideoServices\VideoServices.vcxproj]
C:\originalhr2\HoverRaceAI\OpenAL\alstub.cpp(698,26): warning C4100: 'buffer': unreferenced formal parameter [C:\originalhr2\HoverRaceAI\NetTarget\VideoServices\VideoServices.vcxproj]
C:\originalhr2\HoverRaceAI\OpenAL\alstub.cpp(700,59): warning C4100: 'value': unreferenced formal parameter [C:\originalhr2\HoverRaceAI\NetTarget\VideoServices\VideoServices.vcxproj]
C:\originalhr2\HoverRaceAI\OpenAL\alstub.cpp(700,43): warning C4100: 'param': unreferenced formal parameter [C:\originalhr2\HoverRaceAI\NetTarget\VideoServices\VideoServices.vcxproj]
C:\originalhr2\HoverRaceAI\OpenAL\alstub.cpp(700,28): warning C4100: 'buffer': unreferenced formal parameter [C:\originalhr2\HoverRaceAI\NetTarget\VideoServices\VideoServices.vcxproj]
C:\originalhr2\HoverRaceAI\OpenAL\alstub.cpp(701,94): warning C4100: 'value3': unreferenced formal parameter [C:\originalhr2\HoverRaceAI\NetTarget\VideoServices\VideoServices.vcxproj]
C:\originalhr2\HoverRaceAI\OpenAL\alstub.cpp(701,77): warning C4100: 'value2': unreferenced formal parameter [C:\originalhr2\HoverRaceAI\NetTarget\VideoServices\VideoServices.vcxproj]
C:\originalhr2\HoverRaceAI\OpenAL\alstub.cpp(701,60): warning C4100: 'value1': unreferenced formal parameter [C:\originalhr2\HoverRaceAI\NetTarget\VideoServices\VideoServices.vcxproj]
C:\originalhr2\HoverRaceAI\OpenAL\alstub.cpp(701,44): warning C4100: 'param': unreferenced formal parameter [C:\originalhr2\HoverRaceAI\NetTarget\VideoServices\VideoServices.vcxproj]
C:\originalhr2\HoverRaceAI\OpenAL\alstub.cpp(701,29): warning C4100: 'buffer': unreferenced formal parameter [C:\originalhr2\HoverRaceAI\NetTarget\VideoServices\VideoServices.vcxproj]
C:\originalhr2\HoverRaceAI\OpenAL\alstub.cpp(702,60): warning C4100: 'values': unreferenced formal parameter [C:\originalhr2\HoverRaceAI\NetTarget\VideoServices\VideoServices.vcxproj]
C:\originalhr2\HoverRaceAI\OpenAL\alstub.cpp(702,44): warning C4100: 'param': unreferenced formal parameter [C:\originalhr2\HoverRaceAI\NetTarget\VideoServices\VideoServices.vcxproj]
C:\originalhr2\HoverRaceAI\OpenAL\alstub.cpp(702,29): warning C4100: 'buffer': unreferenced formal parameter [C:\originalhr2\HoverRaceAI\NetTarget\VideoServices\VideoServices.vcxproj]
C:\originalhr2\HoverRaceAI\OpenAL\alstub.cpp(703,57): warning C4100: 'value': unreferenced formal parameter [C:\originalhr2\HoverRaceAI\NetTarget\VideoServices\VideoServices.vcxproj]
C:\originalhr2\HoverRaceAI\OpenAL\alstub.cpp(703,43): warning C4100: 'param': unreferenced formal parameter [C:\originalhr2\HoverRaceAI\NetTarget\VideoServices\VideoServices.vcxproj]
C:\originalhr2\HoverRaceAI\OpenAL\alstub.cpp(703,28): warning C4100: 'buffer': unreferenced formal parameter [C:\originalhr2\HoverRaceAI\NetTarget\VideoServices\VideoServices.vcxproj]
C:\originalhr2\HoverRaceAI\OpenAL\alstub.cpp(704,88): warning C4100: 'value3': unreferenced formal parameter [C:\originalhr2\HoverRaceAI\NetTarget\VideoServices\VideoServices.vcxproj]
C:\originalhr2\HoverRaceAI\OpenAL\alstub.cpp(704,73): warning C4100: 'value2': unreferenced formal parameter [C:\originalhr2\HoverRaceAI\NetTarget\VideoServices\VideoServices.vcxproj]
C:\originalhr2\HoverRaceAI\OpenAL\alstub.cpp(704,58): warning C4100: 'value1': unreferenced formal parameter [C:\originalhr2\HoverRaceAI\NetTarget\VideoServices\VideoServices.vcxproj]
C:\originalhr2\HoverRaceAI\OpenAL\alstub.cpp(704,44): warning C4100: 'param': unreferenced formal parameter [C:\originalhr2\HoverRaceAI\NetTarget\VideoServices\VideoServices.vcxproj]
C:\originalhr2\HoverRaceAI\OpenAL\alstub.cpp(704,29): warning C4100: 'buffer': unreferenced formal parameter [C:\originalhr2\HoverRaceAI\NetTarget\VideoServices\VideoServices.vcxproj]
C:\originalhr2\HoverRaceAI\OpenAL\alstub.cpp(705,58): warning C4100: 'values': unreferenced formal parameter [C:\originalhr2\HoverRaceAI\NetTarget\VideoServices\VideoServices.vcxproj]
C:\originalhr2\HoverRaceAI\OpenAL\alstub.cpp(705,44): warning C4100: 'param': unreferenced formal parameter [C:\originalhr2\HoverRaceAI\NetTarget\VideoServices\VideoServices.vcxproj]
C:\originalhr2\HoverRaceAI\OpenAL\alstub.cpp(705,29): warning C4100: 'buffer': unreferenced formal parameter [C:\originalhr2\HoverRaceAI\NetTarget\VideoServices\VideoServices.vcxproj]
C:\originalhr2\HoverRaceAI\OpenAL\alstub.cpp(708,68): warning C4100: 'extname': unreferenced formal parameter [C:\originalhr2\HoverRaceAI\NetTarget\VideoServices\VideoServices.vcxproj]
C:\originalhr2\HoverRaceAI\OpenAL\alstub.cpp(708,45): warning C4100: 'device': unreferenced formal parameter [C:\originalhr2\HoverRaceAI\NetTarget\VideoServices\VideoServices.vcxproj]
C:\originalhr2\HoverRaceAI\OpenAL\alstub.cpp(709,62): warning C4100: 'funcname': unreferenced formal parameter [C:\originalhr2\HoverRaceAI\NetTarget\VideoServices\VideoServices.vcxproj]
C:\originalhr2\HoverRaceAI\OpenAL\alstub.cpp(709,39): warning C4100: 'device': unreferenced formal parameter [C:\originalhr2\HoverRaceAI\NetTarget\VideoServices\VideoServices.vcxproj]
C:\originalhr2\HoverRaceAI\OpenAL\alstub.cpp(710,59): warning C4100: 'enumname': unreferenced formal parameter [C:\originalhr2\HoverRaceAI\NetTarget\VideoServices\VideoServices.vcxproj]
C:\originalhr2\HoverRaceAI\OpenAL\alstub.cpp(710,36): warning C4100: 'device': unreferenced formal parameter [C:\originalhr2\HoverRaceAI\NetTarget\VideoServices\VideoServices.vcxproj]
C:\originalhr2\HoverRaceAI\OpenAL\alstub.cpp(711,56): warning C4100: 'param': unreferenced formal parameter [C:\originalhr2\HoverRaceAI\NetTarget\VideoServices\VideoServices.vcxproj]
C:\originalhr2\HoverRaceAI\OpenAL\alstub.cpp(711,40): warning C4100: 'device': unreferenced formal parameter [C:\originalhr2\HoverRaceAI\NetTarget\VideoServices\VideoServices.vcxproj]
C:\originalhr2\HoverRaceAI\OpenAL\alstub.cpp(712,81): warning C4100: 'dest': unreferenced formal parameter [C:\originalhr2\HoverRaceAI\NetTarget\VideoServices\VideoServices.vcxproj]
C:\originalhr2\HoverRaceAI\OpenAL\alstub.cpp(712,67): warning C4100: 'size': unreferenced formal parameter [C:\originalhr2\HoverRaceAI\NetTarget\VideoServices\VideoServices.vcxproj]
C:\originalhr2\HoverRaceAI\OpenAL\alstub.cpp(712,51): warning C4100: 'param': unreferenced formal parameter [C:\originalhr2\HoverRaceAI\NetTarget\VideoServices\VideoServices.vcxproj]
C:\originalhr2\HoverRaceAI\OpenAL\alstub.cpp(712,35): warning C4100: 'device': unreferenced formal parameter [C:\originalhr2\HoverRaceAI\NetTarget\VideoServices\VideoServices.vcxproj]
C:\originalhr2\HoverRaceAI\OpenAL\alstub.cpp(713,32): warning C4100: 'device': unreferenced formal parameter [C:\originalhr2\HoverRaceAI\NetTarget\VideoServices\VideoServices.vcxproj]
C:\originalhr2\HoverRaceAI\OpenAL\alstub.cpp(714,39): warning C4100: 'context': unreferenced formal parameter [C:\originalhr2\HoverRaceAI\NetTarget\VideoServices\VideoServices.vcxproj]
C:\originalhr2\HoverRaceAI\OpenAL\alstub.cpp(716,45): warning C4100: 'context': unreferenced formal parameter [C:\originalhr2\HoverRaceAI\NetTarget\VideoServices\VideoServices.vcxproj]
C:\originalhr2\HoverRaceAI\OpenAL\alstub.cpp(78,14): warning C4505: 'dbToGain': unreferenced function with internal linkage has been removed [C:\originalhr2\HoverRaceAI\NetTarget\VideoServices\VideoServices.vcxproj]
  RenderingEngine.cpp
  _WIN32_WINNT not defined. Defaulting to _WIN32_WINNT_MAXVER (see WinSDKVer.h)
C:\Program Files\Microsoft Visual Studio\2022\Community\VC\Tools\MSVC\14.39.33519\include\yvals_core.h(880,1): warning C4005: '_MSVC_STL_VERSION': macro redefinition [C:\originalhr2\HoverRaceAI\NetTarget\VideoServices\VideoServices.vcxproj]
  (compiling source file 'RenderingEngine.cpp')
  C:\Program Files\Microsoft Visual Studio\2022\Community\SDK\ScopeCppSDK\vc15\VC\include\yvals.h(156,1):
  see previous definition of '_MSVC_STL_VERSION'
  
C:\Program Files\Microsoft Visual Studio\2022\Community\VC\Tools\MSVC\14.39.33519\include\yvals_core.h(881,1): warning C4005: '_MSVC_STL_UPDATE': macro redefinition [C:\originalhr2\HoverRaceAI\NetTarget\VideoServices\VideoServices.vcxproj]
  (compiling source file 'RenderingEngine.cpp')
  C:\Program Files\Microsoft Visual Studio\2022\Community\SDK\ScopeCppSDK\vc15\VC\include\yvals.h(157,1):
  see previous definition of '_MSVC_STL_UPDATE'
  
C:\Program Files\Microsoft Visual Studio\2022\Community\VC\Tools\MSVC\14.39.33519\include\yvals_core.h(1000,1): warning C4005: '_DEPRECATE_TR1_NAMESPACE': macro redefinition [C:\originalhr2\HoverRaceAI\NetTarget\VideoServices\VideoServices.vcxproj]
  (compiling source file 'RenderingEngine.cpp')
  C:\Program Files\Microsoft Visual Studio\2022\Community\SDK\ScopeCppSDK\vc15\VC\include\yvals.h(247,1):
  see previous definition of '_DEPRECATE_TR1_NAMESPACE'
  
C:\Program Files\Microsoft Visual Studio\2022\Community\VC\Tools\MSVC\14.39.33519\include\yvals_core.h(1014,1): warning C4005: '_MISMATCHED_ALLOCATOR_MESSAGE': macro redefinition [C:\originalhr2\HoverRaceAI\NetTarget\VideoServices\VideoServices.vcxproj]
  (compiling source file 'RenderingEngine.cpp')
  C:\Program Files\Microsoft Visual Studio\2022\Community\SDK\ScopeCppSDK\vc15\VC\include\yvals.h(303,1):
  see previous definition of '_MISMATCHED_ALLOCATOR_MESSAGE'
  
  GraphicsUtilities.cpp
  _WIN32_WINNT not defined. Defaulting to _WIN32_WINNT_MAXVER (see WinSDKVer.h)
C:\Program Files\Microsoft Visual Studio\2022\Community\VC\Tools\MSVC\14.39.33519\include\yvals_core.h(880,1): warning C4005: '_MSVC_STL_VERSION': macro redefinition [C:\originalhr2\HoverRaceAI\NetTarget\VideoServices\VideoServices.vcxproj]
  (compiling source file 'GraphicsUtilities.cpp')
  C:\Program Files\Microsoft Visual Studio\2022\Community\SDK\ScopeCppSDK\vc15\VC\include\yvals.h(156,1):
  see previous definition of '_MSVC_STL_VERSION'
  
C:\Program Files\Microsoft Visual Studio\2022\Community\VC\Tools\MSVC\14.39.33519\include\yvals_core.h(881,1): warning C4005: '_MSVC_STL_UPDATE': macro redefinition [C:\originalhr2\HoverRaceAI\NetTarget\VideoServices\VideoServices.vcxproj]
  (compiling source file 'GraphicsUtilities.cpp')
  C:\Program Files\Microsoft Visual Studio\2022\Community\SDK\ScopeCppSDK\vc15\VC\include\yvals.h(157,1):
  see previous definition of '_MSVC_STL_UPDATE'
  
C:\Program Files\Microsoft Visual Studio\2022\Community\VC\Tools\MSVC\14.39.33519\include\yvals_core.h(1000,1): warning C4005: '_DEPRECATE_TR1_NAMESPACE': macro redefinition [C:\originalhr2\HoverRaceAI\NetTarget\VideoServices\VideoServices.vcxproj]
  (compiling source file 'GraphicsUtilities.cpp')
  C:\Program Files\Microsoft Visual Studio\2022\Community\SDK\ScopeCppSDK\vc15\VC\include\yvals.h(247,1):
  see previous definition of '_DEPRECATE_TR1_NAMESPACE'
  
C:\Program Files\Microsoft Visual Studio\2022\Community\VC\Tools\MSVC\14.39.33519\include\yvals_core.h(1014,1): warning C4005: '_MISMATCHED_ALLOCATOR_MESSAGE': macro redefinition [C:\originalhr2\HoverRaceAI\NetTarget\VideoServices\VideoServices.vcxproj]
  (compiling source file 'GraphicsUtilities.cpp')
  C:\Program Files\Microsoft Visual Studio\2022\Community\SDK\ScopeCppSDK\vc15\VC\include\yvals.h(303,1):
  see previous definition of '_MISMATCHED_ALLOCATOR_MESSAGE'
  
  ModernVideoBuffer.cpp
  _WIN32_WINNT not defined. Defaulting to _WIN32_WINNT_MAXVER (see WinSDKVer.h)
C:\Program Files\Microsoft Visual Studio\2022\Community\VC\Tools\MSVC\14.39.33519\include\yvals_core.h(880,1): warning C4005: '_MSVC_STL_VERSION': macro redefinition [C:\originalhr2\HoverRaceAI\NetTarget\VideoServices\VideoServices.vcxproj]
  (compiling source file 'ModernVideoBuffer.cpp')
  C:\Program Files\Microsoft Visual Studio\2022\Community\SDK\ScopeCppSDK\vc15\VC\include\yvals.h(156,1):
  see previous definition of '_MSVC_STL_VERSION'
  
C:\Program Files\Microsoft Visual Studio\2022\Community\VC\Tools\MSVC\14.39.33519\include\yvals_core.h(881,1): warning C4005: '_MSVC_STL_UPDATE': macro redefinition [C:\originalhr2\HoverRaceAI\NetTarget\VideoServices\VideoServices.vcxproj]
  (compiling source file 'ModernVideoBuffer.cpp')
  C:\Program Files\Microsoft Visual Studio\2022\Community\SDK\ScopeCppSDK\vc15\VC\include\yvals.h(157,1):
  see previous definition of '_MSVC_STL_UPDATE'
  
C:\Program Files\Microsoft Visual Studio\2022\Community\VC\Tools\MSVC\14.39.33519\include\yvals_core.h(1000,1): warning C4005: '_DEPRECATE_TR1_NAMESPACE': macro redefinition [C:\originalhr2\HoverRaceAI\NetTarget\VideoServices\VideoServices.vcxproj]
  (compiling source file 'ModernVideoBuffer.cpp')
  C:\Program Files\Microsoft Visual Studio\2022\Community\SDK\ScopeCppSDK\vc15\VC\include\yvals.h(247,1):
  see previous definition of '_DEPRECATE_TR1_NAMESPACE'
  
C:\Program Files\Microsoft Visual Studio\2022\Community\VC\Tools\MSVC\14.39.33519\include\yvals_core.h(1014,1): warning C4005: '_MISMATCHED_ALLOCATOR_MESSAGE': macro redefinition [C:\originalhr2\HoverRaceAI\NetTarget\VideoServices\VideoServices.vcxproj]
  (compiling source file 'ModernVideoBuffer.cpp')
  C:\Program Files\Microsoft Visual Studio\2022\Community\SDK\ScopeCppSDK\vc15\VC\include\yvals.h(303,1):
  see previous definition of '_MISMATCHED_ALLOCATOR_MESSAGE'
  
  ModernRenderer.cpp
  _WIN32_WINNT not defined. Defaulting to _WIN32_WINNT_MAXVER (see WinSDKVer.h)
C:\Program Files\Microsoft Visual Studio\2022\Community\VC\Tools\MSVC\14.39.33519\include\yvals_core.h(880,1): warning C4005: '_MSVC_STL_VERSION': macro redefinition [C:\originalhr2\HoverRaceAI\NetTarget\VideoServices\VideoServices.vcxproj]
  (compiling source file 'ModernRenderer.cpp')
  C:\Program Files\Microsoft Visual Studio\2022\Community\SDK\ScopeCppSDK\vc15\VC\include\yvals.h(156,1):
  see previous definition of '_MSVC_STL_VERSION'
  
C:\Program Files\Microsoft Visual Studio\2022\Community\VC\Tools\MSVC\14.39.33519\include\yvals_core.h(881,1): warning C4005: '_MSVC_STL_UPDATE': macro redefinition [C:\originalhr2\HoverRaceAI\NetTarget\VideoServices\VideoServices.vcxproj]
  (compiling source file 'ModernRenderer.cpp')
  C:\Program Files\Microsoft Visual Studio\2022\Community\SDK\ScopeCppSDK\vc15\VC\include\yvals.h(157,1):
  see previous definition of '_MSVC_STL_UPDATE'
  
C:\Program Files\Microsoft Visual Studio\2022\Community\VC\Tools\MSVC\14.39.33519\include\yvals_core.h(1000,1): warning C4005: '_DEPRECATE_TR1_NAMESPACE': macro redefinition [C:\originalhr2\HoverRaceAI\NetTarget\VideoServices\VideoServices.vcxproj]
  (compiling source file 'ModernRenderer.cpp')
  C:\Program Files\Microsoft Visual Studio\2022\Community\SDK\ScopeCppSDK\vc15\VC\include\yvals.h(247,1):
  see previous definition of '_DEPRECATE_TR1_NAMESPACE'
  
C:\Program Files\Microsoft Visual Studio\2022\Community\VC\Tools\MSVC\14.39.33519\include\yvals_core.h(1014,1): warning C4005: '_MISMATCHED_ALLOCATOR_MESSAGE': macro redefinition [C:\originalhr2\HoverRaceAI\NetTarget\VideoServices\VideoServices.vcxproj]
  (compiling source file 'ModernRenderer.cpp')
  C:\Program Files\Microsoft Visual Studio\2022\Community\SDK\ScopeCppSDK\vc15\VC\include\yvals.h(303,1):
  see previous definition of '_MISMATCHED_ALLOCATOR_MESSAGE'
  
C:\originalhr2\HoverRaceAI\NetTarget\VideoServices\ModernRenderer.cpp(88,43): warning C4100: 'pAlpha': unreferenced formal parameter [C:\originalhr2\HoverRaceAI\NetTarget\VideoServices\VideoServices.vcxproj]
C:\originalhr2\HoverRaceAI\NetTarget\VideoServices\ModernRenderer.cpp(87,41): warning C4100: 'pRotation': unreferenced formal parameter [C:\originalhr2\HoverRaceAI\NetTarget\VideoServices\VideoServices.vcxproj]
C:\originalhr2\HoverRaceAI\NetTarget\VideoServices\ModernRenderer.cpp(86,56): warning C4100: 'pScaleY': unreferenced formal parameter [C:\originalhr2\HoverRaceAI\NetTarget\VideoServices\VideoServices.vcxproj]
C:\originalhr2\HoverRaceAI\NetTarget\VideoServices\ModernRenderer.cpp(86,41): warning C4100: 'pScaleX': unreferenced formal parameter [C:\originalhr2\HoverRaceAI\NetTarget\VideoServices\VideoServices.vcxproj]
C:\originalhr2\HoverRaceAI\NetTarget\VideoServices\ModernRenderer.cpp(300,42): warning C4100: 'pChar': unreferenced formal parameter [C:\originalhr2\HoverRaceAI\NetTarget\VideoServices\VideoServices.vcxproj]
  Generating Code...
  Compiling...
  ModernActorRenderer.cpp
  _WIN32_WINNT not defined. Defaulting to _WIN32_WINNT_MAXVER (see WinSDKVer.h)
C:\Program Files\Microsoft Visual Studio\2022\Community\VC\Tools\MSVC\14.39.33519\include\yvals_core.h(880,1): warning C4005: '_MSVC_STL_VERSION': macro redefinition [C:\originalhr2\HoverRaceAI\NetTarget\VideoServices\VideoServices.vcxproj]
  (compiling source file 'ModernActorRenderer.cpp')
  C:\Program Files\Microsoft Visual Studio\2022\Community\SDK\ScopeCppSDK\vc15\VC\include\yvals.h(156,1):
  see previous definition of '_MSVC_STL_VERSION'
  
C:\Program Files\Microsoft Visual Studio\2022\Community\VC\Tools\MSVC\14.39.33519\include\yvals_core.h(881,1): warning C4005: '_MSVC_STL_UPDATE': macro redefinition [C:\originalhr2\HoverRaceAI\NetTarget\VideoServices\VideoServices.vcxproj]
  (compiling source file 'ModernActorRenderer.cpp')
  C:\Program Files\Microsoft Visual Studio\2022\Community\SDK\ScopeCppSDK\vc15\VC\include\yvals.h(157,1):
  see previous definition of '_MSVC_STL_UPDATE'
  
C:\Program Files\Microsoft Visual Studio\2022\Community\VC\Tools\MSVC\14.39.33519\include\yvals_core.h(1000,1): warning C4005: '_DEPRECATE_TR1_NAMESPACE': macro redefinition [C:\originalhr2\HoverRaceAI\NetTarget\VideoServices\VideoServices.vcxproj]
  (compiling source file 'ModernActorRenderer.cpp')
  C:\Program Files\Microsoft Visual Studio\2022\Community\SDK\ScopeCppSDK\vc15\VC\include\yvals.h(247,1):
  see previous definition of '_DEPRECATE_TR1_NAMESPACE'
  
C:\Program Files\Microsoft Visual Studio\2022\Community\VC\Tools\MSVC\14.39.33519\include\yvals_core.h(1014,1): warning C4005: '_MISMATCHED_ALLOCATOR_MESSAGE': macro redefinition [C:\originalhr2\HoverRaceAI\NetTarget\VideoServices\VideoServices.vcxproj]
  (compiling source file 'ModernActorRenderer.cpp')
  C:\Program Files\Microsoft Visual Studio\2022\Community\SDK\ScopeCppSDK\vc15\VC\include\yvals.h(303,1):
  see previous definition of '_MISMATCHED_ALLOCATOR_MESSAGE'
  
C:\originalhr2\HoverRaceAI\NetTarget\VideoServices\ModernActorRenderer.cpp(128,47): warning C4100: 'pScale': unreferenced formal parameter [C:\originalhr2\HoverRaceAI\NetTarget\VideoServices\VideoServices.vcxproj]
C:\originalhr2\HoverRaceAI\NetTarget\VideoServices\ModernActorRenderer.cpp(127,60): warning C4100: 'pFrame': unreferenced formal parameter [C:\originalhr2\HoverRaceAI\NetTarget\VideoServices\VideoServices.vcxproj]
C:\originalhr2\HoverRaceAI\NetTarget\VideoServices\ModernActorRenderer.cpp(127,45): warning C4100: 'pSequence': unreferenced formal parameter [C:\originalhr2\HoverRaceAI\NetTarget\VideoServices\VideoServices.vcxproj]
C:\originalhr2\HoverRaceAI\NetTarget\VideoServices\ModernActorRenderer.cpp(144,90): warning C4100: 'pZ': unreferenced formal parameter [C:\originalhr2\HoverRaceAI\NetTarget\VideoServices\VideoServices.vcxproj]
C:\originalhr2\HoverRaceAI\NetTarget\VideoServices\ModernActorRenderer.cpp(144,79): warning C4100: 'pY': unreferenced formal parameter [C:\originalhr2\HoverRaceAI\NetTarget\VideoServices\VideoServices.vcxproj]
C:\originalhr2\HoverRaceAI\NetTarget\VideoServices\ModernActorRenderer.cpp(144,68): warning C4100: 'pX': unreferenced formal parameter [C:\originalhr2\HoverRaceAI\NetTarget\VideoServices\VideoServices.vcxproj]
C:\originalhr2\HoverRaceAI\NetTarget\VideoServices\ModernActorRenderer.cpp(153,99): warning C4100: 'pRoll': unreferenced formal parameter [C:\originalhr2\HoverRaceAI\NetTarget\VideoServices\VideoServices.vcxproj]
C:\originalhr2\HoverRaceAI\NetTarget\VideoServices\ModernActorRenderer.cpp(153,84): warning C4100: 'pPitch': unreferenced formal parameter [C:\originalhr2\HoverRaceAI\NetTarget\VideoServices\VideoServices.vcxproj]
C:\originalhr2\HoverRaceAI\NetTarget\VideoServices\ModernActorRenderer.cpp(153,71): warning C4100: 'pYaw': unreferenced formal parameter [C:\originalhr2\HoverRaceAI\NetTarget\VideoServices\VideoServices.vcxproj]
C:\originalhr2\HoverRaceAI\NetTarget\VideoServices\ModernActorRenderer.cpp(198,65): warning C4100: 'pTintColor': unreferenced formal parameter [C:\originalhr2\HoverRaceAI\NetTarget\VideoServices\VideoServices.vcxproj]
C:\originalhr2\HoverRaceAI\NetTarget\VideoServices\ModernActorRenderer.cpp(217,70): warning C4100: 'pVertical': unreferenced formal parameter [C:\originalhr2\HoverRaceAI\NetTarget\VideoServices\VideoServices.vcxproj]
C:\originalhr2\HoverRaceAI\NetTarget\VideoServices\ModernActorRenderer.cpp(217,52): warning C4100: 'pHorizontal': unreferenced formal parameter [C:\originalhr2\HoverRaceAI\NetTarget\VideoServices\VideoServices.vcxproj]
C:\originalhr2\HoverRaceAI\NetTarget\VideoServices\ModernActorRenderer.cpp(230,65): warning C4100: 'pTransparencyKey': unreferenced formal parameter [C:\originalhr2\HoverRaceAI\NetTarget\VideoServices\VideoServices.vcxproj]
  GraphicsTest.cpp
  _WIN32_WINNT not defined. Defaulting to _WIN32_WINNT_MAXVER (see WinSDKVer.h)
C:\Program Files\Microsoft Visual Studio\2022\Community\VC\Tools\MSVC\14.39.33519\include\yvals_core.h(880,1): warning C4005: '_MSVC_STL_VERSION': macro redefinition [C:\originalhr2\HoverRaceAI\NetTarget\VideoServices\VideoServices.vcxproj]
  (compiling source file 'GraphicsTest.cpp')
  C:\Program Files\Microsoft Visual Studio\2022\Community\SDK\ScopeCppSDK\vc15\VC\include\yvals.h(156,1):
  see previous definition of '_MSVC_STL_VERSION'
  
C:\Program Files\Microsoft Visual Studio\2022\Community\VC\Tools\MSVC\14.39.33519\include\yvals_core.h(881,1): warning C4005: '_MSVC_STL_UPDATE': macro redefinition [C:\originalhr2\HoverRaceAI\NetTarget\VideoServices\VideoServices.vcxproj]
  (compiling source file 'GraphicsTest.cpp')
  C:\Program Files\Microsoft Visual Studio\2022\Community\SDK\ScopeCppSDK\vc15\VC\include\yvals.h(157,1):
  see previous definition of '_MSVC_STL_UPDATE'
  
C:\Program Files\Microsoft Visual Studio\2022\Community\VC\Tools\MSVC\14.39.33519\include\yvals_core.h(1000,1): warning C4005: '_DEPRECATE_TR1_NAMESPACE': macro redefinition [C:\originalhr2\HoverRaceAI\NetTarget\VideoServices\VideoServices.vcxproj]
  (compiling source file 'GraphicsTest.cpp')
  C:\Program Files\Microsoft Visual Studio\2022\Community\SDK\ScopeCppSDK\vc15\VC\include\yvals.h(247,1):
  see previous definition of '_DEPRECATE_TR1_NAMESPACE'
  
C:\Program Files\Microsoft Visual Studio\2022\Community\VC\Tools\MSVC\14.39.33519\include\yvals_core.h(1014,1): warning C4005: '_MISMATCHED_ALLOCATOR_MESSAGE': macro redefinition [C:\originalhr2\HoverRaceAI\NetTarget\VideoServices\VideoServices.vcxproj]
  (compiling source file 'GraphicsTest.cpp')
  C:\Program Files\Microsoft Visual Studio\2022\Community\SDK\ScopeCppSDK\vc15\VC\include\yvals.h(303,1):
  see previous definition of '_MISMATCHED_ALLOCATOR_MESSAGE'
  
  Generating Code...
Link:
  C:\Program Files\Microsoft Visual Studio\2022\Community\VC\Tools\MSVC\14.39.33519\bin\HostX86\x86\link.exe /ERRORREPORT:QUEUE /OUT:"C:\originalhr2\HoverRaceAI\NetTarget\VideoServices\..\..\Release\VideoServices.dll" /NOLOGO winmm.lib C:\SDL2\lib\x86\SDL2.lib C:\SDL2\lib\x86\SDL2main.lib C:\GLEW\lib\Release\Win32\glew32.lib opengl32.lib /MANIFEST /MANIFESTUAC:"level='asInvoker' uiAccess='false'" /manifest:embed /manifestinput:"C:\Program Files\Microsoft Visual Studio\2022\Community\VC\Tools\MSVC\14.39.33519\Include\Manifest\dpiaware.manifest" /DEBUG:FULL /PDB:"C:\originalhr2\HoverRaceAI\NetTarget\VideoServices\..\..\Release\VideoServices.pdb" /TLBID:1 /DYNAMICBASE /NXCOMPAT /IMPLIB:"C:\originalhr2\HoverRaceAI\NetTarget\VideoServices\..\..\Release\VideoServices.lib" /MACHINE:X86 /SAFESEH /DLL C:\originalhr2\HoverRaceAI\NetTarget\VideoServices\Release\2DViewPort.obj
  C:\originalhr2\HoverRaceAI\NetTarget\VideoServices\Release\3DViewport.obj
  C:\originalhr2\HoverRaceAI\NetTarget\VideoServices\Release\3DViewportRendering.obj
  C:\originalhr2\HoverRaceAI\NetTarget\VideoServices\Release\Bitmap.obj
  C:\originalhr2\HoverRaceAI\NetTarget\VideoServices\Release\ColorPalette.obj
  C:\originalhr2\HoverRaceAI\NetTarget\VideoServices\Release\ColorTab.obj
  C:\originalhr2\HoverRaceAI\NetTarget\VideoServices\Release\Patch.obj
  C:\originalhr2\HoverRaceAI\NetTarget\VideoServices\Release\SoundServer.obj
  C:\originalhr2\HoverRaceAI\NetTarget\VideoServices\Release\Sprite.obj
  C:\originalhr2\HoverRaceAI\NetTarget\VideoServices\Release\StdAfx.obj
  C:\originalhr2\HoverRaceAI\NetTarget\VideoServices\Release\VideoBuffer.obj
  C:\originalhr2\HoverRaceAI\NetTarget\VideoServices\Release\VideoBuffer2DDraw.obj
  C:\originalhr2\HoverRaceAI\NetTarget\VideoServices\Release\SDL2Graphics.obj
  C:\originalhr2\HoverRaceAI\NetTarget\VideoServices\Release\VideoBufferSDL2Adapter.obj
  C:\originalhr2\HoverRaceAI\NetTarget\VideoServices\Release\VideoBufferSDL2Integration.obj
  C:\originalhr2\HoverRaceAI\NetTarget\VideoServices\Release\alstub.obj
  C:\originalhr2\HoverRaceAI\NetTarget\VideoServices\Release\RenderingEngine.obj
  C:\originalhr2\HoverRaceAI\NetTarget\VideoServices\Release\GraphicsUtilities.obj
  C:\originalhr2\HoverRaceAI\NetTarget\VideoServices\Release\ModernVideoBuffer.obj
  C:\originalhr2\HoverRaceAI\NetTarget\VideoServices\Release\ModernRenderer.obj
  C:\originalhr2\HoverRaceAI\NetTarget\VideoServices\Release\ModernActorRenderer.obj
  C:\originalhr2\HoverRaceAI\NetTarget\VideoServices\Release\GraphicsTest.obj
  C:\originalhr2\HoverRaceAI\Release\Util.lib
     Creating library C:\originalhr2\HoverRaceAI\NetTarget\VideoServices\..\..\Release\VideoServices.lib and object C:\originalhr2\HoverRaceAI\NetTarget\VideoServices\..\..\Release\VideoServices.exp
  VideoServices.vcxproj -> C:\originalhr2\HoverRaceAI\Release\VideoServices.dll
FinalizeBuildStatus:
  Deleting file "C:\originalhr2\HoverRaceAI\NetTarget\VideoServices\Release\VideoServices.tlog\unsuccessfulbuild".
  Touching "C:\originalhr2\HoverRaceAI\NetTarget\VideoServices\Release\VideoServices.tlog\VideoServices.lastbuildstate".
Done Building Project "C:\originalhr2\HoverRaceAI\NetTarget\VideoServices\VideoServices.vcxproj" (default targets).
Project "C:\originalhr2\HoverRaceAI\NetTarget\MainCharacter\MainCharacter.vcxproj" (1) is building "C:\originalhr2\HoverRaceAI\NetTarget\Model\Model.vcxproj" (4:2) on node 1 (default targets).
PrepareForBuild:
  Structured output is enabled. The formatting of compiler diagnostics will reflect the error hierarchy. See https://aka.ms/cpp/structured-output for more details.
InitializeBuildStatus:
  Creating "C:\originalhr2\HoverRaceAI\NetTarget\Model\Release\Model.tlog\unsuccessfulbuild" because "AlwaysCreate" was specified.
  Touching "C:\originalhr2\HoverRaceAI\NetTarget\Model\Release\Model.tlog\unsuccessfulbuild".
ClCompile:
  C:\Program Files\Microsoft Visual Studio\2022\Community\VC\Tools\MSVC\14.39.33519\bin\HostX86\x86\CL.exe /c /I"C:\Program Files\Microsoft Visual Studio\2022\Community\SDK\ScopeCppSDK\vc15\VC\include" /I"C:\Program Files\Microsoft Visual Studio\2022\Community\VC\Tools\MSVC\14.39.33519\include" /Zi /nologo /W4 /WX- /diagnostics:column /O2 /Oy- /D WIN32 /D NDEBUG /D _WINDOWS /D MR_MODEL /D _AFXDLL /D _WINDLL /D _MBCS /D _AFXDLL /Gm- /EHsc /MD /GS /fp:precise /Zc:wchar_t /Zc:forScope /Zc:inline /Fo"C:\originalhr2\HoverRaceAI\NetTarget\Model\Release\\" /Fd"C:\originalhr2\HoverRaceAI\NetTarget\Model\Release\vc143.pdb" /external:W4 /Gd /TP /analyze- /FC /errorReport:queue /FS ConcreteShape.cpp ContactEffect.cpp FreeElementMovingHelper.cpp GameSession.cpp Level.cpp MazeElement.cpp PhysicalCollision.cpp ShapeCollisions.cpp Shapes.cpp StdAfx.cpp
  ConcreteShape.cpp
  _WIN32_WINNT not defined. Defaulting to _WIN32_WINNT_MAXVER (see WinSDKVer.h)
C:\Program Files\Microsoft Visual Studio\2022\Community\VC\Tools\MSVC\14.39.33519\include\yvals_core.h(880,1): warning C4005: '_MSVC_STL_VERSION': macro redefinition [C:\originalhr2\HoverRaceAI\NetTarget\Model\Model.vcxproj]
  (compiling source file 'ConcreteShape.cpp')
  C:\Program Files\Microsoft Visual Studio\2022\Community\SDK\ScopeCppSDK\vc15\VC\include\yvals.h(156,1):
  see previous definition of '_MSVC_STL_VERSION'
  
C:\Program Files\Microsoft Visual Studio\2022\Community\VC\Tools\MSVC\14.39.33519\include\yvals_core.h(881,1): warning C4005: '_MSVC_STL_UPDATE': macro redefinition [C:\originalhr2\HoverRaceAI\NetTarget\Model\Model.vcxproj]
  (compiling source file 'ConcreteShape.cpp')
  C:\Program Files\Microsoft Visual Studio\2022\Community\SDK\ScopeCppSDK\vc15\VC\include\yvals.h(157,1):
  see previous definition of '_MSVC_STL_UPDATE'
  
C:\Program Files\Microsoft Visual Studio\2022\Community\VC\Tools\MSVC\14.39.33519\include\yvals_core.h(1000,1): warning C4005: '_DEPRECATE_TR1_NAMESPACE': macro redefinition [C:\originalhr2\HoverRaceAI\NetTarget\Model\Model.vcxproj]
  (compiling source file 'ConcreteShape.cpp')
  C:\Program Files\Microsoft Visual Studio\2022\Community\SDK\ScopeCppSDK\vc15\VC\include\yvals.h(247,1):
  see previous definition of '_DEPRECATE_TR1_NAMESPACE'
  
C:\Program Files\Microsoft Visual Studio\2022\Community\VC\Tools\MSVC\14.39.33519\include\yvals_core.h(1014,1): warning C4005: '_MISMATCHED_ALLOCATOR_MESSAGE': macro redefinition [C:\originalhr2\HoverRaceAI\NetTarget\Model\Model.vcxproj]
  (compiling source file 'ConcreteShape.cpp')
  C:\Program Files\Microsoft Visual Studio\2022\Community\SDK\ScopeCppSDK\vc15\VC\include\yvals.h(303,1):
  see previous definition of '_MISMATCHED_ALLOCATOR_MESSAGE'
  
  ContactEffect.cpp
  _WIN32_WINNT not defined. Defaulting to _WIN32_WINNT_MAXVER (see WinSDKVer.h)
C:\Program Files\Microsoft Visual Studio\2022\Community\VC\Tools\MSVC\14.39.33519\include\yvals_core.h(880,1): warning C4005: '_MSVC_STL_VERSION': macro redefinition [C:\originalhr2\HoverRaceAI\NetTarget\Model\Model.vcxproj]
  (compiling source file 'ContactEffect.cpp')
  C:\Program Files\Microsoft Visual Studio\2022\Community\SDK\ScopeCppSDK\vc15\VC\include\yvals.h(156,1):
  see previous definition of '_MSVC_STL_VERSION'
  
C:\Program Files\Microsoft Visual Studio\2022\Community\VC\Tools\MSVC\14.39.33519\include\yvals_core.h(881,1): warning C4005: '_MSVC_STL_UPDATE': macro redefinition [C:\originalhr2\HoverRaceAI\NetTarget\Model\Model.vcxproj]
  (compiling source file 'ContactEffect.cpp')
  C:\Program Files\Microsoft Visual Studio\2022\Community\SDK\ScopeCppSDK\vc15\VC\include\yvals.h(157,1):
  see previous definition of '_MSVC_STL_UPDATE'
  
C:\Program Files\Microsoft Visual Studio\2022\Community\VC\Tools\MSVC\14.39.33519\include\yvals_core.h(1000,1): warning C4005: '_DEPRECATE_TR1_NAMESPACE': macro redefinition [C:\originalhr2\HoverRaceAI\NetTarget\Model\Model.vcxproj]
  (compiling source file 'ContactEffect.cpp')
  C:\Program Files\Microsoft Visual Studio\2022\Community\SDK\ScopeCppSDK\vc15\VC\include\yvals.h(247,1):
  see previous definition of '_DEPRECATE_TR1_NAMESPACE'
  
C:\Program Files\Microsoft Visual Studio\2022\Community\VC\Tools\MSVC\14.39.33519\include\yvals_core.h(1014,1): warning C4005: '_MISMATCHED_ALLOCATOR_MESSAGE': macro redefinition [C:\originalhr2\HoverRaceAI\NetTarget\Model\Model.vcxproj]
  (compiling source file 'ContactEffect.cpp')
  C:\Program Files\Microsoft Visual Studio\2022\Community\SDK\ScopeCppSDK\vc15\VC\include\yvals.h(303,1):
  see previous definition of '_MISMATCHED_ALLOCATOR_MESSAGE'
  
  FreeElementMovingHelper.cpp
  _WIN32_WINNT not defined. Defaulting to _WIN32_WINNT_MAXVER (see WinSDKVer.h)
C:\Program Files\Microsoft Visual Studio\2022\Community\VC\Tools\MSVC\14.39.33519\include\yvals_core.h(880,1): warning C4005: '_MSVC_STL_VERSION': macro redefinition [C:\originalhr2\HoverRaceAI\NetTarget\Model\Model.vcxproj]
  (compiling source file 'FreeElementMovingHelper.cpp')
  C:\Program Files\Microsoft Visual Studio\2022\Community\SDK\ScopeCppSDK\vc15\VC\include\yvals.h(156,1):
  see previous definition of '_MSVC_STL_VERSION'
  
C:\Program Files\Microsoft Visual Studio\2022\Community\VC\Tools\MSVC\14.39.33519\include\yvals_core.h(881,1): warning C4005: '_MSVC_STL_UPDATE': macro redefinition [C:\originalhr2\HoverRaceAI\NetTarget\Model\Model.vcxproj]
  (compiling source file 'FreeElementMovingHelper.cpp')
  C:\Program Files\Microsoft Visual Studio\2022\Community\SDK\ScopeCppSDK\vc15\VC\include\yvals.h(157,1):
  see previous definition of '_MSVC_STL_UPDATE'
  
C:\Program Files\Microsoft Visual Studio\2022\Community\VC\Tools\MSVC\14.39.33519\include\yvals_core.h(1000,1): warning C4005: '_DEPRECATE_TR1_NAMESPACE': macro redefinition [C:\originalhr2\HoverRaceAI\NetTarget\Model\Model.vcxproj]
  (compiling source file 'FreeElementMovingHelper.cpp')
  C:\Program Files\Microsoft Visual Studio\2022\Community\SDK\ScopeCppSDK\vc15\VC\include\yvals.h(247,1):
  see previous definition of '_DEPRECATE_TR1_NAMESPACE'
  
C:\Program Files\Microsoft Visual Studio\2022\Community\VC\Tools\MSVC\14.39.33519\include\yvals_core.h(1014,1): warning C4005: '_MISMATCHED_ALLOCATOR_MESSAGE': macro redefinition [C:\originalhr2\HoverRaceAI\NetTarget\Model\Model.vcxproj]
  (compiling source file 'FreeElementMovingHelper.cpp')
  C:\Program Files\Microsoft Visual Studio\2022\Community\SDK\ScopeCppSDK\vc15\VC\include\yvals.h(303,1):
  see previous definition of '_MISMATCHED_ALLOCATOR_MESSAGE'
  
  GameSession.cpp
  _WIN32_WINNT not defined. Defaulting to _WIN32_WINNT_MAXVER (see WinSDKVer.h)
C:\Program Files\Microsoft Visual Studio\2022\Community\VC\Tools\MSVC\14.39.33519\include\yvals_core.h(880,1): warning C4005: '_MSVC_STL_VERSION': macro redefinition [C:\originalhr2\HoverRaceAI\NetTarget\Model\Model.vcxproj]
  (compiling source file 'GameSession.cpp')
  C:\Program Files\Microsoft Visual Studio\2022\Community\SDK\ScopeCppSDK\vc15\VC\include\yvals.h(156,1):
  see previous definition of '_MSVC_STL_VERSION'
  
C:\Program Files\Microsoft Visual Studio\2022\Community\VC\Tools\MSVC\14.39.33519\include\yvals_core.h(881,1): warning C4005: '_MSVC_STL_UPDATE': macro redefinition [C:\originalhr2\HoverRaceAI\NetTarget\Model\Model.vcxproj]
  (compiling source file 'GameSession.cpp')
  C:\Program Files\Microsoft Visual Studio\2022\Community\SDK\ScopeCppSDK\vc15\VC\include\yvals.h(157,1):
  see previous definition of '_MSVC_STL_UPDATE'
  
C:\Program Files\Microsoft Visual Studio\2022\Community\VC\Tools\MSVC\14.39.33519\include\yvals_core.h(1000,1): warning C4005: '_DEPRECATE_TR1_NAMESPACE': macro redefinition [C:\originalhr2\HoverRaceAI\NetTarget\Model\Model.vcxproj]
  (compiling source file 'GameSession.cpp')
  C:\Program Files\Microsoft Visual Studio\2022\Community\SDK\ScopeCppSDK\vc15\VC\include\yvals.h(247,1):
  see previous definition of '_DEPRECATE_TR1_NAMESPACE'
  
C:\Program Files\Microsoft Visual Studio\2022\Community\VC\Tools\MSVC\14.39.33519\include\yvals_core.h(1014,1): warning C4005: '_MISMATCHED_ALLOCATOR_MESSAGE': macro redefinition [C:\originalhr2\HoverRaceAI\NetTarget\Model\Model.vcxproj]
  (compiling source file 'GameSession.cpp')
  C:\Program Files\Microsoft Visual Studio\2022\Community\SDK\ScopeCppSDK\vc15\VC\include\yvals.h(303,1):
  see previous definition of '_MISMATCHED_ALLOCATOR_MESSAGE'
  
C:\originalhr2\HoverRaceAI\NetTarget\Model\GameSession.cpp(53,20): warning C4996: 'fopen': This function or variable may be unsafe. Consider using fopen_s instead. To disable deprecation, use _CRT_SECURE_NO_WARNINGS. See online help for details. [C:\originalhr2\HoverRaceAI\NetTarget\Model\Model.vcxproj]
C:\originalhr2\HoverRaceAI\NetTarget\Model\GameSession.cpp(180,20): warning C4996: 'fopen': This function or variable may be unsafe. Consider using fopen_s instead. To disable deprecation, use _CRT_SECURE_NO_WARNINGS. See online help for details. [C:\originalhr2\HoverRaceAI\NetTarget\Model\Model.vcxproj]
C:\originalhr2\HoverRaceAI\NetTarget\Model\GameSession.cpp(230,31): warning C4101: 'e': unreferenced local variable [C:\originalhr2\HoverRaceAI\NetTarget\Model\Model.vcxproj]
C:\originalhr2\HoverRaceAI\NetTarget\Model\GameSession.cpp(235,32): warning C4101: 'e': unreferenced local variable [C:\originalhr2\HoverRaceAI\NetTarget\Model\Model.vcxproj]
C:\originalhr2\HoverRaceAI\NetTarget\Model\GameSession.cpp(240,29): warning C4101: 'e': unreferenced local variable [C:\originalhr2\HoverRaceAI\NetTarget\Model\Model.vcxproj]
C:\originalhr2\HoverRaceAI\NetTarget\Model\GameSession.cpp(245,25): warning C4101: 'e': unreferenced local variable [C:\originalhr2\HoverRaceAI\NetTarget\Model\Model.vcxproj]
C:\originalhr2\HoverRaceAI\NetTarget\Model\GameSession.cpp(600,32): warning C4456: declaration of 'lSpec' hides previous local declaration [C:\originalhr2\HoverRaceAI\NetTarget\Model\Model.vcxproj]
  C:\originalhr2\HoverRaceAI\NetTarget\Model\GameSession.cpp(483,19):
  see declaration of 'lSpec'
  
  Level.cpp
  _WIN32_WINNT not defined. Defaulting to _WIN32_WINNT_MAXVER (see WinSDKVer.h)
C:\Program Files\Microsoft Visual Studio\2022\Community\VC\Tools\MSVC\14.39.33519\include\yvals_core.h(880,1): warning C4005: '_MSVC_STL_VERSION': macro redefinition [C:\originalhr2\HoverRaceAI\NetTarget\Model\Model.vcxproj]
  (compiling source file 'Level.cpp')
  C:\Program Files\Microsoft Visual Studio\2022\Community\SDK\ScopeCppSDK\vc15\VC\include\yvals.h(156,1):
  see previous definition of '_MSVC_STL_VERSION'
  
C:\Program Files\Microsoft Visual Studio\2022\Community\VC\Tools\MSVC\14.39.33519\include\yvals_core.h(881,1): warning C4005: '_MSVC_STL_UPDATE': macro redefinition [C:\originalhr2\HoverRaceAI\NetTarget\Model\Model.vcxproj]
  (compiling source file 'Level.cpp')
  C:\Program Files\Microsoft Visual Studio\2022\Community\SDK\ScopeCppSDK\vc15\VC\include\yvals.h(157,1):
  see previous definition of '_MSVC_STL_UPDATE'
  
C:\Program Files\Microsoft Visual Studio\2022\Community\VC\Tools\MSVC\14.39.33519\include\yvals_core.h(1000,1): warning C4005: '_DEPRECATE_TR1_NAMESPACE': macro redefinition [C:\originalhr2\HoverRaceAI\NetTarget\Model\Model.vcxproj]
  (compiling source file 'Level.cpp')
  C:\Program Files\Microsoft Visual Studio\2022\Community\SDK\ScopeCppSDK\vc15\VC\include\yvals.h(247,1):
  see previous definition of '_DEPRECATE_TR1_NAMESPACE'
  
C:\Program Files\Microsoft Visual Studio\2022\Community\VC\Tools\MSVC\14.39.33519\include\yvals_core.h(1014,1): warning C4005: '_MISMATCHED_ALLOCATOR_MESSAGE': macro redefinition [C:\originalhr2\HoverRaceAI\NetTarget\Model\Model.vcxproj]
  (compiling source file 'Level.cpp')
  C:\Program Files\Microsoft Visual Studio\2022\Community\SDK\ScopeCppSDK\vc15\VC\include\yvals.h(303,1):
  see previous definition of '_MISMATCHED_ALLOCATOR_MESSAGE'
  
C:\originalhr2\HoverRaceAI\NetTarget\Model\Level.cpp(468,20): warning C4996: 'fopen': This function or variable may be unsafe. Consider using fopen_s instead. To disable deprecation, use _CRT_SECURE_NO_WARNINGS. See online help for details. [C:\originalhr2\HoverRaceAI\NetTarget\Model\Model.vcxproj]
C:\originalhr2\HoverRaceAI\NetTarget\Model\Level.cpp(566,47): warning C4238: nonstandard extension used: class rvalue used as lvalue [C:\originalhr2\HoverRaceAI\NetTarget\Model\Model.vcxproj]
C:\originalhr2\HoverRaceAI\NetTarget\Model\Level.cpp(574,58): warning C4238: nonstandard extension used: class rvalue used as lvalue [C:\originalhr2\HoverRaceAI\NetTarget\Model\Model.vcxproj]
C:\originalhr2\HoverRaceAI\NetTarget\Model\Level.cpp(585,57): warning C4238: nonstandard extension used: class rvalue used as lvalue [C:\originalhr2\HoverRaceAI\NetTarget\Model\Model.vcxproj]
C:\originalhr2\HoverRaceAI\NetTarget\Model\Level.cpp(592,61): warning C4238: nonstandard extension used: class rvalue used as lvalue [C:\originalhr2\HoverRaceAI\NetTarget\Model\Model.vcxproj]
  MazeElement.cpp
  _WIN32_WINNT not defined. Defaulting to _WIN32_WINNT_MAXVER (see WinSDKVer.h)
C:\Program Files\Microsoft Visual Studio\2022\Community\VC\Tools\MSVC\14.39.33519\include\yvals_core.h(880,1): warning C4005: '_MSVC_STL_VERSION': macro redefinition [C:\originalhr2\HoverRaceAI\NetTarget\Model\Model.vcxproj]
  (compiling source file 'MazeElement.cpp')
  C:\Program Files\Microsoft Visual Studio\2022\Community\SDK\ScopeCppSDK\vc15\VC\include\yvals.h(156,1):
  see previous definition of '_MSVC_STL_VERSION'
  
C:\Program Files\Microsoft Visual Studio\2022\Community\VC\Tools\MSVC\14.39.33519\include\yvals_core.h(881,1): warning C4005: '_MSVC_STL_UPDATE': macro redefinition [C:\originalhr2\HoverRaceAI\NetTarget\Model\Model.vcxproj]
  (compiling source file 'MazeElement.cpp')
  C:\Program Files\Microsoft Visual Studio\2022\Community\SDK\ScopeCppSDK\vc15\VC\include\yvals.h(157,1):
  see previous definition of '_MSVC_STL_UPDATE'
  
C:\Program Files\Microsoft Visual Studio\2022\Community\VC\Tools\MSVC\14.39.33519\include\yvals_core.h(1000,1): warning C4005: '_DEPRECATE_TR1_NAMESPACE': macro redefinition [C:\originalhr2\HoverRaceAI\NetTarget\Model\Model.vcxproj]
  (compiling source file 'MazeElement.cpp')
  C:\Program Files\Microsoft Visual Studio\2022\Community\SDK\ScopeCppSDK\vc15\VC\include\yvals.h(247,1):
  see previous definition of '_DEPRECATE_TR1_NAMESPACE'
  
C:\Program Files\Microsoft Visual Studio\2022\Community\VC\Tools\MSVC\14.39.33519\include\yvals_core.h(1014,1): warning C4005: '_MISMATCHED_ALLOCATOR_MESSAGE': macro redefinition [C:\originalhr2\HoverRaceAI\NetTarget\Model\Model.vcxproj]
  (compiling source file 'MazeElement.cpp')
  C:\Program Files\Microsoft Visual Studio\2022\Community\SDK\ScopeCppSDK\vc15\VC\include\yvals.h(303,1):
  see previous definition of '_MISMATCHED_ALLOCATOR_MESSAGE'
  
C:\originalhr2\HoverRaceAI\NetTarget\Model\MazeElement.cpp(141,39): warning C4100: 'pDataLen': unreferenced formal parameter [C:\originalhr2\HoverRaceAI\NetTarget\Model\Model.vcxproj]
  PhysicalCollision.cpp
  _WIN32_WINNT not defined. Defaulting to _WIN32_WINNT_MAXVER (see WinSDKVer.h)
C:\Program Files\Microsoft Visual Studio\2022\Community\VC\Tools\MSVC\14.39.33519\include\yvals_core.h(880,1): warning C4005: '_MSVC_STL_VERSION': macro redefinition [C:\originalhr2\HoverRaceAI\NetTarget\Model\Model.vcxproj]
  (compiling source file 'PhysicalCollision.cpp')
  C:\Program Files\Microsoft Visual Studio\2022\Community\SDK\ScopeCppSDK\vc15\VC\include\yvals.h(156,1):
  see previous definition of '_MSVC_STL_VERSION'
  
C:\Program Files\Microsoft Visual Studio\2022\Community\VC\Tools\MSVC\14.39.33519\include\yvals_core.h(881,1): warning C4005: '_MSVC_STL_UPDATE': macro redefinition [C:\originalhr2\HoverRaceAI\NetTarget\Model\Model.vcxproj]
  (compiling source file 'PhysicalCollision.cpp')
  C:\Program Files\Microsoft Visual Studio\2022\Community\SDK\ScopeCppSDK\vc15\VC\include\yvals.h(157,1):
  see previous definition of '_MSVC_STL_UPDATE'
  
C:\Program Files\Microsoft Visual Studio\2022\Community\VC\Tools\MSVC\14.39.33519\include\yvals_core.h(1000,1): warning C4005: '_DEPRECATE_TR1_NAMESPACE': macro redefinition [C:\originalhr2\HoverRaceAI\NetTarget\Model\Model.vcxproj]
  (compiling source file 'PhysicalCollision.cpp')
  C:\Program Files\Microsoft Visual Studio\2022\Community\SDK\ScopeCppSDK\vc15\VC\include\yvals.h(247,1):
  see previous definition of '_DEPRECATE_TR1_NAMESPACE'
  
C:\Program Files\Microsoft Visual Studio\2022\Community\VC\Tools\MSVC\14.39.33519\include\yvals_core.h(1014,1): warning C4005: '_MISMATCHED_ALLOCATOR_MESSAGE': macro redefinition [C:\originalhr2\HoverRaceAI\NetTarget\Model\Model.vcxproj]
  (compiling source file 'PhysicalCollision.cpp')
  C:\Program Files\Microsoft Visual Studio\2022\Community\SDK\ScopeCppSDK\vc15\VC\include\yvals.h(303,1):
  see previous definition of '_MISMATCHED_ALLOCATOR_MESSAGE'
  
  ShapeCollisions.cpp
  _WIN32_WINNT not defined. Defaulting to _WIN32_WINNT_MAXVER (see WinSDKVer.h)
C:\Program Files\Microsoft Visual Studio\2022\Community\VC\Tools\MSVC\14.39.33519\include\yvals_core.h(880,1): warning C4005: '_MSVC_STL_VERSION': macro redefinition [C:\originalhr2\HoverRaceAI\NetTarget\Model\Model.vcxproj]
  (compiling source file 'ShapeCollisions.cpp')
  C:\Program Files\Microsoft Visual Studio\2022\Community\SDK\ScopeCppSDK\vc15\VC\include\yvals.h(156,1):
  see previous definition of '_MSVC_STL_VERSION'
  
C:\Program Files\Microsoft Visual Studio\2022\Community\VC\Tools\MSVC\14.39.33519\include\yvals_core.h(881,1): warning C4005: '_MSVC_STL_UPDATE': macro redefinition [C:\originalhr2\HoverRaceAI\NetTarget\Model\Model.vcxproj]
  (compiling source file 'ShapeCollisions.cpp')
  C:\Program Files\Microsoft Visual Studio\2022\Community\SDK\ScopeCppSDK\vc15\VC\include\yvals.h(157,1):
  see previous definition of '_MSVC_STL_UPDATE'
  
C:\Program Files\Microsoft Visual Studio\2022\Community\VC\Tools\MSVC\14.39.33519\include\yvals_core.h(1000,1): warning C4005: '_DEPRECATE_TR1_NAMESPACE': macro redefinition [C:\originalhr2\HoverRaceAI\NetTarget\Model\Model.vcxproj]
  (compiling source file 'ShapeCollisions.cpp')
  C:\Program Files\Microsoft Visual Studio\2022\Community\SDK\ScopeCppSDK\vc15\VC\include\yvals.h(247,1):
  see previous definition of '_DEPRECATE_TR1_NAMESPACE'
  
C:\Program Files\Microsoft Visual Studio\2022\Community\VC\Tools\MSVC\14.39.33519\include\yvals_core.h(1014,1): warning C4005: '_MISMATCHED_ALLOCATOR_MESSAGE': macro redefinition [C:\originalhr2\HoverRaceAI\NetTarget\Model\Model.vcxproj]
  (compiling source file 'ShapeCollisions.cpp')
  C:\Program Files\Microsoft Visual Studio\2022\Community\SDK\ScopeCppSDK\vc15\VC\include\yvals.h(303,1):
  see previous definition of '_MISMATCHED_ALLOCATOR_MESSAGE'
  
  Shapes.cpp
  _WIN32_WINNT not defined. Defaulting to _WIN32_WINNT_MAXVER (see WinSDKVer.h)
C:\Program Files\Microsoft Visual Studio\2022\Community\VC\Tools\MSVC\14.39.33519\include\yvals_core.h(880,1): warning C4005: '_MSVC_STL_VERSION': macro redefinition [C:\originalhr2\HoverRaceAI\NetTarget\Model\Model.vcxproj]
  (compiling source file 'Shapes.cpp')
  C:\Program Files\Microsoft Visual Studio\2022\Community\SDK\ScopeCppSDK\vc15\VC\include\yvals.h(156,1):
  see previous definition of '_MSVC_STL_VERSION'
  
C:\Program Files\Microsoft Visual Studio\2022\Community\VC\Tools\MSVC\14.39.33519\include\yvals_core.h(881,1): warning C4005: '_MSVC_STL_UPDATE': macro redefinition [C:\originalhr2\HoverRaceAI\NetTarget\Model\Model.vcxproj]
  (compiling source file 'Shapes.cpp')
  C:\Program Files\Microsoft Visual Studio\2022\Community\SDK\ScopeCppSDK\vc15\VC\include\yvals.h(157,1):
  see previous definition of '_MSVC_STL_UPDATE'
  
C:\Program Files\Microsoft Visual Studio\2022\Community\VC\Tools\MSVC\14.39.33519\include\yvals_core.h(1000,1): warning C4005: '_DEPRECATE_TR1_NAMESPACE': macro redefinition [C:\originalhr2\HoverRaceAI\NetTarget\Model\Model.vcxproj]
  (compiling source file 'Shapes.cpp')
  C:\Program Files\Microsoft Visual Studio\2022\Community\SDK\ScopeCppSDK\vc15\VC\include\yvals.h(247,1):
  see previous definition of '_DEPRECATE_TR1_NAMESPACE'
  
C:\Program Files\Microsoft Visual Studio\2022\Community\VC\Tools\MSVC\14.39.33519\include\yvals_core.h(1014,1): warning C4005: '_MISMATCHED_ALLOCATOR_MESSAGE': macro redefinition [C:\originalhr2\HoverRaceAI\NetTarget\Model\Model.vcxproj]
  (compiling source file 'Shapes.cpp')
  C:\Program Files\Microsoft Visual Studio\2022\Community\SDK\ScopeCppSDK\vc15\VC\include\yvals.h(303,1):
  see previous definition of '_MISMATCHED_ALLOCATOR_MESSAGE'
  
  StdAfx.cpp
  _WIN32_WINNT not defined. Defaulting to _WIN32_WINNT_MAXVER (see WinSDKVer.h)
C:\Program Files\Microsoft Visual Studio\2022\Community\VC\Tools\MSVC\14.39.33519\include\yvals_core.h(880,1): warning C4005: '_MSVC_STL_VERSION': macro redefinition [C:\originalhr2\HoverRaceAI\NetTarget\Model\Model.vcxproj]
  (compiling source file 'StdAfx.cpp')
  C:\Program Files\Microsoft Visual Studio\2022\Community\SDK\ScopeCppSDK\vc15\VC\include\yvals.h(156,1):
  see previous definition of '_MSVC_STL_VERSION'
  
C:\Program Files\Microsoft Visual Studio\2022\Community\VC\Tools\MSVC\14.39.33519\include\yvals_core.h(881,1): warning C4005: '_MSVC_STL_UPDATE': macro redefinition [C:\originalhr2\HoverRaceAI\NetTarget\Model\Model.vcxproj]
  (compiling source file 'StdAfx.cpp')
  C:\Program Files\Microsoft Visual Studio\2022\Community\SDK\ScopeCppSDK\vc15\VC\include\yvals.h(157,1):
  see previous definition of '_MSVC_STL_UPDATE'
  
C:\Program Files\Microsoft Visual Studio\2022\Community\VC\Tools\MSVC\14.39.33519\include\yvals_core.h(1000,1): warning C4005: '_DEPRECATE_TR1_NAMESPACE': macro redefinition [C:\originalhr2\HoverRaceAI\NetTarget\Model\Model.vcxproj]
  (compiling source file 'StdAfx.cpp')
  C:\Program Files\Microsoft Visual Studio\2022\Community\SDK\ScopeCppSDK\vc15\VC\include\yvals.h(247,1):
  see previous definition of '_DEPRECATE_TR1_NAMESPACE'
  
C:\Program Files\Microsoft Visual Studio\2022\Community\VC\Tools\MSVC\14.39.33519\include\yvals_core.h(1014,1): warning C4005: '_MISMATCHED_ALLOCATOR_MESSAGE': macro redefinition [C:\originalhr2\HoverRaceAI\NetTarget\Model\Model.vcxproj]
  (compiling source file 'StdAfx.cpp')
  C:\Program Files\Microsoft Visual Studio\2022\Community\SDK\ScopeCppSDK\vc15\VC\include\yvals.h(303,1):
  see previous definition of '_MISMATCHED_ALLOCATOR_MESSAGE'
  
  Generating Code...
C:\originalhr2\HoverRaceAI\NetTarget\Model\ShapeCollisions.cpp(198,1): warning C4700: uninitialized local variable 'lReturnValue' used [C:\originalhr2\HoverRaceAI\NetTarget\Model\Model.vcxproj]
Link:
  C:\Program Files\Microsoft Visual Studio\2022\Community\VC\Tools\MSVC\14.39.33519\bin\HostX86\x86\link.exe /ERRORREPORT:QUEUE /OUT:"C:\originalhr2\HoverRaceAI\NetTarget\Model\..\..\Release\Model.dll" /NOLOGO winmm.lib /MANIFEST /MANIFESTUAC:"level='asInvoker' uiAccess='false'" /manifest:embed /manifestinput:"C:\Program Files\Microsoft Visual Studio\2022\Community\VC\Tools\MSVC\14.39.33519\Include\Manifest\dpiaware.manifest" /DEBUG:FULL /PDB:"C:\originalhr2\HoverRaceAI\NetTarget\Model\..\..\Release\Model.pdb" /TLBID:1 /DYNAMICBASE /NXCOMPAT /IMPLIB:"C:\originalhr2\HoverRaceAI\NetTarget\Model\..\..\Release\Model.lib" /MACHINE:X86 /SAFESEH /DLL C:\originalhr2\HoverRaceAI\NetTarget\Model\Release\ConcreteShape.obj
  C:\originalhr2\HoverRaceAI\NetTarget\Model\Release\ContactEffect.obj
  C:\originalhr2\HoverRaceAI\NetTarget\Model\Release\FreeElementMovingHelper.obj
  C:\originalhr2\HoverRaceAI\NetTarget\Model\Release\GameSession.obj
  C:\originalhr2\HoverRaceAI\NetTarget\Model\Release\Level.obj
  C:\originalhr2\HoverRaceAI\NetTarget\Model\Release\MazeElement.obj
  C:\originalhr2\HoverRaceAI\NetTarget\Model\Release\PhysicalCollision.obj
  C:\originalhr2\HoverRaceAI\NetTarget\Model\Release\ShapeCollisions.obj
  C:\originalhr2\HoverRaceAI\NetTarget\Model\Release\Shapes.obj
  C:\originalhr2\HoverRaceAI\NetTarget\Model\Release\StdAfx.obj
  C:\originalhr2\HoverRaceAI\Release\Util.lib
  C:\originalhr2\HoverRaceAI\Release\VideoServices.lib
     Creating library C:\originalhr2\HoverRaceAI\NetTarget\Model\..\..\Release\Model.lib and object C:\originalhr2\HoverRaceAI\NetTarget\Model\..\..\Release\Model.exp
StdAfx.obj : warning LNK4099: PDB '' was not found with 'StdAfx.obj' or at ''; linking object as if no debug info [C:\originalhr2\HoverRaceAI\NetTarget\Model\Model.vcxproj]
Shapes.obj : warning LNK4099: PDB '' was not found with 'Shapes.obj' or at ''; linking object as if no debug info [C:\originalhr2\HoverRaceAI\NetTarget\Model\Model.vcxproj]
ShapeCollisions.obj : warning LNK4099: PDB '' was not found with 'ShapeCollisions.obj' or at ''; linking object as if no debug info [C:\originalhr2\HoverRaceAI\NetTarget\Model\Model.vcxproj]
PhysicalCollision.obj : warning LNK4099: PDB '' was not found with 'PhysicalCollision.obj' or at ''; linking object as if no debug info [C:\originalhr2\HoverRaceAI\NetTarget\Model\Model.vcxproj]
MazeElement.obj : warning LNK4099: PDB '' was not found with 'MazeElement.obj' or at ''; linking object as if no debug info [C:\originalhr2\HoverRaceAI\NetTarget\Model\Model.vcxproj]
Level.obj : warning LNK4099: PDB '' was not found with 'Level.obj' or at ''; linking object as if no debug info [C:\originalhr2\HoverRaceAI\NetTarget\Model\Model.vcxproj]
GameSession.obj : warning LNK4099: PDB '' was not found with 'GameSession.obj' or at ''; linking object as if no debug info [C:\originalhr2\HoverRaceAI\NetTarget\Model\Model.vcxproj]
FreeElementMovingHelper.obj : warning LNK4099: PDB '' was not found with 'FreeElementMovingHelper.obj' or at ''; linking object as if no debug info [C:\originalhr2\HoverRaceAI\NetTarget\Model\Model.vcxproj]
ContactEffect.obj : warning LNK4099: PDB '' was not found with 'ContactEffect.obj' or at ''; linking object as if no debug info [C:\originalhr2\HoverRaceAI\NetTarget\Model\Model.vcxproj]
ConcreteShape.obj : warning LNK4099: PDB '' was not found with 'ConcreteShape.obj' or at ''; linking object as if no debug info [C:\originalhr2\HoverRaceAI\NetTarget\Model\Model.vcxproj]
  Model.vcxproj -> C:\originalhr2\HoverRaceAI\Release\Model.dll
FinalizeBuildStatus:
  Deleting file "C:\originalhr2\HoverRaceAI\NetTarget\Model\Release\Model.tlog\unsuccessfulbuild".
  Touching "C:\originalhr2\HoverRaceAI\NetTarget\Model\Release\Model.tlog\Model.lastbuildstate".
Done Building Project "C:\originalhr2\HoverRaceAI\NetTarget\Model\Model.vcxproj" (default targets).
PrepareForBuild:
  Structured output is enabled. The formatting of compiler diagnostics will reflect the error hierarchy. See https://aka.ms/cpp/structured-output for more details.
InitializeBuildStatus:
  Creating "C:\originalhr2\HoverRaceAI\NetTarget\MainCharacter\Release\MainCharacter.tlog\unsuccessfulbuild" because "AlwaysCreate" was specified.
  Touching "C:\originalhr2\HoverRaceAI\NetTarget\MainCharacter\Release\MainCharacter.tlog\unsuccessfulbuild".
ClCompile:
  C:\Program Files\Microsoft Visual Studio\2022\Community\VC\Tools\MSVC\14.39.33519\bin\HostX86\x86\CL.exe /c /I"C:\Program Files\Microsoft Visual Studio\2022\Community\SDK\ScopeCppSDK\vc15\VC\include" /I"C:\Program Files\Microsoft Visual Studio\2022\Community\VC\Tools\MSVC\14.39.33519\include" /Zi /nologo /W4 /WX- /diagnostics:column /O2 /Oy- /D WIN32 /D NDEBUG /D _WINDOWS /D MR_MAIN_CHARACTER /D _AFXDLL /D _WINDLL /D _MBCS /D _AFXDLL /Gm- /EHsc /MD /GS /fp:precise /Zc:wchar_t /Zc:forScope /Zc:inline /Fo"C:\originalhr2\HoverRaceAI\NetTarget\MainCharacter\Release\\" /Fd"C:\originalhr2\HoverRaceAI\NetTarget\MainCharacter\Release\vc143.pdb" /external:W4 /Gd /TP /analyze- /FC /errorReport:queue /FS MainCharacter.cpp MainCharacterRenderer.cpp StdAfx.cpp
  MainCharacter.cpp
  _WIN32_WINNT not defined. Defaulting to _WIN32_WINNT_MAXVER (see WinSDKVer.h)
C:\Program Files\Microsoft Visual Studio\2022\Community\VC\Tools\MSVC\14.39.33519\include\yvals_core.h(880,1): warning C4005: '_MSVC_STL_VERSION': macro redefinition [C:\originalhr2\HoverRaceAI\NetTarget\MainCharacter\MainCharacter.vcxproj]
  (compiling source file 'MainCharacter.cpp')
  C:\Program Files\Microsoft Visual Studio\2022\Community\SDK\ScopeCppSDK\vc15\VC\include\yvals.h(156,1):
  see previous definition of '_MSVC_STL_VERSION'
  
C:\Program Files\Microsoft Visual Studio\2022\Community\VC\Tools\MSVC\14.39.33519\include\yvals_core.h(881,1): warning C4005: '_MSVC_STL_UPDATE': macro redefinition [C:\originalhr2\HoverRaceAI\NetTarget\MainCharacter\MainCharacter.vcxproj]
  (compiling source file 'MainCharacter.cpp')
  C:\Program Files\Microsoft Visual Studio\2022\Community\SDK\ScopeCppSDK\vc15\VC\include\yvals.h(157,1):
  see previous definition of '_MSVC_STL_UPDATE'
  
C:\Program Files\Microsoft Visual Studio\2022\Community\VC\Tools\MSVC\14.39.33519\include\yvals_core.h(1000,1): warning C4005: '_DEPRECATE_TR1_NAMESPACE': macro redefinition [C:\originalhr2\HoverRaceAI\NetTarget\MainCharacter\MainCharacter.vcxproj]
  (compiling source file 'MainCharacter.cpp')
  C:\Program Files\Microsoft Visual Studio\2022\Community\SDK\ScopeCppSDK\vc15\VC\include\yvals.h(247,1):
  see previous definition of '_DEPRECATE_TR1_NAMESPACE'
  
C:\Program Files\Microsoft Visual Studio\2022\Community\VC\Tools\MSVC\14.39.33519\include\yvals_core.h(1014,1): warning C4005: '_MISMATCHED_ALLOCATOR_MESSAGE': macro redefinition [C:\originalhr2\HoverRaceAI\NetTarget\MainCharacter\MainCharacter.vcxproj]
  (compiling source file 'MainCharacter.cpp')
  C:\Program Files\Microsoft Visual Studio\2022\Community\SDK\ScopeCppSDK\vc15\VC\include\yvals.h(303,1):
  see previous definition of '_MISMATCHED_ALLOCATOR_MESSAGE'
  
C:\originalhr2\HoverRaceAI\NetTarget\MainCharacter\MainCharacter.cpp(45,2): warning C4091: 'static ': ignored on left of 'MR_ResActorFriend' when no variable is declared [C:\originalhr2\HoverRaceAI\NetTarget\MainCharacter\MainCharacter.vcxproj]
C:\originalhr2\HoverRaceAI\NetTarget\MainCharacter\MainCharacter.cpp(66,37): warning C4100: 'pModel': unreferenced formal parameter [C:\originalhr2\HoverRaceAI\NetTarget\MainCharacter\MainCharacter.vcxproj]
C:\originalhr2\HoverRaceAI\NetTarget\MainCharacter\MainCharacter.cpp(65,37): warning C4100: 'pHoverId': unreferenced formal parameter [C:\originalhr2\HoverRaceAI\NetTarget\MainCharacter\MainCharacter.vcxproj]
C:\originalhr2\HoverRaceAI\NetTarget\MainCharacter\MainCharacter.cpp(286,19): warning C4244: '=': conversion from 'double' to 'MR_Int32', possible loss of data [C:\originalhr2\HoverRaceAI\NetTarget\MainCharacter\MainCharacter.vcxproj]
C:\originalhr2\HoverRaceAI\NetTarget\MainCharacter\MainCharacter.cpp(287,19): warning C4244: '=': conversion from 'double' to 'MR_Int32', possible loss of data [C:\originalhr2\HoverRaceAI\NetTarget\MainCharacter\MainCharacter.vcxproj]
C:\originalhr2\HoverRaceAI\NetTarget\MainCharacter\MainCharacter.cpp(288,19): warning C4244: '=': conversion from 'double' to 'MR_Int32', possible loss of data [C:\originalhr2\HoverRaceAI\NetTarget\MainCharacter\MainCharacter.vcxproj]
C:\originalhr2\HoverRaceAI\NetTarget\MainCharacter\MainCharacter.cpp(415,26): warning C4477: 'fprintf' : format string '%.0f' requires an argument of type 'double', but variadic argument 6 has type 'MR_Int32' [C:\originalhr2\HoverRaceAI\NetTarget\MainCharacter\MainCharacter.vcxproj]
C:\originalhr2\HoverRaceAI\NetTarget\MainCharacter\MainCharacter.cpp(415,26): warning C4477: 'fprintf' : format string '%.0f' requires an argument of type 'double', but variadic argument 7 has type 'MR_Int32' [C:\originalhr2\HoverRaceAI\NetTarget\MainCharacter\MainCharacter.vcxproj]
C:\originalhr2\HoverRaceAI\NetTarget\MainCharacter\MainCharacter.cpp(415,26): warning C4477: 'fprintf' : format string '%.0f' requires an argument of type 'double', but variadic argument 8 has type 'MR_Int32' [C:\originalhr2\HoverRaceAI\NetTarget\MainCharacter\MainCharacter.vcxproj]
C:\originalhr2\HoverRaceAI\NetTarget\MainCharacter\MainCharacter.cpp(375,21): warning C4996: 'fopen': This function or variable may be unsafe. Consider using fopen_s instead. To disable deprecation, use _CRT_SECURE_NO_WARNINGS. See online help for details. [C:\originalhr2\HoverRaceAI\NetTarget\MainCharacter\MainCharacter.vcxproj]
C:\originalhr2\HoverRaceAI\NetTarget\MainCharacter\MainCharacter.cpp(412,22): warning C4996: 'fopen': This function or variable may be unsafe. Consider using fopen_s instead. To disable deprecation, use _CRT_SECURE_NO_WARNINGS. See online help for details. [C:\originalhr2\HoverRaceAI\NetTarget\MainCharacter\MainCharacter.vcxproj]
C:\originalhr2\HoverRaceAI\NetTarget\MainCharacter\MainCharacter.cpp(521,55): warning C4244: 'argument': conversion from 'double' to 'MR_Int32', possible loss of data [C:\originalhr2\HoverRaceAI\NetTarget\MainCharacter\MainCharacter.vcxproj]
C:\originalhr2\HoverRaceAI\NetTarget\MainCharacter\MainCharacter.cpp(522,55): warning C4244: 'argument': conversion from 'double' to 'MR_Int32', possible loss of data [C:\originalhr2\HoverRaceAI\NetTarget\MainCharacter\MainCharacter.vcxproj]
C:\originalhr2\HoverRaceAI\NetTarget\MainCharacter\MainCharacter.cpp(523,40): warning C4244: 'argument': conversion from 'double' to 'MR_Int32', possible loss of data [C:\originalhr2\HoverRaceAI\NetTarget\MainCharacter\MainCharacter.vcxproj]
C:\originalhr2\HoverRaceAI\NetTarget\MainCharacter\MainCharacter.cpp(575,31): warning C4244: '=': conversion from 'MR_UInt32' to 'MR_Angle', possible loss of data [C:\originalhr2\HoverRaceAI\NetTarget\MainCharacter\MainCharacter.vcxproj]
C:\originalhr2\HoverRaceAI\NetTarget\MainCharacter\MainCharacter.cpp(801,32): warning C4244: '-=': conversion from 'double' to 'MR_SimulationTime', possible loss of data [C:\originalhr2\HoverRaceAI\NetTarget\MainCharacter\MainCharacter.vcxproj]
C:\originalhr2\HoverRaceAI\NetTarget\MainCharacter\MainCharacter.cpp(1003,34): warning C4244: 'argument': conversion from 'double' to 'MR_Int32', possible loss of data [C:\originalhr2\HoverRaceAI\NetTarget\MainCharacter\MainCharacter.vcxproj]
C:\originalhr2\HoverRaceAI\NetTarget\MainCharacter\MainCharacter.cpp(1002,34): warning C4244: 'argument': conversion from 'double' to 'MR_Int32', possible loss of data [C:\originalhr2\HoverRaceAI\NetTarget\MainCharacter\MainCharacter.vcxproj]
C:\originalhr2\HoverRaceAI\NetTarget\MainCharacter\MainCharacter.cpp(1001,34): warning C4244: 'argument': conversion from 'double' to 'MR_Int32', possible loss of data [C:\originalhr2\HoverRaceAI\NetTarget\MainCharacter\MainCharacter.vcxproj]
C:\originalhr2\HoverRaceAI\NetTarget\MainCharacter\MainCharacter.cpp(1184,35): warning C4244: '=': conversion from 'double' to 'MR_Int32', possible loss of data [C:\originalhr2\HoverRaceAI\NetTarget\MainCharacter\MainCharacter.vcxproj]
C:\originalhr2\HoverRaceAI\NetTarget\MainCharacter\MainCharacter.cpp(1185,35): warning C4244: '=': conversion from 'double' to 'MR_Int32', possible loss of data [C:\originalhr2\HoverRaceAI\NetTarget\MainCharacter\MainCharacter.vcxproj]
C:\originalhr2\HoverRaceAI\NetTarget\MainCharacter\MainCharacter.cpp(1154,207): warning C4100: 'pZMax': unreferenced formal parameter [C:\originalhr2\HoverRaceAI\NetTarget\MainCharacter\MainCharacter.vcxproj]
C:\originalhr2\HoverRaceAI\NetTarget\MainCharacter\MainCharacter.cpp(1333,36): warning C4244: '=': conversion from 'double' to 'MR_Int32', possible loss of data [C:\originalhr2\HoverRaceAI\NetTarget\MainCharacter\MainCharacter.vcxproj]
C:\originalhr2\HoverRaceAI\NetTarget\MainCharacter\MainCharacter.cpp(1334,36): warning C4244: '=': conversion from 'double' to 'MR_Int32', possible loss of data [C:\originalhr2\HoverRaceAI\NetTarget\MainCharacter\MainCharacter.vcxproj]
C:\originalhr2\HoverRaceAI\NetTarget\MainCharacter\MainCharacter.cpp(1524,26): warning C4996: 'fopen': This function or variable may be unsafe. Consider using fopen_s instead. To disable deprecation, use _CRT_SECURE_NO_WARNINGS. See online help for details. [C:\originalhr2\HoverRaceAI\NetTarget\MainCharacter\MainCharacter.vcxproj]
C:\originalhr2\HoverRaceAI\NetTarget\MainCharacter\MainCharacter.cpp(1549,26): warning C4996: 'fopen': This function or variable may be unsafe. Consider using fopen_s instead. To disable deprecation, use _CRT_SECURE_NO_WARNINGS. See online help for details. [C:\originalhr2\HoverRaceAI\NetTarget\MainCharacter\MainCharacter.vcxproj]
C:\originalhr2\HoverRaceAI\NetTarget\MainCharacter\MainCharacter.cpp(1561,26): warning C4996: 'fopen': This function or variable may be unsafe. Consider using fopen_s instead. To disable deprecation, use _CRT_SECURE_NO_WARNINGS. See online help for details. [C:\originalhr2\HoverRaceAI\NetTarget\MainCharacter\MainCharacter.vcxproj]
C:\originalhr2\HoverRaceAI\NetTarget\MainCharacter\MainCharacter.cpp(1572,26): warning C4996: 'fopen': This function or variable may be unsafe. Consider using fopen_s instead. To disable deprecation, use _CRT_SECURE_NO_WARNINGS. See online help for details. [C:\originalhr2\HoverRaceAI\NetTarget\MainCharacter\MainCharacter.vcxproj]
  MainCharacterRenderer.cpp
  _WIN32_WINNT not defined. Defaulting to _WIN32_WINNT_MAXVER (see WinSDKVer.h)
C:\Program Files\Microsoft Visual Studio\2022\Community\VC\Tools\MSVC\14.39.33519\include\yvals_core.h(880,1): warning C4005: '_MSVC_STL_VERSION': macro redefinition [C:\originalhr2\HoverRaceAI\NetTarget\MainCharacter\MainCharacter.vcxproj]
  (compiling source file 'MainCharacterRenderer.cpp')
  C:\Program Files\Microsoft Visual Studio\2022\Community\SDK\ScopeCppSDK\vc15\VC\include\yvals.h(156,1):
  see previous definition of '_MSVC_STL_VERSION'
  
C:\Program Files\Microsoft Visual Studio\2022\Community\VC\Tools\MSVC\14.39.33519\include\yvals_core.h(881,1): warning C4005: '_MSVC_STL_UPDATE': macro redefinition [C:\originalhr2\HoverRaceAI\NetTarget\MainCharacter\MainCharacter.vcxproj]
  (compiling source file 'MainCharacterRenderer.cpp')
  C:\Program Files\Microsoft Visual Studio\2022\Community\SDK\ScopeCppSDK\vc15\VC\include\yvals.h(157,1):
  see previous definition of '_MSVC_STL_UPDATE'
  
C:\Program Files\Microsoft Visual Studio\2022\Community\VC\Tools\MSVC\14.39.33519\include\yvals_core.h(1000,1): warning C4005: '_DEPRECATE_TR1_NAMESPACE': macro redefinition [C:\originalhr2\HoverRaceAI\NetTarget\MainCharacter\MainCharacter.vcxproj]
  (compiling source file 'MainCharacterRenderer.cpp')
  C:\Program Files\Microsoft Visual Studio\2022\Community\SDK\ScopeCppSDK\vc15\VC\include\yvals.h(247,1):
  see previous definition of '_DEPRECATE_TR1_NAMESPACE'
  
C:\Program Files\Microsoft Visual Studio\2022\Community\VC\Tools\MSVC\14.39.33519\include\yvals_core.h(1014,1): warning C4005: '_MISMATCHED_ALLOCATOR_MESSAGE': macro redefinition [C:\originalhr2\HoverRaceAI\NetTarget\MainCharacter\MainCharacter.vcxproj]
  (compiling source file 'MainCharacterRenderer.cpp')
  C:\Program Files\Microsoft Visual Studio\2022\Community\SDK\ScopeCppSDK\vc15\VC\include\yvals.h(303,1):
  see previous definition of '_MISMATCHED_ALLOCATOR_MESSAGE'
  
  StdAfx.cpp
  _WIN32_WINNT not defined. Defaulting to _WIN32_WINNT_MAXVER (see WinSDKVer.h)
C:\Program Files\Microsoft Visual Studio\2022\Community\VC\Tools\MSVC\14.39.33519\include\yvals_core.h(880,1): warning C4005: '_MSVC_STL_VERSION': macro redefinition [C:\originalhr2\HoverRaceAI\NetTarget\MainCharacter\MainCharacter.vcxproj]
  (compiling source file 'StdAfx.cpp')
  C:\Program Files\Microsoft Visual Studio\2022\Community\SDK\ScopeCppSDK\vc15\VC\include\yvals.h(156,1):
  see previous definition of '_MSVC_STL_VERSION'
  
C:\Program Files\Microsoft Visual Studio\2022\Community\VC\Tools\MSVC\14.39.33519\include\yvals_core.h(881,1): warning C4005: '_MSVC_STL_UPDATE': macro redefinition [C:\originalhr2\HoverRaceAI\NetTarget\MainCharacter\MainCharacter.vcxproj]
  (compiling source file 'StdAfx.cpp')
  C:\Program Files\Microsoft Visual Studio\2022\Community\SDK\ScopeCppSDK\vc15\VC\include\yvals.h(157,1):
  see previous definition of '_MSVC_STL_UPDATE'
  
C:\Program Files\Microsoft Visual Studio\2022\Community\VC\Tools\MSVC\14.39.33519\include\yvals_core.h(1000,1): warning C4005: '_DEPRECATE_TR1_NAMESPACE': macro redefinition [C:\originalhr2\HoverRaceAI\NetTarget\MainCharacter\MainCharacter.vcxproj]
  (compiling source file 'StdAfx.cpp')
  C:\Program Files\Microsoft Visual Studio\2022\Community\SDK\ScopeCppSDK\vc15\VC\include\yvals.h(247,1):
  see previous definition of '_DEPRECATE_TR1_NAMESPACE'
  
C:\Program Files\Microsoft Visual Studio\2022\Community\VC\Tools\MSVC\14.39.33519\include\yvals_core.h(1014,1): warning C4005: '_MISMATCHED_ALLOCATOR_MESSAGE': macro redefinition [C:\originalhr2\HoverRaceAI\NetTarget\MainCharacter\MainCharacter.vcxproj]
  (compiling source file 'StdAfx.cpp')
  C:\Program Files\Microsoft Visual Studio\2022\Community\SDK\ScopeCppSDK\vc15\VC\include\yvals.h(303,1):
  see previous definition of '_MISMATCHED_ALLOCATOR_MESSAGE'
  
  Generating Code...
Link:
  C:\Program Files\Microsoft Visual Studio\2022\Community\VC\Tools\MSVC\14.39.33519\bin\HostX86\x86\link.exe /ERRORREPORT:QUEUE /OUT:"C:\originalhr2\HoverRaceAI\NetTarget\MainCharacter\..\..\Release\MainCharacter.dll" /NOLOGO /MANIFEST /MANIFESTUAC:"level='asInvoker' uiAccess='false'" /manifest:embed /manifestinput:"C:\Program Files\Microsoft Visual Studio\2022\Community\VC\Tools\MSVC\14.39.33519\Include\Manifest\dpiaware.manifest" /DEBUG:FULL /PDB:"C:\originalhr2\HoverRaceAI\NetTarget\MainCharacter\..\..\Release\MainCharacter.pdb" /TLBID:1 /DYNAMICBASE /NXCOMPAT /IMPLIB:"C:\originalhr2\HoverRaceAI\NetTarget\MainCharacter\..\..\Release\MainCharacter.lib" /MACHINE:X86 /SAFESEH /DLL C:\originalhr2\HoverRaceAI\NetTarget\MainCharacter\Release\MainCharacter.obj
  C:\originalhr2\HoverRaceAI\NetTarget\MainCharacter\Release\MainCharacterRenderer.obj
  C:\originalhr2\HoverRaceAI\NetTarget\MainCharacter\Release\StdAfx.obj
  C:\originalhr2\HoverRaceAI\Release\Util.lib
  C:\originalhr2\HoverRaceAI\Release\VideoServices.lib
  C:\originalhr2\HoverRaceAI\Release\Model.lib
     Creating library C:\originalhr2\HoverRaceAI\NetTarget\MainCharacter\..\..\Release\MainCharacter.lib and object C:\originalhr2\HoverRaceAI\NetTarget\MainCharacter\..\..\Release\MainCharacter.exp
  MainCharacter.vcxproj -> C:\originalhr2\HoverRaceAI\Release\MainCharacter.dll
FinalizeBuildStatus:
  Deleting file "C:\originalhr2\HoverRaceAI\NetTarget\MainCharacter\Release\MainCharacter.tlog\unsuccessfulbuild".
  Touching "C:\originalhr2\HoverRaceAI\NetTarget\MainCharacter\Release\MainCharacter.tlog\MainCharacter.lastbuildstate".
Done Building Project "C:\originalhr2\HoverRaceAI\NetTarget\MainCharacter\MainCharacter.vcxproj" (Rebuild target(s)).

Build succeeded.

"C:\originalhr2\HoverRaceAI\NetTarget\MainCharacter\MainCharacter.vcxproj" (Rebuild target) (1) ->
"C:\originalhr2\HoverRaceAI\NetTarget\Model\Model.vcxproj" (Clean target) (4) ->
(CoreCppClean target) -> 
  C:\Program Files\Microsoft Visual Studio\2022\Community\MSBuild\Microsoft\VC\v170\Microsoft.CppClean.targets(77,5): warning : The process cannot access the file 'c:\originalhr2\hoverraceai\nettarget\model\release\vc143.pdb' because it is being used by another process. [C:\originalhr2\HoverRaceAI\NetTarget\Model\Model.vcxproj]


"C:\originalhr2\HoverRaceAI\NetTarget\MainCharacter\MainCharacter.vcxproj" (Rebuild target) (1) ->
"C:\originalhr2\HoverRaceAI\NetTarget\Util\Util.vcxproj" (default target) (2:4) ->
(ClCompile target) -> 
  C:\Program Files\Microsoft Visual Studio\2022\Community\VC\Tools\MSVC\14.39.33519\include\yvals_core.h(880,1): warning C4005: '_MSVC_STL_VERSION': macro redefinition [C:\originalhr2\HoverRaceAI\NetTarget\Util\Util.vcxproj]
  C:\Program Files\Microsoft Visual Studio\2022\Community\VC\Tools\MSVC\14.39.33519\include\yvals_core.h(881,1): warning C4005: '_MSVC_STL_UPDATE': macro redefinition [C:\originalhr2\HoverRaceAI\NetTarget\Util\Util.vcxproj]
  C:\Program Files\Microsoft Visual Studio\2022\Community\VC\Tools\MSVC\14.39.33519\include\yvals_core.h(1000,1): warning C4005: '_DEPRECATE_TR1_NAMESPACE': macro redefinition [C:\originalhr2\HoverRaceAI\NetTarget\Util\Util.vcxproj]
  C:\Program Files\Microsoft Visual Studio\2022\Community\VC\Tools\MSVC\14.39.33519\include\yvals_core.h(1014,1): warning C4005: '_MISMATCHED_ALLOCATOR_MESSAGE': macro redefinition [C:\originalhr2\HoverRaceAI\NetTarget\Util\Util.vcxproj]
  C:\originalhr2\HoverRaceAI\NetTarget\Util\DllObjectFactory.cpp(372,4): warning C4996: 'sprintf': This function or variable may be unsafe. Consider using sprintf_s instead. To disable deprecation, use _CRT_SECURE_NO_WARNINGS. See online help for details. [C:\originalhr2\HoverRaceAI\NetTarget\Util\Util.vcxproj]
  C:\Program Files\Microsoft Visual Studio\2022\Community\VC\Tools\MSVC\14.39.33519\include\yvals_core.h(880,1): warning C4005: '_MSVC_STL_VERSION': macro redefinition [C:\originalhr2\HoverRaceAI\NetTarget\Util\Util.vcxproj]
  C:\Program Files\Microsoft Visual Studio\2022\Community\VC\Tools\MSVC\14.39.33519\include\yvals_core.h(881,1): warning C4005: '_MSVC_STL_UPDATE': macro redefinition [C:\originalhr2\HoverRaceAI\NetTarget\Util\Util.vcxproj]
  C:\Program Files\Microsoft Visual Studio\2022\Community\VC\Tools\MSVC\14.39.33519\include\yvals_core.h(1000,1): warning C4005: '_DEPRECATE_TR1_NAMESPACE': macro redefinition [C:\originalhr2\HoverRaceAI\NetTarget\Util\Util.vcxproj]
  C:\Program Files\Microsoft Visual Studio\2022\Community\VC\Tools\MSVC\14.39.33519\include\yvals_core.h(1014,1): warning C4005: '_MISMATCHED_ALLOCATOR_MESSAGE': macro redefinition [C:\originalhr2\HoverRaceAI\NetTarget\Util\Util.vcxproj]
  C:\Program Files\Microsoft Visual Studio\2022\Community\VC\Tools\MSVC\14.39.33519\include\yvals_core.h(880,1): warning C4005: '_MSVC_STL_VERSION': macro redefinition [C:\originalhr2\HoverRaceAI\NetTarget\Util\Util.vcxproj]
  C:\Program Files\Microsoft Visual Studio\2022\Community\VC\Tools\MSVC\14.39.33519\include\yvals_core.h(881,1): warning C4005: '_MSVC_STL_UPDATE': macro redefinition [C:\originalhr2\HoverRaceAI\NetTarget\Util\Util.vcxproj]
  C:\Program Files\Microsoft Visual Studio\2022\Community\VC\Tools\MSVC\14.39.33519\include\yvals_core.h(1000,1): warning C4005: '_DEPRECATE_TR1_NAMESPACE': macro redefinition [C:\originalhr2\HoverRaceAI\NetTarget\Util\Util.vcxproj]
  C:\Program Files\Microsoft Visual Studio\2022\Community\VC\Tools\MSVC\14.39.33519\include\yvals_core.h(1014,1): warning C4005: '_MISMATCHED_ALLOCATOR_MESSAGE': macro redefinition [C:\originalhr2\HoverRaceAI\NetTarget\Util\Util.vcxproj]
  C:\Program Files\Microsoft Visual Studio\2022\Community\VC\Tools\MSVC\14.39.33519\include\yvals_core.h(880,1): warning C4005: '_MSVC_STL_VERSION': macro redefinition [C:\originalhr2\HoverRaceAI\NetTarget\Util\Util.vcxproj]
  C:\Program Files\Microsoft Visual Studio\2022\Community\VC\Tools\MSVC\14.39.33519\include\yvals_core.h(881,1): warning C4005: '_MSVC_STL_UPDATE': macro redefinition [C:\originalhr2\HoverRaceAI\NetTarget\Util\Util.vcxproj]
  C:\Program Files\Microsoft Visual Studio\2022\Community\VC\Tools\MSVC\14.39.33519\include\yvals_core.h(1000,1): warning C4005: '_DEPRECATE_TR1_NAMESPACE': macro redefinition [C:\originalhr2\HoverRaceAI\NetTarget\Util\Util.vcxproj]
  C:\Program Files\Microsoft Visual Studio\2022\Community\VC\Tools\MSVC\14.39.33519\include\yvals_core.h(1014,1): warning C4005: '_MISMATCHED_ALLOCATOR_MESSAGE': macro redefinition [C:\originalhr2\HoverRaceAI\NetTarget\Util\Util.vcxproj]
  C:\originalhr2\HoverRaceAI\NetTarget\Util\RecordFile.cpp(261,66): warning C4244: '=': conversion from 'ULONGLONG' to 'DWORD', possible loss of data [C:\originalhr2\HoverRaceAI\NetTarget\Util\Util.vcxproj]
  C:\originalhr2\HoverRaceAI\NetTarget\Util\RecordFile.cpp(432,50): warning C4244: 'return': conversion from 'ULONGLONG' to 'LONG', possible loss of data [C:\originalhr2\HoverRaceAI\NetTarget\Util\Util.vcxproj]
  C:\originalhr2\HoverRaceAI\NetTarget\Util\RecordFile.cpp(478,32): warning C4244: '=': conversion from 'ULONGLONG' to 'UINT', possible loss of data [C:\originalhr2\HoverRaceAI\NetTarget\Util\Util.vcxproj]
  C:\originalhr2\HoverRaceAI\NetTarget\Util\RecordFile.cpp(539,18): warning C4996: 'fopen': This function or variable may be unsafe. Consider using fopen_s instead. To disable deprecation, use _CRT_SECURE_NO_WARNINGS. See online help for details. [C:\originalhr2\HoverRaceAI\NetTarget\Util\Util.vcxproj]
  C:\Program Files\Microsoft Visual Studio\2022\Community\VC\Tools\MSVC\14.39.33519\include\yvals_core.h(880,1): warning C4005: '_MSVC_STL_VERSION': macro redefinition [C:\originalhr2\HoverRaceAI\NetTarget\Util\Util.vcxproj]
  C:\Program Files\Microsoft Visual Studio\2022\Community\VC\Tools\MSVC\14.39.33519\include\yvals_core.h(881,1): warning C4005: '_MSVC_STL_UPDATE': macro redefinition [C:\originalhr2\HoverRaceAI\NetTarget\Util\Util.vcxproj]
  C:\Program Files\Microsoft Visual Studio\2022\Community\VC\Tools\MSVC\14.39.33519\include\yvals_core.h(1000,1): warning C4005: '_DEPRECATE_TR1_NAMESPACE': macro redefinition [C:\originalhr2\HoverRaceAI\NetTarget\Util\Util.vcxproj]
  C:\Program Files\Microsoft Visual Studio\2022\Community\VC\Tools\MSVC\14.39.33519\include\yvals_core.h(1014,1): warning C4005: '_MISMATCHED_ALLOCATOR_MESSAGE': macro redefinition [C:\originalhr2\HoverRaceAI\NetTarget\Util\Util.vcxproj]
  C:\Program Files\Microsoft Visual Studio\2022\Community\VC\Tools\MSVC\14.39.33519\include\yvals_core.h(880,1): warning C4005: '_MSVC_STL_VERSION': macro redefinition [C:\originalhr2\HoverRaceAI\NetTarget\Util\Util.vcxproj]
  C:\Program Files\Microsoft Visual Studio\2022\Community\VC\Tools\MSVC\14.39.33519\include\yvals_core.h(881,1): warning C4005: '_MSVC_STL_UPDATE': macro redefinition [C:\originalhr2\HoverRaceAI\NetTarget\Util\Util.vcxproj]
  C:\Program Files\Microsoft Visual Studio\2022\Community\VC\Tools\MSVC\14.39.33519\include\yvals_core.h(1000,1): warning C4005: '_DEPRECATE_TR1_NAMESPACE': macro redefinition [C:\originalhr2\HoverRaceAI\NetTarget\Util\Util.vcxproj]
  C:\Program Files\Microsoft Visual Studio\2022\Community\VC\Tools\MSVC\14.39.33519\include\yvals_core.h(1014,1): warning C4005: '_MISMATCHED_ALLOCATOR_MESSAGE': macro redefinition [C:\originalhr2\HoverRaceAI\NetTarget\Util\Util.vcxproj]
  C:\Program Files\Microsoft Visual Studio\2022\Community\VC\Tools\MSVC\14.39.33519\include\yvals_core.h(880,1): warning C4005: '_MSVC_STL_VERSION': macro redefinition [C:\originalhr2\HoverRaceAI\NetTarget\Util\Util.vcxproj]
  C:\Program Files\Microsoft Visual Studio\2022\Community\VC\Tools\MSVC\14.39.33519\include\yvals_core.h(881,1): warning C4005: '_MSVC_STL_UPDATE': macro redefinition [C:\originalhr2\HoverRaceAI\NetTarget\Util\Util.vcxproj]
  C:\Program Files\Microsoft Visual Studio\2022\Community\VC\Tools\MSVC\14.39.33519\include\yvals_core.h(1000,1): warning C4005: '_DEPRECATE_TR1_NAMESPACE': macro redefinition [C:\originalhr2\HoverRaceAI\NetTarget\Util\Util.vcxproj]
  C:\Program Files\Microsoft Visual Studio\2022\Community\VC\Tools\MSVC\14.39.33519\include\yvals_core.h(1014,1): warning C4005: '_MISMATCHED_ALLOCATOR_MESSAGE': macro redefinition [C:\originalhr2\HoverRaceAI\NetTarget\Util\Util.vcxproj]


"C:\originalhr2\HoverRaceAI\NetTarget\MainCharacter\MainCharacter.vcxproj" (Rebuild target) (1) ->
"C:\originalhr2\HoverRaceAI\NetTarget\VideoServices\VideoServices.vcxproj" (default target) (3:3) ->
  C:\Program Files\Microsoft Visual Studio\2022\Community\VC\Tools\MSVC\14.39.33519\include\yvals_core.h(880,1): warning C4005: '_MSVC_STL_VERSION': macro redefinition [C:\originalhr2\HoverRaceAI\NetTarget\VideoServices\VideoServices.vcxproj]
  C:\Program Files\Microsoft Visual Studio\2022\Community\VC\Tools\MSVC\14.39.33519\include\yvals_core.h(881,1): warning C4005: '_MSVC_STL_UPDATE': macro redefinition [C:\originalhr2\HoverRaceAI\NetTarget\VideoServices\VideoServices.vcxproj]
  C:\Program Files\Microsoft Visual Studio\2022\Community\VC\Tools\MSVC\14.39.33519\include\yvals_core.h(1000,1): warning C4005: '_DEPRECATE_TR1_NAMESPACE': macro redefinition [C:\originalhr2\HoverRaceAI\NetTarget\VideoServices\VideoServices.vcxproj]
  C:\Program Files\Microsoft Visual Studio\2022\Community\VC\Tools\MSVC\14.39.33519\include\yvals_core.h(1014,1): warning C4005: '_MISMATCHED_ALLOCATOR_MESSAGE': macro redefinition [C:\originalhr2\HoverRaceAI\NetTarget\VideoServices\VideoServices.vcxproj]
  C:\Program Files\Microsoft Visual Studio\2022\Community\VC\Tools\MSVC\14.39.33519\include\yvals_core.h(880,1): warning C4005: '_MSVC_STL_VERSION': macro redefinition [C:\originalhr2\HoverRaceAI\NetTarget\VideoServices\VideoServices.vcxproj]
  C:\Program Files\Microsoft Visual Studio\2022\Community\VC\Tools\MSVC\14.39.33519\include\yvals_core.h(881,1): warning C4005: '_MSVC_STL_UPDATE': macro redefinition [C:\originalhr2\HoverRaceAI\NetTarget\VideoServices\VideoServices.vcxproj]
  C:\Program Files\Microsoft Visual Studio\2022\Community\VC\Tools\MSVC\14.39.33519\include\yvals_core.h(1000,1): warning C4005: '_DEPRECATE_TR1_NAMESPACE': macro redefinition [C:\originalhr2\HoverRaceAI\NetTarget\VideoServices\VideoServices.vcxproj]
  C:\Program Files\Microsoft Visual Studio\2022\Community\VC\Tools\MSVC\14.39.33519\include\yvals_core.h(1014,1): warning C4005: '_MISMATCHED_ALLOCATOR_MESSAGE': macro redefinition [C:\originalhr2\HoverRaceAI\NetTarget\VideoServices\VideoServices.vcxproj]
  C:\originalhr2\HoverRaceAI\NetTarget\VideoServices\3DViewport.cpp(143,156): warning C4244: '=': conversion from 'double' to 'MR_Int32', possible loss of data [C:\originalhr2\HoverRaceAI\NetTarget\VideoServices\VideoServices.vcxproj]
  C:\originalhr2\HoverRaceAI\NetTarget\VideoServices\3DViewport.cpp(144,84): warning C4244: '=': conversion from 'double' to 'MR_Int32', possible loss of data [C:\originalhr2\HoverRaceAI\NetTarget\VideoServices\VideoServices.vcxproj]
  C:\Program Files\Microsoft Visual Studio\2022\Community\VC\Tools\MSVC\14.39.33519\include\yvals_core.h(880,1): warning C4005: '_MSVC_STL_VERSION': macro redefinition [C:\originalhr2\HoverRaceAI\NetTarget\VideoServices\VideoServices.vcxproj]
  C:\Program Files\Microsoft Visual Studio\2022\Community\VC\Tools\MSVC\14.39.33519\include\yvals_core.h(881,1): warning C4005: '_MSVC_STL_UPDATE': macro redefinition [C:\originalhr2\HoverRaceAI\NetTarget\VideoServices\VideoServices.vcxproj]
  C:\Program Files\Microsoft Visual Studio\2022\Community\VC\Tools\MSVC\14.39.33519\include\yvals_core.h(1000,1): warning C4005: '_DEPRECATE_TR1_NAMESPACE': macro redefinition [C:\originalhr2\HoverRaceAI\NetTarget\VideoServices\VideoServices.vcxproj]
  C:\Program Files\Microsoft Visual Studio\2022\Community\VC\Tools\MSVC\14.39.33519\include\yvals_core.h(1014,1): warning C4005: '_MISMATCHED_ALLOCATOR_MESSAGE': macro redefinition [C:\originalhr2\HoverRaceAI\NetTarget\VideoServices\VideoServices.vcxproj]
  C:\originalhr2\HoverRaceAI\NetTarget\VideoServices\3DViewportRendering.cpp(415,21): warning C4244: 'initializing': conversion from 'LONGLONG' to 'int', possible loss of data [C:\originalhr2\HoverRaceAI\NetTarget\VideoServices\VideoServices.vcxproj]
  C:\originalhr2\HoverRaceAI\NetTarget\VideoServices\3DViewportRendering.cpp(1214,56): warning C4244: '=': conversion from 'int' to 'MR_UInt16', possible loss of data [C:\originalhr2\HoverRaceAI\NetTarget\VideoServices\VideoServices.vcxproj]
  C:\originalhr2\HoverRaceAI\NetTarget\VideoServices\3DViewportRendering.cpp(1937,61): warning C4244: '=': conversion from 'int' to 'MR_UInt16', possible loss of data [C:\originalhr2\HoverRaceAI\NetTarget\VideoServices\VideoServices.vcxproj]
  C:\originalhr2\HoverRaceAI\NetTarget\VideoServices\3DViewportRendering.cpp(2132,55): warning C4244: '=': conversion from 'int' to 'MR_UInt16', possible loss of data [C:\originalhr2\HoverRaceAI\NetTarget\VideoServices\VideoServices.vcxproj]
  C:\Program Files\Microsoft Visual Studio\2022\Community\VC\Tools\MSVC\14.39.33519\include\yvals_core.h(880,1): warning C4005: '_MSVC_STL_VERSION': macro redefinition [C:\originalhr2\HoverRaceAI\NetTarget\VideoServices\VideoServices.vcxproj]
  C:\Program Files\Microsoft Visual Studio\2022\Community\VC\Tools\MSVC\14.39.33519\include\yvals_core.h(881,1): warning C4005: '_MSVC_STL_UPDATE': macro redefinition [C:\originalhr2\HoverRaceAI\NetTarget\VideoServices\VideoServices.vcxproj]
  C:\Program Files\Microsoft Visual Studio\2022\Community\VC\Tools\MSVC\14.39.33519\include\yvals_core.h(1000,1): warning C4005: '_DEPRECATE_TR1_NAMESPACE': macro redefinition [C:\originalhr2\HoverRaceAI\NetTarget\VideoServices\VideoServices.vcxproj]
  C:\Program Files\Microsoft Visual Studio\2022\Community\VC\Tools\MSVC\14.39.33519\include\yvals_core.h(1014,1): warning C4005: '_MISMATCHED_ALLOCATOR_MESSAGE': macro redefinition [C:\originalhr2\HoverRaceAI\NetTarget\VideoServices\VideoServices.vcxproj]
  C:\Program Files\Microsoft Visual Studio\2022\Community\VC\Tools\MSVC\14.39.33519\include\yvals_core.h(880,1): warning C4005: '_MSVC_STL_VERSION': macro redefinition [C:\originalhr2\HoverRaceAI\NetTarget\VideoServices\VideoServices.vcxproj]
  C:\Program Files\Microsoft Visual Studio\2022\Community\VC\Tools\MSVC\14.39.33519\include\yvals_core.h(881,1): warning C4005: '_MSVC_STL_UPDATE': macro redefinition [C:\originalhr2\HoverRaceAI\NetTarget\VideoServices\VideoServices.vcxproj]
  C:\Program Files\Microsoft Visual Studio\2022\Community\VC\Tools\MSVC\14.39.33519\include\yvals_core.h(1000,1): warning C4005: '_DEPRECATE_TR1_NAMESPACE': macro redefinition [C:\originalhr2\HoverRaceAI\NetTarget\VideoServices\VideoServices.vcxproj]
  C:\Program Files\Microsoft Visual Studio\2022\Community\VC\Tools\MSVC\14.39.33519\include\yvals_core.h(1014,1): warning C4005: '_MISMATCHED_ALLOCATOR_MESSAGE': macro redefinition [C:\originalhr2\HoverRaceAI\NetTarget\VideoServices\VideoServices.vcxproj]
  C:\originalhr2\HoverRaceAI\NetTarget\VideoServices\ColorPalette.cpp(83,56): warning C4244: '=': conversion from 'int' to 'BYTE', possible loss of data [C:\originalhr2\HoverRaceAI\NetTarget\VideoServices\VideoServices.vcxproj]
  C:\Program Files\Microsoft Visual Studio\2022\Community\VC\Tools\MSVC\14.39.33519\include\yvals_core.h(880,1): warning C4005: '_MSVC_STL_VERSION': macro redefinition [C:\originalhr2\HoverRaceAI\NetTarget\VideoServices\VideoServices.vcxproj]
  C:\Program Files\Microsoft Visual Studio\2022\Community\VC\Tools\MSVC\14.39.33519\include\yvals_core.h(881,1): warning C4005: '_MSVC_STL_UPDATE': macro redefinition [C:\originalhr2\HoverRaceAI\NetTarget\VideoServices\VideoServices.vcxproj]
  C:\Program Files\Microsoft Visual Studio\2022\Community\VC\Tools\MSVC\14.39.33519\include\yvals_core.h(1000,1): warning C4005: '_DEPRECATE_TR1_NAMESPACE': macro redefinition [C:\originalhr2\HoverRaceAI\NetTarget\VideoServices\VideoServices.vcxproj]
  C:\Program Files\Microsoft Visual Studio\2022\Community\VC\Tools\MSVC\14.39.33519\include\yvals_core.h(1014,1): warning C4005: '_MISMATCHED_ALLOCATOR_MESSAGE': macro redefinition [C:\originalhr2\HoverRaceAI\NetTarget\VideoServices\VideoServices.vcxproj]
  C:\Program Files\Microsoft Visual Studio\2022\Community\VC\Tools\MSVC\14.39.33519\include\yvals_core.h(880,1): warning C4005: '_MSVC_STL_VERSION': macro redefinition [C:\originalhr2\HoverRaceAI\NetTarget\VideoServices\VideoServices.vcxproj]
  C:\Program Files\Microsoft Visual Studio\2022\Community\VC\Tools\MSVC\14.39.33519\include\yvals_core.h(881,1): warning C4005: '_MSVC_STL_UPDATE': macro redefinition [C:\originalhr2\HoverRaceAI\NetTarget\VideoServices\VideoServices.vcxproj]
  C:\Program Files\Microsoft Visual Studio\2022\Community\VC\Tools\MSVC\14.39.33519\include\yvals_core.h(1000,1): warning C4005: '_DEPRECATE_TR1_NAMESPACE': macro redefinition [C:\originalhr2\HoverRaceAI\NetTarget\VideoServices\VideoServices.vcxproj]
  C:\Program Files\Microsoft Visual Studio\2022\Community\VC\Tools\MSVC\14.39.33519\include\yvals_core.h(1014,1): warning C4005: '_MISMATCHED_ALLOCATOR_MESSAGE': macro redefinition [C:\originalhr2\HoverRaceAI\NetTarget\VideoServices\VideoServices.vcxproj]
  C:\Program Files\Microsoft Visual Studio\2022\Community\VC\Tools\MSVC\14.39.33519\include\yvals_core.h(880,1): warning C4005: '_MSVC_STL_VERSION': macro redefinition [C:\originalhr2\HoverRaceAI\NetTarget\VideoServices\VideoServices.vcxproj]
  C:\Program Files\Microsoft Visual Studio\2022\Community\VC\Tools\MSVC\14.39.33519\include\yvals_core.h(881,1): warning C4005: '_MSVC_STL_UPDATE': macro redefinition [C:\originalhr2\HoverRaceAI\NetTarget\VideoServices\VideoServices.vcxproj]
  C:\Program Files\Microsoft Visual Studio\2022\Community\VC\Tools\MSVC\14.39.33519\include\yvals_core.h(1000,1): warning C4005: '_DEPRECATE_TR1_NAMESPACE': macro redefinition [C:\originalhr2\HoverRaceAI\NetTarget\VideoServices\VideoServices.vcxproj]
  C:\Program Files\Microsoft Visual Studio\2022\Community\VC\Tools\MSVC\14.39.33519\include\yvals_core.h(1014,1): warning C4005: '_MISMATCHED_ALLOCATOR_MESSAGE': macro redefinition [C:\originalhr2\HoverRaceAI\NetTarget\VideoServices\VideoServices.vcxproj]
  C:\originalhr2\HoverRaceAI\NetTarget\VideoServices\SoundServer.cpp(264,23): warning C4996: 'fopen': This function or variable may be unsafe. Consider using fopen_s instead. To disable deprecation, use _CRT_SECURE_NO_WARNINGS. See online help for details. [C:\originalhr2\HoverRaceAI\NetTarget\VideoServices\VideoServices.vcxproj]
  C:\originalhr2\HoverRaceAI\NetTarget\VideoServices\SoundServer.cpp(358,26): warning C4996: 'fopen': This function or variable may be unsafe. Consider using fopen_s instead. To disable deprecation, use _CRT_SECURE_NO_WARNINGS. See online help for details. [C:\originalhr2\HoverRaceAI\NetTarget\VideoServices\VideoServices.vcxproj]
  C:\originalhr2\HoverRaceAI\NetTarget\VideoServices\SoundServer.cpp(505,24): warning C4996: 'fopen': This function or variable may be unsafe. Consider using fopen_s instead. To disable deprecation, use _CRT_SECURE_NO_WARNINGS. See online help for details. [C:\originalhr2\HoverRaceAI\NetTarget\VideoServices\VideoServices.vcxproj]
  C:\originalhr2\HoverRaceAI\NetTarget\VideoServices\SoundServer.cpp(598,23): warning C4996: 'fopen': This function or variable may be unsafe. Consider using fopen_s instead. To disable deprecation, use _CRT_SECURE_NO_WARNINGS. See online help for details. [C:\originalhr2\HoverRaceAI\NetTarget\VideoServices\VideoServices.vcxproj]
  C:\originalhr2\HoverRaceAI\NetTarget\VideoServices\SoundServer.cpp(501,33): warning C4100: 'pWindow': unreferenced formal parameter [C:\originalhr2\HoverRaceAI\NetTarget\VideoServices\VideoServices.vcxproj]
  C:\originalhr2\HoverRaceAI\NetTarget\VideoServices\SoundServer.cpp(723,26): warning C4996: 'fopen': This function or variable may be unsafe. Consider using fopen_s instead. To disable deprecation, use _CRT_SECURE_NO_WARNINGS. See online help for details. [C:\originalhr2\HoverRaceAI\NetTarget\VideoServices\VideoServices.vcxproj]
  C:\originalhr2\HoverRaceAI\NetTarget\VideoServices\SoundServer.cpp(744,29): warning C4996: 'fopen': This function or variable may be unsafe. Consider using fopen_s instead. To disable deprecation, use _CRT_SECURE_NO_WARNINGS. See online help for details. [C:\originalhr2\HoverRaceAI\NetTarget\VideoServices\VideoServices.vcxproj]
  C:\Program Files\Microsoft Visual Studio\2022\Community\VC\Tools\MSVC\14.39.33519\include\yvals_core.h(880,1): warning C4005: '_MSVC_STL_VERSION': macro redefinition [C:\originalhr2\HoverRaceAI\NetTarget\VideoServices\VideoServices.vcxproj]
  C:\Program Files\Microsoft Visual Studio\2022\Community\VC\Tools\MSVC\14.39.33519\include\yvals_core.h(881,1): warning C4005: '_MSVC_STL_UPDATE': macro redefinition [C:\originalhr2\HoverRaceAI\NetTarget\VideoServices\VideoServices.vcxproj]
  C:\Program Files\Microsoft Visual Studio\2022\Community\VC\Tools\MSVC\14.39.33519\include\yvals_core.h(1000,1): warning C4005: '_DEPRECATE_TR1_NAMESPACE': macro redefinition [C:\originalhr2\HoverRaceAI\NetTarget\VideoServices\VideoServices.vcxproj]
  C:\Program Files\Microsoft Visual Studio\2022\Community\VC\Tools\MSVC\14.39.33519\include\yvals_core.h(1014,1): warning C4005: '_MISMATCHED_ALLOCATOR_MESSAGE': macro redefinition [C:\originalhr2\HoverRaceAI\NetTarget\VideoServices\VideoServices.vcxproj]
  C:\Program Files\Microsoft Visual Studio\2022\Community\VC\Tools\MSVC\14.39.33519\include\yvals_core.h(880,1): warning C4005: '_MSVC_STL_VERSION': macro redefinition [C:\originalhr2\HoverRaceAI\NetTarget\VideoServices\VideoServices.vcxproj]
  C:\Program Files\Microsoft Visual Studio\2022\Community\VC\Tools\MSVC\14.39.33519\include\yvals_core.h(881,1): warning C4005: '_MSVC_STL_UPDATE': macro redefinition [C:\originalhr2\HoverRaceAI\NetTarget\VideoServices\VideoServices.vcxproj]
  C:\Program Files\Microsoft Visual Studio\2022\Community\VC\Tools\MSVC\14.39.33519\include\yvals_core.h(1000,1): warning C4005: '_DEPRECATE_TR1_NAMESPACE': macro redefinition [C:\originalhr2\HoverRaceAI\NetTarget\VideoServices\VideoServices.vcxproj]
  C:\Program Files\Microsoft Visual Studio\2022\Community\VC\Tools\MSVC\14.39.33519\include\yvals_core.h(1014,1): warning C4005: '_MISMATCHED_ALLOCATOR_MESSAGE': macro redefinition [C:\originalhr2\HoverRaceAI\NetTarget\VideoServices\VideoServices.vcxproj]
  C:\Program Files\Microsoft Visual Studio\2022\Community\VC\Tools\MSVC\14.39.33519\include\yvals_core.h(880,1): warning C4005: '_MSVC_STL_VERSION': macro redefinition [C:\originalhr2\HoverRaceAI\NetTarget\VideoServices\VideoServices.vcxproj]
  C:\Program Files\Microsoft Visual Studio\2022\Community\VC\Tools\MSVC\14.39.33519\include\yvals_core.h(881,1): warning C4005: '_MSVC_STL_UPDATE': macro redefinition [C:\originalhr2\HoverRaceAI\NetTarget\VideoServices\VideoServices.vcxproj]
  C:\Program Files\Microsoft Visual Studio\2022\Community\VC\Tools\MSVC\14.39.33519\include\yvals_core.h(1000,1): warning C4005: '_DEPRECATE_TR1_NAMESPACE': macro redefinition [C:\originalhr2\HoverRaceAI\NetTarget\VideoServices\VideoServices.vcxproj]
  C:\Program Files\Microsoft Visual Studio\2022\Community\VC\Tools\MSVC\14.39.33519\include\yvals_core.h(1014,1): warning C4005: '_MISMATCHED_ALLOCATOR_MESSAGE': macro redefinition [C:\originalhr2\HoverRaceAI\NetTarget\VideoServices\VideoServices.vcxproj]
  C:\originalhr2\HoverRaceAI\NetTarget\VideoServices\VideoBuffer.cpp(515,26): warning C4996: 'fopen': This function or variable may be unsafe. Consider using fopen_s instead. To disable deprecation, use _CRT_SECURE_NO_WARNINGS. See online help for details. [C:\originalhr2\HoverRaceAI\NetTarget\VideoServices\VideoServices.vcxproj]
  C:\originalhr2\HoverRaceAI\NetTarget\VideoServices\VideoBuffer.cpp(693,20): warning C4996: 'fopen': This function or variable may be unsafe. Consider using fopen_s instead. To disable deprecation, use _CRT_SECURE_NO_WARNINGS. See online help for details. [C:\originalhr2\HoverRaceAI\NetTarget\VideoServices\VideoServices.vcxproj]
  C:\originalhr2\HoverRaceAI\NetTarget\VideoServices\VideoBuffer.cpp(672,20): warning C4101: 'lReturnValue': unreferenced local variable [C:\originalhr2\HoverRaceAI\NetTarget\VideoServices\VideoServices.vcxproj]
  C:\originalhr2\HoverRaceAI\NetTarget\VideoServices\VideoBuffer.cpp(673,20): warning C4101: 'lSurfaceDesc': unreferenced local variable [C:\originalhr2\HoverRaceAI\NetTarget\VideoServices\VideoServices.vcxproj]
  C:\originalhr2\HoverRaceAI\NetTarget\VideoServices\VideoBuffer.cpp(1011,23): warning C4996: 'fopen': This function or variable may be unsafe. Consider using fopen_s instead. To disable deprecation, use _CRT_SECURE_NO_WARNINGS. See online help for details. [C:\originalhr2\HoverRaceAI\NetTarget\VideoServices\VideoServices.vcxproj]
  C:\originalhr2\HoverRaceAI\NetTarget\VideoServices\VideoBuffer.cpp(1024,23): warning C4996: 'fopen': This function or variable may be unsafe. Consider using fopen_s instead. To disable deprecation, use _CRT_SECURE_NO_WARNINGS. See online help for details. [C:\originalhr2\HoverRaceAI\NetTarget\VideoServices\VideoServices.vcxproj]
  C:\originalhr2\HoverRaceAI\NetTarget\VideoServices\VideoBuffer.cpp(1037,23): warning C4996: 'fopen': This function or variable may be unsafe. Consider using fopen_s instead. To disable deprecation, use _CRT_SECURE_NO_WARNINGS. See online help for details. [C:\originalhr2\HoverRaceAI\NetTarget\VideoServices\VideoServices.vcxproj]
  C:\originalhr2\HoverRaceAI\NetTarget\VideoServices\VideoBuffer.cpp(1045,20): warning C4996: 'fopen': This function or variable may be unsafe. Consider using fopen_s instead. To disable deprecation, use _CRT_SECURE_NO_WARNINGS. See online help for details. [C:\originalhr2\HoverRaceAI\NetTarget\VideoServices\VideoServices.vcxproj]
  C:\originalhr2\HoverRaceAI\NetTarget\VideoServices\VideoBuffer.cpp(1000,12): warning C4101: 'lErrorCode': unreferenced local variable [C:\originalhr2\HoverRaceAI\NetTarget\VideoServices\VideoServices.vcxproj]
  C:\originalhr2\HoverRaceAI\NetTarget\VideoServices\VideoBuffer.cpp(1136,21): warning C4996: 'fopen': This function or variable may be unsafe. Consider using fopen_s instead. To disable deprecation, use _CRT_SECURE_NO_WARNINGS. See online help for details. [C:\originalhr2\HoverRaceAI\NetTarget\VideoServices\VideoServices.vcxproj]
  C:\originalhr2\HoverRaceAI\NetTarget\VideoServices\VideoBuffer.cpp(1151,20): warning C4996: 'fopen': This function or variable may be unsafe. Consider using fopen_s instead. To disable deprecation, use _CRT_SECURE_NO_WARNINGS. See online help for details. [C:\originalhr2\HoverRaceAI\NetTarget\VideoServices\VideoServices.vcxproj]
  C:\originalhr2\HoverRaceAI\NetTarget\VideoServices\VideoBuffer.cpp(1168,24): warning C4996: 'fopen': This function or variable may be unsafe. Consider using fopen_s instead. To disable deprecation, use _CRT_SECURE_NO_WARNINGS. See online help for details. [C:\originalhr2\HoverRaceAI\NetTarget\VideoServices\VideoServices.vcxproj]
  C:\originalhr2\HoverRaceAI\NetTarget\VideoServices\VideoBuffer.cpp(1180,27): warning C4996: 'fopen': This function or variable may be unsafe. Consider using fopen_s instead. To disable deprecation, use _CRT_SECURE_NO_WARNINGS. See online help for details. [C:\originalhr2\HoverRaceAI\NetTarget\VideoServices\VideoServices.vcxproj]
  C:\originalhr2\HoverRaceAI\NetTarget\VideoServices\VideoBuffer.cpp(1190,27): warning C4996: 'fopen': This function or variable may be unsafe. Consider using fopen_s instead. To disable deprecation, use _CRT_SECURE_NO_WARNINGS. See online help for details. [C:\originalhr2\HoverRaceAI\NetTarget\VideoServices\VideoServices.vcxproj]
  C:\originalhr2\HoverRaceAI\NetTarget\VideoServices\VideoBuffer.cpp(1199,27): warning C4996: 'fopen': This function or variable may be unsafe. Consider using fopen_s instead. To disable deprecation, use _CRT_SECURE_NO_WARNINGS. See online help for details. [C:\originalhr2\HoverRaceAI\NetTarget\VideoServices\VideoServices.vcxproj]
  C:\Program Files\Microsoft Visual Studio\2022\Community\VC\Tools\MSVC\14.39.33519\include\yvals_core.h(880,1): warning C4005: '_MSVC_STL_VERSION': macro redefinition [C:\originalhr2\HoverRaceAI\NetTarget\VideoServices\VideoServices.vcxproj]
  C:\Program Files\Microsoft Visual Studio\2022\Community\VC\Tools\MSVC\14.39.33519\include\yvals_core.h(881,1): warning C4005: '_MSVC_STL_UPDATE': macro redefinition [C:\originalhr2\HoverRaceAI\NetTarget\VideoServices\VideoServices.vcxproj]
  C:\Program Files\Microsoft Visual Studio\2022\Community\VC\Tools\MSVC\14.39.33519\include\yvals_core.h(1000,1): warning C4005: '_DEPRECATE_TR1_NAMESPACE': macro redefinition [C:\originalhr2\HoverRaceAI\NetTarget\VideoServices\VideoServices.vcxproj]
  C:\Program Files\Microsoft Visual Studio\2022\Community\VC\Tools\MSVC\14.39.33519\include\yvals_core.h(1014,1): warning C4005: '_MISMATCHED_ALLOCATOR_MESSAGE': macro redefinition [C:\originalhr2\HoverRaceAI\NetTarget\VideoServices\VideoServices.vcxproj]
  C:\originalhr2\HoverRaceAI\NetTarget\GraphicsSDL2\SDL2Graphics.cpp(114,21): warning C4996: 'fopen': This function or variable may be unsafe. Consider using fopen_s instead. To disable deprecation, use _CRT_SECURE_NO_WARNINGS. See online help for details. [C:\originalhr2\HoverRaceAI\NetTarget\VideoServices\VideoServices.vcxproj]
  C:\originalhr2\HoverRaceAI\NetTarget\GraphicsSDL2\SDL2Graphics.cpp(124,17): warning C4996: 'fopen': This function or variable may be unsafe. Consider using fopen_s instead. To disable deprecation, use _CRT_SECURE_NO_WARNINGS. See online help for details. [C:\originalhr2\HoverRaceAI\NetTarget\VideoServices\VideoServices.vcxproj]
  C:\originalhr2\HoverRaceAI\NetTarget\GraphicsSDL2\SDL2Graphics.cpp(165,26): warning C4996: 'fopen': This function or variable may be unsafe. Consider using fopen_s instead. To disable deprecation, use _CRT_SECURE_NO_WARNINGS. See online help for details. [C:\originalhr2\HoverRaceAI\NetTarget\VideoServices\VideoServices.vcxproj]
  C:\originalhr2\HoverRaceAI\NetTarget\GraphicsSDL2\SDL2Graphics.cpp(186,26): warning C4996: 'fopen': This function or variable may be unsafe. Consider using fopen_s instead. To disable deprecation, use _CRT_SECURE_NO_WARNINGS. See online help for details. [C:\originalhr2\HoverRaceAI\NetTarget\VideoServices\VideoServices.vcxproj]
  C:\originalhr2\HoverRaceAI\NetTarget\GraphicsSDL2\SDL2Graphics.cpp(218,21): warning C4996: 'fopen': This function or variable may be unsafe. Consider using fopen_s instead. To disable deprecation, use _CRT_SECURE_NO_WARNINGS. See online help for details. [C:\originalhr2\HoverRaceAI\NetTarget\VideoServices\VideoServices.vcxproj]
  C:\originalhr2\HoverRaceAI\NetTarget\GraphicsSDL2\SDL2Graphics.cpp(298,25): warning C4996: 'fopen': This function or variable may be unsafe. Consider using fopen_s instead. To disable deprecation, use _CRT_SECURE_NO_WARNINGS. See online help for details. [C:\originalhr2\HoverRaceAI\NetTarget\VideoServices\VideoServices.vcxproj]
  C:\Program Files\Microsoft Visual Studio\2022\Community\VC\Tools\MSVC\14.39.33519\include\yvals_core.h(880,1): warning C4005: '_MSVC_STL_VERSION': macro redefinition [C:\originalhr2\HoverRaceAI\NetTarget\VideoServices\VideoServices.vcxproj]
  C:\Program Files\Microsoft Visual Studio\2022\Community\VC\Tools\MSVC\14.39.33519\include\yvals_core.h(881,1): warning C4005: '_MSVC_STL_UPDATE': macro redefinition [C:\originalhr2\HoverRaceAI\NetTarget\VideoServices\VideoServices.vcxproj]
  C:\Program Files\Microsoft Visual Studio\2022\Community\VC\Tools\MSVC\14.39.33519\include\yvals_core.h(1000,1): warning C4005: '_DEPRECATE_TR1_NAMESPACE': macro redefinition [C:\originalhr2\HoverRaceAI\NetTarget\VideoServices\VideoServices.vcxproj]
  C:\Program Files\Microsoft Visual Studio\2022\Community\VC\Tools\MSVC\14.39.33519\include\yvals_core.h(1014,1): warning C4005: '_MISMATCHED_ALLOCATOR_MESSAGE': macro redefinition [C:\originalhr2\HoverRaceAI\NetTarget\VideoServices\VideoServices.vcxproj]
  C:\originalhr2\HoverRaceAI\OpenAL\alstub.cpp(26,15): warning C4996: 'fopen': This function or variable may be unsafe. Consider using fopen_s instead. To disable deprecation, use _CRT_SECURE_NO_WARNINGS. See online help for details. [C:\originalhr2\HoverRaceAI\NetTarget\VideoServices\VideoServices.vcxproj]
  C:\originalhr2\HoverRaceAI\OpenAL\alstub.cpp(143,21): warning C4244: '=': conversion from 'int' to 'WORD', possible loss of data [C:\originalhr2\HoverRaceAI\NetTarget\VideoServices\VideoServices.vcxproj]
  C:\originalhr2\HoverRaceAI\OpenAL\alstub.cpp(145,26): warning C4244: '=': conversion from 'int' to 'WORD', possible loss of data [C:\originalhr2\HoverRaceAI\NetTarget\VideoServices\VideoServices.vcxproj]
  C:\originalhr2\HoverRaceAI\OpenAL\alstub.cpp(335,88): warning C4100: 'value3': unreferenced formal parameter [C:\originalhr2\HoverRaceAI\NetTarget\VideoServices\VideoServices.vcxproj]
  C:\originalhr2\HoverRaceAI\OpenAL\alstub.cpp(335,72): warning C4100: 'value2': unreferenced formal parameter [C:\originalhr2\HoverRaceAI\NetTarget\VideoServices\VideoServices.vcxproj]
  C:\originalhr2\HoverRaceAI\OpenAL\alstub.cpp(335,56): warning C4100: 'value1': unreferenced formal parameter [C:\originalhr2\HoverRaceAI\NetTarget\VideoServices\VideoServices.vcxproj]
  C:\originalhr2\HoverRaceAI\OpenAL\alstub.cpp(335,41): warning C4100: 'param': unreferenced formal parameter [C:\originalhr2\HoverRaceAI\NetTarget\VideoServices\VideoServices.vcxproj]
  C:\originalhr2\HoverRaceAI\OpenAL\alstub.cpp(335,26): warning C4100: 'source': unreferenced formal parameter [C:\originalhr2\HoverRaceAI\NetTarget\VideoServices\VideoServices.vcxproj]
  C:\originalhr2\HoverRaceAI\OpenAL\alstub.cpp(524,41): warning C4100: 'devicename': unreferenced formal parameter [C:\originalhr2\HoverRaceAI\NetTarget\VideoServices\VideoServices.vcxproj]
  C:\originalhr2\HoverRaceAI\OpenAL\alstub.cpp(535,38): warning C4100: 'device': unreferenced formal parameter [C:\originalhr2\HoverRaceAI\NetTarget\VideoServices\VideoServices.vcxproj]
  C:\originalhr2\HoverRaceAI\OpenAL\alstub.cpp(544,63): warning C4100: 'attrlist': unreferenced formal parameter [C:\originalhr2\HoverRaceAI\NetTarget\VideoServices\VideoServices.vcxproj]
  C:\originalhr2\HoverRaceAI\OpenAL\alstub.cpp(554,42): warning C4100: 'context': unreferenced formal parameter [C:\originalhr2\HoverRaceAI\NetTarget\VideoServices\VideoServices.vcxproj]
  C:\originalhr2\HoverRaceAI\OpenAL\alstub.cpp(569,75): warning C4100: 'value3': unreferenced formal parameter [C:\originalhr2\HoverRaceAI\NetTarget\VideoServices\VideoServices.vcxproj]
  C:\originalhr2\HoverRaceAI\OpenAL\alstub.cpp(569,59): warning C4100: 'value2': unreferenced formal parameter [C:\originalhr2\HoverRaceAI\NetTarget\VideoServices\VideoServices.vcxproj]
  C:\originalhr2\HoverRaceAI\OpenAL\alstub.cpp(569,43): warning C4100: 'value1': unreferenced formal parameter [C:\originalhr2\HoverRaceAI\NetTarget\VideoServices\VideoServices.vcxproj]
  C:\originalhr2\HoverRaceAI\OpenAL\alstub.cpp(569,28): warning C4100: 'param': unreferenced formal parameter [C:\originalhr2\HoverRaceAI\NetTarget\VideoServices\VideoServices.vcxproj]
  C:\originalhr2\HoverRaceAI\OpenAL\alstub.cpp(570,50): warning C4100: 'values': unreferenced formal parameter [C:\originalhr2\HoverRaceAI\NetTarget\VideoServices\VideoServices.vcxproj]
  C:\originalhr2\HoverRaceAI\OpenAL\alstub.cpp(570,28): warning C4100: 'param': unreferenced formal parameter [C:\originalhr2\HoverRaceAI\NetTarget\VideoServices\VideoServices.vcxproj]
  C:\originalhr2\HoverRaceAI\OpenAL\alstub.cpp(571,42): warning C4100: 'value': unreferenced formal parameter [C:\originalhr2\HoverRaceAI\NetTarget\VideoServices\VideoServices.vcxproj]
  C:\originalhr2\HoverRaceAI\OpenAL\alstub.cpp(571,27): warning C4100: 'param': unreferenced formal parameter [C:\originalhr2\HoverRaceAI\NetTarget\VideoServices\VideoServices.vcxproj]
  C:\originalhr2\HoverRaceAI\OpenAL\alstub.cpp(572,40): warning C4100: 'value': unreferenced formal parameter [C:\originalhr2\HoverRaceAI\NetTarget\VideoServices\VideoServices.vcxproj]
  C:\originalhr2\HoverRaceAI\OpenAL\alstub.cpp(572,27): warning C4100: 'param': unreferenced formal parameter [C:\originalhr2\HoverRaceAI\NetTarget\VideoServices\VideoServices.vcxproj]
  C:\originalhr2\HoverRaceAI\OpenAL\alstub.cpp(573,69): warning C4100: 'value3': unreferenced formal parameter [C:\originalhr2\HoverRaceAI\NetTarget\VideoServices\VideoServices.vcxproj]
  C:\originalhr2\HoverRaceAI\OpenAL\alstub.cpp(573,55): warning C4100: 'value2': unreferenced formal parameter [C:\originalhr2\HoverRaceAI\NetTarget\VideoServices\VideoServices.vcxproj]
  C:\originalhr2\HoverRaceAI\OpenAL\alstub.cpp(573,41): warning C4100: 'value1': unreferenced formal parameter [C:\originalhr2\HoverRaceAI\NetTarget\VideoServices\VideoServices.vcxproj]
  C:\originalhr2\HoverRaceAI\OpenAL\alstub.cpp(573,28): warning C4100: 'param': unreferenced formal parameter [C:\originalhr2\HoverRaceAI\NetTarget\VideoServices\VideoServices.vcxproj]
  C:\originalhr2\HoverRaceAI\OpenAL\alstub.cpp(574,48): warning C4100: 'values': unreferenced formal parameter [C:\originalhr2\HoverRaceAI\NetTarget\VideoServices\VideoServices.vcxproj]
  C:\originalhr2\HoverRaceAI\OpenAL\alstub.cpp(574,28): warning C4100: 'param': unreferenced formal parameter [C:\originalhr2\HoverRaceAI\NetTarget\VideoServices\VideoServices.vcxproj]
  C:\originalhr2\HoverRaceAI\OpenAL\alstub.cpp(576,30): warning C4100: 'param': unreferenced formal parameter [C:\originalhr2\HoverRaceAI\NetTarget\VideoServices\VideoServices.vcxproj]
  C:\originalhr2\HoverRaceAI\OpenAL\alstub.cpp(580,31): warning C4100: 'param': unreferenced formal parameter [C:\originalhr2\HoverRaceAI\NetTarget\VideoServices\VideoServices.vcxproj]
  C:\originalhr2\HoverRaceAI\OpenAL\alstub.cpp(586,31): warning C4100: 'param': unreferenced formal parameter [C:\originalhr2\HoverRaceAI\NetTarget\VideoServices\VideoServices.vcxproj]
  C:\originalhr2\HoverRaceAI\OpenAL\alstub.cpp(590,30): warning C4100: 'param': unreferenced formal parameter [C:\originalhr2\HoverRaceAI\NetTarget\VideoServices\VideoServices.vcxproj]
  C:\originalhr2\HoverRaceAI\OpenAL\alstub.cpp(594,31): warning C4100: 'param': unreferenced formal parameter [C:\originalhr2\HoverRaceAI\NetTarget\VideoServices\VideoServices.vcxproj]
  C:\originalhr2\HoverRaceAI\OpenAL\alstub.cpp(600,31): warning C4100: 'param': unreferenced formal parameter [C:\originalhr2\HoverRaceAI\NetTarget\VideoServices\VideoServices.vcxproj]
  C:\originalhr2\HoverRaceAI\OpenAL\alstub.cpp(605,47): warning C4100: 'sources': unreferenced formal parameter [C:\originalhr2\HoverRaceAI\NetTarget\VideoServices\VideoServices.vcxproj]
  C:\originalhr2\HoverRaceAI\OpenAL\alstub.cpp(605,30): warning C4100: 'n': unreferenced formal parameter [C:\originalhr2\HoverRaceAI\NetTarget\VideoServices\VideoServices.vcxproj]
  C:\originalhr2\HoverRaceAI\OpenAL\alstub.cpp(606,47): warning C4100: 'sources': unreferenced formal parameter [C:\originalhr2\HoverRaceAI\NetTarget\VideoServices\VideoServices.vcxproj]
  C:\originalhr2\HoverRaceAI\OpenAL\alstub.cpp(606,30): warning C4100: 'n': unreferenced formal parameter [C:\originalhr2\HoverRaceAI\NetTarget\VideoServices\VideoServices.vcxproj]
  C:\originalhr2\HoverRaceAI\OpenAL\alstub.cpp(607,49): warning C4100: 'sources': unreferenced formal parameter [C:\originalhr2\HoverRaceAI\NetTarget\VideoServices\VideoServices.vcxproj]
  C:\originalhr2\HoverRaceAI\OpenAL\alstub.cpp(607,32): warning C4100: 'n': unreferenced formal parameter [C:\originalhr2\HoverRaceAI\NetTarget\VideoServices\VideoServices.vcxproj]
  C:\originalhr2\HoverRaceAI\OpenAL\alstub.cpp(608,48): warning C4100: 'sources': unreferenced formal parameter [C:\originalhr2\HoverRaceAI\NetTarget\VideoServices\VideoServices.vcxproj]
  C:\originalhr2\HoverRaceAI\OpenAL\alstub.cpp(608,31): warning C4100: 'n': unreferenced formal parameter [C:\originalhr2\HoverRaceAI\NetTarget\VideoServices\VideoServices.vcxproj]
  C:\originalhr2\HoverRaceAI\OpenAL\alstub.cpp(609,70): warning C4100: 'buffers': unreferenced formal parameter [C:\originalhr2\HoverRaceAI\NetTarget\VideoServices\VideoServices.vcxproj]
  C:\originalhr2\HoverRaceAI\OpenAL\alstub.cpp(609,52): warning C4100: 'nb': unreferenced formal parameter [C:\originalhr2\HoverRaceAI\NetTarget\VideoServices\VideoServices.vcxproj]
  C:\originalhr2\HoverRaceAI\OpenAL\alstub.cpp(609,36): warning C4100: 'source': unreferenced formal parameter [C:\originalhr2\HoverRaceAI\NetTarget\VideoServices\VideoServices.vcxproj]
  C:\originalhr2\HoverRaceAI\OpenAL\alstub.cpp(610,66): warning C4100: 'buffers': unreferenced formal parameter [C:\originalhr2\HoverRaceAI\NetTarget\VideoServices\VideoServices.vcxproj]
  C:\originalhr2\HoverRaceAI\OpenAL\alstub.cpp(610,54): warning C4100: 'nb': unreferenced formal parameter [C:\originalhr2\HoverRaceAI\NetTarget\VideoServices\VideoServices.vcxproj]
  C:\originalhr2\HoverRaceAI\OpenAL\alstub.cpp(610,38): warning C4100: 'source': unreferenced formal parameter [C:\originalhr2\HoverRaceAI\NetTarget\VideoServices\VideoServices.vcxproj]
  C:\originalhr2\HoverRaceAI\OpenAL\alstub.cpp(612,43): warning C4100: 'param': unreferenced formal parameter [C:\originalhr2\HoverRaceAI\NetTarget\VideoServices\VideoServices.vcxproj]
  C:\originalhr2\HoverRaceAI\OpenAL\alstub.cpp(612,28): warning C4100: 'source': unreferenced formal parameter [C:\originalhr2\HoverRaceAI\NetTarget\VideoServices\VideoServices.vcxproj]
  C:\originalhr2\HoverRaceAI\OpenAL\alstub.cpp(613,86): warning C4100: 'v3': unreferenced formal parameter [C:\originalhr2\HoverRaceAI\NetTarget\VideoServices\VideoServices.vcxproj]
  C:\originalhr2\HoverRaceAI\OpenAL\alstub.cpp(613,73): warning C4100: 'v2': unreferenced formal parameter [C:\originalhr2\HoverRaceAI\NetTarget\VideoServices\VideoServices.vcxproj]
  C:\originalhr2\HoverRaceAI\OpenAL\alstub.cpp(613,60): warning C4100: 'v1': unreferenced formal parameter [C:\originalhr2\HoverRaceAI\NetTarget\VideoServices\VideoServices.vcxproj]
  C:\originalhr2\HoverRaceAI\OpenAL\alstub.cpp(613,44): warning C4100: 'param': unreferenced formal parameter [C:\originalhr2\HoverRaceAI\NetTarget\VideoServices\VideoServices.vcxproj]
  C:\originalhr2\HoverRaceAI\OpenAL\alstub.cpp(613,29): warning C4100: 'source': unreferenced formal parameter [C:\originalhr2\HoverRaceAI\NetTarget\VideoServices\VideoServices.vcxproj]
  C:\originalhr2\HoverRaceAI\OpenAL\alstub.cpp(614,60): warning C4100: 'values': unreferenced formal parameter [C:\originalhr2\HoverRaceAI\NetTarget\VideoServices\VideoServices.vcxproj]
  C:\originalhr2\HoverRaceAI\OpenAL\alstub.cpp(614,44): warning C4100: 'param': unreferenced formal parameter [C:\originalhr2\HoverRaceAI\NetTarget\VideoServices\VideoServices.vcxproj]
  C:\originalhr2\HoverRaceAI\OpenAL\alstub.cpp(614,29): warning C4100: 'source': unreferenced formal parameter [C:\originalhr2\HoverRaceAI\NetTarget\VideoServices\VideoServices.vcxproj]
  C:\originalhr2\HoverRaceAI\OpenAL\alstub.cpp(690,80): warning C4100: 'v3': unreferenced formal parameter [C:\originalhr2\HoverRaceAI\NetTarget\VideoServices\VideoServices.vcxproj]
  C:\originalhr2\HoverRaceAI\OpenAL\alstub.cpp(690,69): warning C4100: 'v2': unreferenced formal parameter [C:\originalhr2\HoverRaceAI\NetTarget\VideoServices\VideoServices.vcxproj]
  C:\originalhr2\HoverRaceAI\OpenAL\alstub.cpp(690,58): warning C4100: 'v1': unreferenced formal parameter [C:\originalhr2\HoverRaceAI\NetTarget\VideoServices\VideoServices.vcxproj]
  C:\originalhr2\HoverRaceAI\OpenAL\alstub.cpp(690,44): warning C4100: 'param': unreferenced formal parameter [C:\originalhr2\HoverRaceAI\NetTarget\VideoServices\VideoServices.vcxproj]
  C:\originalhr2\HoverRaceAI\OpenAL\alstub.cpp(690,29): warning C4100: 'source': unreferenced formal parameter [C:\originalhr2\HoverRaceAI\NetTarget\VideoServices\VideoServices.vcxproj]
  C:\originalhr2\HoverRaceAI\OpenAL\alstub.cpp(691,58): warning C4100: 'values': unreferenced formal parameter [C:\originalhr2\HoverRaceAI\NetTarget\VideoServices\VideoServices.vcxproj]
  C:\originalhr2\HoverRaceAI\OpenAL\alstub.cpp(691,44): warning C4100: 'param': unreferenced formal parameter [C:\originalhr2\HoverRaceAI\NetTarget\VideoServices\VideoServices.vcxproj]
  C:\originalhr2\HoverRaceAI\OpenAL\alstub.cpp(691,29): warning C4100: 'source': unreferenced formal parameter [C:\originalhr2\HoverRaceAI\NetTarget\VideoServices\VideoServices.vcxproj]
  C:\originalhr2\HoverRaceAI\OpenAL\alstub.cpp(693,55): warning C4100: 'value': unreferenced formal parameter [C:\originalhr2\HoverRaceAI\NetTarget\VideoServices\VideoServices.vcxproj]
  C:\originalhr2\HoverRaceAI\OpenAL\alstub.cpp(693,40): warning C4100: 'param': unreferenced formal parameter [C:\originalhr2\HoverRaceAI\NetTarget\VideoServices\VideoServices.vcxproj]
  C:\originalhr2\HoverRaceAI\OpenAL\alstub.cpp(693,25): warning C4100: 'buffer': unreferenced formal parameter [C:\originalhr2\HoverRaceAI\NetTarget\VideoServices\VideoServices.vcxproj]
  C:\originalhr2\HoverRaceAI\OpenAL\alstub.cpp(694,88): warning C4100: 'value3': unreferenced formal parameter [C:\originalhr2\HoverRaceAI\NetTarget\VideoServices\VideoServices.vcxproj]
  C:\originalhr2\HoverRaceAI\OpenAL\alstub.cpp(694,72): warning C4100: 'value2': unreferenced formal parameter [C:\originalhr2\HoverRaceAI\NetTarget\VideoServices\VideoServices.vcxproj]
  C:\originalhr2\HoverRaceAI\OpenAL\alstub.cpp(694,56): warning C4100: 'value1': unreferenced formal parameter [C:\originalhr2\HoverRaceAI\NetTarget\VideoServices\VideoServices.vcxproj]
  C:\originalhr2\HoverRaceAI\OpenAL\alstub.cpp(694,41): warning C4100: 'param': unreferenced formal parameter [C:\originalhr2\HoverRaceAI\NetTarget\VideoServices\VideoServices.vcxproj]
  C:\originalhr2\HoverRaceAI\OpenAL\alstub.cpp(694,26): warning C4100: 'buffer': unreferenced formal parameter [C:\originalhr2\HoverRaceAI\NetTarget\VideoServices\VideoServices.vcxproj]
  C:\originalhr2\HoverRaceAI\OpenAL\alstub.cpp(695,63): warning C4100: 'values': unreferenced formal parameter [C:\originalhr2\HoverRaceAI\NetTarget\VideoServices\VideoServices.vcxproj]
  C:\originalhr2\HoverRaceAI\OpenAL\alstub.cpp(695,41): warning C4100: 'param': unreferenced formal parameter [C:\originalhr2\HoverRaceAI\NetTarget\VideoServices\VideoServices.vcxproj]
  C:\originalhr2\HoverRaceAI\OpenAL\alstub.cpp(695,26): warning C4100: 'buffer': unreferenced formal parameter [C:\originalhr2\HoverRaceAI\NetTarget\VideoServices\VideoServices.vcxproj]
  C:\originalhr2\HoverRaceAI\OpenAL\alstub.cpp(696,53): warning C4100: 'value': unreferenced formal parameter [C:\originalhr2\HoverRaceAI\NetTarget\VideoServices\VideoServices.vcxproj]
  C:\originalhr2\HoverRaceAI\OpenAL\alstub.cpp(696,40): warning C4100: 'param': unreferenced formal parameter [C:\originalhr2\HoverRaceAI\NetTarget\VideoServices\VideoServices.vcxproj]
  C:\originalhr2\HoverRaceAI\OpenAL\alstub.cpp(696,25): warning C4100: 'buffer': unreferenced formal parameter [C:\originalhr2\HoverRaceAI\NetTarget\VideoServices\VideoServices.vcxproj]
  C:\originalhr2\HoverRaceAI\OpenAL\alstub.cpp(697,82): warning C4100: 'value3': unreferenced formal parameter [C:\originalhr2\HoverRaceAI\NetTarget\VideoServices\VideoServices.vcxproj]
  C:\originalhr2\HoverRaceAI\OpenAL\alstub.cpp(697,68): warning C4100: 'value2': unreferenced formal parameter [C:\originalhr2\HoverRaceAI\NetTarget\VideoServices\VideoServices.vcxproj]
  C:\originalhr2\HoverRaceAI\OpenAL\alstub.cpp(697,54): warning C4100: 'value1': unreferenced formal parameter [C:\originalhr2\HoverRaceAI\NetTarget\VideoServices\VideoServices.vcxproj]
  C:\originalhr2\HoverRaceAI\OpenAL\alstub.cpp(697,41): warning C4100: 'param': unreferenced formal parameter [C:\originalhr2\HoverRaceAI\NetTarget\VideoServices\VideoServices.vcxproj]
  C:\originalhr2\HoverRaceAI\OpenAL\alstub.cpp(697,26): warning C4100: 'buffer': unreferenced formal parameter [C:\originalhr2\HoverRaceAI\NetTarget\VideoServices\VideoServices.vcxproj]
  C:\originalhr2\HoverRaceAI\OpenAL\alstub.cpp(698,61): warning C4100: 'values': unreferenced formal parameter [C:\originalhr2\HoverRaceAI\NetTarget\VideoServices\VideoServices.vcxproj]
  C:\originalhr2\HoverRaceAI\OpenAL\alstub.cpp(698,41): warning C4100: 'param': unreferenced formal parameter [C:\originalhr2\HoverRaceAI\NetTarget\VideoServices\VideoServices.vcxproj]
  C:\originalhr2\HoverRaceAI\OpenAL\alstub.cpp(698,26): warning C4100: 'buffer': unreferenced formal parameter [C:\originalhr2\HoverRaceAI\NetTarget\VideoServices\VideoServices.vcxproj]
  C:\originalhr2\HoverRaceAI\OpenAL\alstub.cpp(700,59): warning C4100: 'value': unreferenced formal parameter [C:\originalhr2\HoverRaceAI\NetTarget\VideoServices\VideoServices.vcxproj]
  C:\originalhr2\HoverRaceAI\OpenAL\alstub.cpp(700,43): warning C4100: 'param': unreferenced formal parameter [C:\originalhr2\HoverRaceAI\NetTarget\VideoServices\VideoServices.vcxproj]
  C:\originalhr2\HoverRaceAI\OpenAL\alstub.cpp(700,28): warning C4100: 'buffer': unreferenced formal parameter [C:\originalhr2\HoverRaceAI\NetTarget\VideoServices\VideoServices.vcxproj]
  C:\originalhr2\HoverRaceAI\OpenAL\alstub.cpp(701,94): warning C4100: 'value3': unreferenced formal parameter [C:\originalhr2\HoverRaceAI\NetTarget\VideoServices\VideoServices.vcxproj]
  C:\originalhr2\HoverRaceAI\OpenAL\alstub.cpp(701,77): warning C4100: 'value2': unreferenced formal parameter [C:\originalhr2\HoverRaceAI\NetTarget\VideoServices\VideoServices.vcxproj]
  C:\originalhr2\HoverRaceAI\OpenAL\alstub.cpp(701,60): warning C4100: 'value1': unreferenced formal parameter [C:\originalhr2\HoverRaceAI\NetTarget\VideoServices\VideoServices.vcxproj]
  C:\originalhr2\HoverRaceAI\OpenAL\alstub.cpp(701,44): warning C4100: 'param': unreferenced formal parameter [C:\originalhr2\HoverRaceAI\NetTarget\VideoServices\VideoServices.vcxproj]
  C:\originalhr2\HoverRaceAI\OpenAL\alstub.cpp(701,29): warning C4100: 'buffer': unreferenced formal parameter [C:\originalhr2\HoverRaceAI\NetTarget\VideoServices\VideoServices.vcxproj]
  C:\originalhr2\HoverRaceAI\OpenAL\alstub.cpp(702,60): warning C4100: 'values': unreferenced formal parameter [C:\originalhr2\HoverRaceAI\NetTarget\VideoServices\VideoServices.vcxproj]
  C:\originalhr2\HoverRaceAI\OpenAL\alstub.cpp(702,44): warning C4100: 'param': unreferenced formal parameter [C:\originalhr2\HoverRaceAI\NetTarget\VideoServices\VideoServices.vcxproj]
  C:\originalhr2\HoverRaceAI\OpenAL\alstub.cpp(702,29): warning C4100: 'buffer': unreferenced formal parameter [C:\originalhr2\HoverRaceAI\NetTarget\VideoServices\VideoServices.vcxproj]
  C:\originalhr2\HoverRaceAI\OpenAL\alstub.cpp(703,57): warning C4100: 'value': unreferenced formal parameter [C:\originalhr2\HoverRaceAI\NetTarget\VideoServices\VideoServices.vcxproj]
  C:\originalhr2\HoverRaceAI\OpenAL\alstub.cpp(703,43): warning C4100: 'param': unreferenced formal parameter [C:\originalhr2\HoverRaceAI\NetTarget\VideoServices\VideoServices.vcxproj]
  C:\originalhr2\HoverRaceAI\OpenAL\alstub.cpp(703,28): warning C4100: 'buffer': unreferenced formal parameter [C:\originalhr2\HoverRaceAI\NetTarget\VideoServices\VideoServices.vcxproj]
  C:\originalhr2\HoverRaceAI\OpenAL\alstub.cpp(704,88): warning C4100: 'value3': unreferenced formal parameter [C:\originalhr2\HoverRaceAI\NetTarget\VideoServices\VideoServices.vcxproj]
  C:\originalhr2\HoverRaceAI\OpenAL\alstub.cpp(704,73): warning C4100: 'value2': unreferenced formal parameter [C:\originalhr2\HoverRaceAI\NetTarget\VideoServices\VideoServices.vcxproj]
  C:\originalhr2\HoverRaceAI\OpenAL\alstub.cpp(704,58): warning C4100: 'value1': unreferenced formal parameter [C:\originalhr2\HoverRaceAI\NetTarget\VideoServices\VideoServices.vcxproj]
  C:\originalhr2\HoverRaceAI\OpenAL\alstub.cpp(704,44): warning C4100: 'param': unreferenced formal parameter [C:\originalhr2\HoverRaceAI\NetTarget\VideoServices\VideoServices.vcxproj]
  C:\originalhr2\HoverRaceAI\OpenAL\alstub.cpp(704,29): warning C4100: 'buffer': unreferenced formal parameter [C:\originalhr2\HoverRaceAI\NetTarget\VideoServices\VideoServices.vcxproj]
  C:\originalhr2\HoverRaceAI\OpenAL\alstub.cpp(705,58): warning C4100: 'values': unreferenced formal parameter [C:\originalhr2\HoverRaceAI\NetTarget\VideoServices\VideoServices.vcxproj]
  C:\originalhr2\HoverRaceAI\OpenAL\alstub.cpp(705,44): warning C4100: 'param': unreferenced formal parameter [C:\originalhr2\HoverRaceAI\NetTarget\VideoServices\VideoServices.vcxproj]
  C:\originalhr2\HoverRaceAI\OpenAL\alstub.cpp(705,29): warning C4100: 'buffer': unreferenced formal parameter [C:\originalhr2\HoverRaceAI\NetTarget\VideoServices\VideoServices.vcxproj]
  C:\originalhr2\HoverRaceAI\OpenAL\alstub.cpp(708,68): warning C4100: 'extname': unreferenced formal parameter [C:\originalhr2\HoverRaceAI\NetTarget\VideoServices\VideoServices.vcxproj]
  C:\originalhr2\HoverRaceAI\OpenAL\alstub.cpp(708,45): warning C4100: 'device': unreferenced formal parameter [C:\originalhr2\HoverRaceAI\NetTarget\VideoServices\VideoServices.vcxproj]
  C:\originalhr2\HoverRaceAI\OpenAL\alstub.cpp(709,62): warning C4100: 'funcname': unreferenced formal parameter [C:\originalhr2\HoverRaceAI\NetTarget\VideoServices\VideoServices.vcxproj]
  C:\originalhr2\HoverRaceAI\OpenAL\alstub.cpp(709,39): warning C4100: 'device': unreferenced formal parameter [C:\originalhr2\HoverRaceAI\NetTarget\VideoServices\VideoServices.vcxproj]
  C:\originalhr2\HoverRaceAI\OpenAL\alstub.cpp(710,59): warning C4100: 'enumname': unreferenced formal parameter [C:\originalhr2\HoverRaceAI\NetTarget\VideoServices\VideoServices.vcxproj]
  C:\originalhr2\HoverRaceAI\OpenAL\alstub.cpp(710,36): warning C4100: 'device': unreferenced formal parameter [C:\originalhr2\HoverRaceAI\NetTarget\VideoServices\VideoServices.vcxproj]
  C:\originalhr2\HoverRaceAI\OpenAL\alstub.cpp(711,56): warning C4100: 'param': unreferenced formal parameter [C:\originalhr2\HoverRaceAI\NetTarget\VideoServices\VideoServices.vcxproj]
  C:\originalhr2\HoverRaceAI\OpenAL\alstub.cpp(711,40): warning C4100: 'device': unreferenced formal parameter [C:\originalhr2\HoverRaceAI\NetTarget\VideoServices\VideoServices.vcxproj]
  C:\originalhr2\HoverRaceAI\OpenAL\alstub.cpp(712,81): warning C4100: 'dest': unreferenced formal parameter [C:\originalhr2\HoverRaceAI\NetTarget\VideoServices\VideoServices.vcxproj]
  C:\originalhr2\HoverRaceAI\OpenAL\alstub.cpp(712,67): warning C4100: 'size': unreferenced formal parameter [C:\originalhr2\HoverRaceAI\NetTarget\VideoServices\VideoServices.vcxproj]
  C:\originalhr2\HoverRaceAI\OpenAL\alstub.cpp(712,51): warning C4100: 'param': unreferenced formal parameter [C:\originalhr2\HoverRaceAI\NetTarget\VideoServices\VideoServices.vcxproj]
  C:\originalhr2\HoverRaceAI\OpenAL\alstub.cpp(712,35): warning C4100: 'device': unreferenced formal parameter [C:\originalhr2\HoverRaceAI\NetTarget\VideoServices\VideoServices.vcxproj]
  C:\originalhr2\HoverRaceAI\OpenAL\alstub.cpp(713,32): warning C4100: 'device': unreferenced formal parameter [C:\originalhr2\HoverRaceAI\NetTarget\VideoServices\VideoServices.vcxproj]
  C:\originalhr2\HoverRaceAI\OpenAL\alstub.cpp(714,39): warning C4100: 'context': unreferenced formal parameter [C:\originalhr2\HoverRaceAI\NetTarget\VideoServices\VideoServices.vcxproj]
  C:\originalhr2\HoverRaceAI\OpenAL\alstub.cpp(716,45): warning C4100: 'context': unreferenced formal parameter [C:\originalhr2\HoverRaceAI\NetTarget\VideoServices\VideoServices.vcxproj]
  C:\originalhr2\HoverRaceAI\OpenAL\alstub.cpp(78,14): warning C4505: 'dbToGain': unreferenced function with internal linkage has been removed [C:\originalhr2\HoverRaceAI\NetTarget\VideoServices\VideoServices.vcxproj]
  C:\Program Files\Microsoft Visual Studio\2022\Community\VC\Tools\MSVC\14.39.33519\include\yvals_core.h(880,1): warning C4005: '_MSVC_STL_VERSION': macro redefinition [C:\originalhr2\HoverRaceAI\NetTarget\VideoServices\VideoServices.vcxproj]
  C:\Program Files\Microsoft Visual Studio\2022\Community\VC\Tools\MSVC\14.39.33519\include\yvals_core.h(881,1): warning C4005: '_MSVC_STL_UPDATE': macro redefinition [C:\originalhr2\HoverRaceAI\NetTarget\VideoServices\VideoServices.vcxproj]
  C:\Program Files\Microsoft Visual Studio\2022\Community\VC\Tools\MSVC\14.39.33519\include\yvals_core.h(1000,1): warning C4005: '_DEPRECATE_TR1_NAMESPACE': macro redefinition [C:\originalhr2\HoverRaceAI\NetTarget\VideoServices\VideoServices.vcxproj]
  C:\Program Files\Microsoft Visual Studio\2022\Community\VC\Tools\MSVC\14.39.33519\include\yvals_core.h(1014,1): warning C4005: '_MISMATCHED_ALLOCATOR_MESSAGE': macro redefinition [C:\originalhr2\HoverRaceAI\NetTarget\VideoServices\VideoServices.vcxproj]
  C:\Program Files\Microsoft Visual Studio\2022\Community\VC\Tools\MSVC\14.39.33519\include\yvals_core.h(880,1): warning C4005: '_MSVC_STL_VERSION': macro redefinition [C:\originalhr2\HoverRaceAI\NetTarget\VideoServices\VideoServices.vcxproj]
  C:\Program Files\Microsoft Visual Studio\2022\Community\VC\Tools\MSVC\14.39.33519\include\yvals_core.h(881,1): warning C4005: '_MSVC_STL_UPDATE': macro redefinition [C:\originalhr2\HoverRaceAI\NetTarget\VideoServices\VideoServices.vcxproj]
  C:\Program Files\Microsoft Visual Studio\2022\Community\VC\Tools\MSVC\14.39.33519\include\yvals_core.h(1000,1): warning C4005: '_DEPRECATE_TR1_NAMESPACE': macro redefinition [C:\originalhr2\HoverRaceAI\NetTarget\VideoServices\VideoServices.vcxproj]
  C:\Program Files\Microsoft Visual Studio\2022\Community\VC\Tools\MSVC\14.39.33519\include\yvals_core.h(1014,1): warning C4005: '_MISMATCHED_ALLOCATOR_MESSAGE': macro redefinition [C:\originalhr2\HoverRaceAI\NetTarget\VideoServices\VideoServices.vcxproj]
  C:\Program Files\Microsoft Visual Studio\2022\Community\VC\Tools\MSVC\14.39.33519\include\yvals_core.h(880,1): warning C4005: '_MSVC_STL_VERSION': macro redefinition [C:\originalhr2\HoverRaceAI\NetTarget\VideoServices\VideoServices.vcxproj]
  C:\Program Files\Microsoft Visual Studio\2022\Community\VC\Tools\MSVC\14.39.33519\include\yvals_core.h(881,1): warning C4005: '_MSVC_STL_UPDATE': macro redefinition [C:\originalhr2\HoverRaceAI\NetTarget\VideoServices\VideoServices.vcxproj]
  C:\Program Files\Microsoft Visual Studio\2022\Community\VC\Tools\MSVC\14.39.33519\include\yvals_core.h(1000,1): warning C4005: '_DEPRECATE_TR1_NAMESPACE': macro redefinition [C:\originalhr2\HoverRaceAI\NetTarget\VideoServices\VideoServices.vcxproj]
  C:\Program Files\Microsoft Visual Studio\2022\Community\VC\Tools\MSVC\14.39.33519\include\yvals_core.h(1014,1): warning C4005: '_MISMATCHED_ALLOCATOR_MESSAGE': macro redefinition [C:\originalhr2\HoverRaceAI\NetTarget\VideoServices\VideoServices.vcxproj]
  C:\Program Files\Microsoft Visual Studio\2022\Community\VC\Tools\MSVC\14.39.33519\include\yvals_core.h(880,1): warning C4005: '_MSVC_STL_VERSION': macro redefinition [C:\originalhr2\HoverRaceAI\NetTarget\VideoServices\VideoServices.vcxproj]
  C:\Program Files\Microsoft Visual Studio\2022\Community\VC\Tools\MSVC\14.39.33519\include\yvals_core.h(881,1): warning C4005: '_MSVC_STL_UPDATE': macro redefinition [C:\originalhr2\HoverRaceAI\NetTarget\VideoServices\VideoServices.vcxproj]
  C:\Program Files\Microsoft Visual Studio\2022\Community\VC\Tools\MSVC\14.39.33519\include\yvals_core.h(1000,1): warning C4005: '_DEPRECATE_TR1_NAMESPACE': macro redefinition [C:\originalhr2\HoverRaceAI\NetTarget\VideoServices\VideoServices.vcxproj]
  C:\Program Files\Microsoft Visual Studio\2022\Community\VC\Tools\MSVC\14.39.33519\include\yvals_core.h(1014,1): warning C4005: '_MISMATCHED_ALLOCATOR_MESSAGE': macro redefinition [C:\originalhr2\HoverRaceAI\NetTarget\VideoServices\VideoServices.vcxproj]
  C:\originalhr2\HoverRaceAI\NetTarget\VideoServices\ModernRenderer.cpp(88,43): warning C4100: 'pAlpha': unreferenced formal parameter [C:\originalhr2\HoverRaceAI\NetTarget\VideoServices\VideoServices.vcxproj]
  C:\originalhr2\HoverRaceAI\NetTarget\VideoServices\ModernRenderer.cpp(87,41): warning C4100: 'pRotation': unreferenced formal parameter [C:\originalhr2\HoverRaceAI\NetTarget\VideoServices\VideoServices.vcxproj]
  C:\originalhr2\HoverRaceAI\NetTarget\VideoServices\ModernRenderer.cpp(86,56): warning C4100: 'pScaleY': unreferenced formal parameter [C:\originalhr2\HoverRaceAI\NetTarget\VideoServices\VideoServices.vcxproj]
  C:\originalhr2\HoverRaceAI\NetTarget\VideoServices\ModernRenderer.cpp(86,41): warning C4100: 'pScaleX': unreferenced formal parameter [C:\originalhr2\HoverRaceAI\NetTarget\VideoServices\VideoServices.vcxproj]
  C:\originalhr2\HoverRaceAI\NetTarget\VideoServices\ModernRenderer.cpp(300,42): warning C4100: 'pChar': unreferenced formal parameter [C:\originalhr2\HoverRaceAI\NetTarget\VideoServices\VideoServices.vcxproj]
  C:\Program Files\Microsoft Visual Studio\2022\Community\VC\Tools\MSVC\14.39.33519\include\yvals_core.h(880,1): warning C4005: '_MSVC_STL_VERSION': macro redefinition [C:\originalhr2\HoverRaceAI\NetTarget\VideoServices\VideoServices.vcxproj]
  C:\Program Files\Microsoft Visual Studio\2022\Community\VC\Tools\MSVC\14.39.33519\include\yvals_core.h(881,1): warning C4005: '_MSVC_STL_UPDATE': macro redefinition [C:\originalhr2\HoverRaceAI\NetTarget\VideoServices\VideoServices.vcxproj]
  C:\Program Files\Microsoft Visual Studio\2022\Community\VC\Tools\MSVC\14.39.33519\include\yvals_core.h(1000,1): warning C4005: '_DEPRECATE_TR1_NAMESPACE': macro redefinition [C:\originalhr2\HoverRaceAI\NetTarget\VideoServices\VideoServices.vcxproj]
  C:\Program Files\Microsoft Visual Studio\2022\Community\VC\Tools\MSVC\14.39.33519\include\yvals_core.h(1014,1): warning C4005: '_MISMATCHED_ALLOCATOR_MESSAGE': macro redefinition [C:\originalhr2\HoverRaceAI\NetTarget\VideoServices\VideoServices.vcxproj]
  C:\originalhr2\HoverRaceAI\NetTarget\VideoServices\ModernActorRenderer.cpp(128,47): warning C4100: 'pScale': unreferenced formal parameter [C:\originalhr2\HoverRaceAI\NetTarget\VideoServices\VideoServices.vcxproj]
  C:\originalhr2\HoverRaceAI\NetTarget\VideoServices\ModernActorRenderer.cpp(127,60): warning C4100: 'pFrame': unreferenced formal parameter [C:\originalhr2\HoverRaceAI\NetTarget\VideoServices\VideoServices.vcxproj]
  C:\originalhr2\HoverRaceAI\NetTarget\VideoServices\ModernActorRenderer.cpp(127,45): warning C4100: 'pSequence': unreferenced formal parameter [C:\originalhr2\HoverRaceAI\NetTarget\VideoServices\VideoServices.vcxproj]
  C:\originalhr2\HoverRaceAI\NetTarget\VideoServices\ModernActorRenderer.cpp(144,90): warning C4100: 'pZ': unreferenced formal parameter [C:\originalhr2\HoverRaceAI\NetTarget\VideoServices\VideoServices.vcxproj]
  C:\originalhr2\HoverRaceAI\NetTarget\VideoServices\ModernActorRenderer.cpp(144,79): warning C4100: 'pY': unreferenced formal parameter [C:\originalhr2\HoverRaceAI\NetTarget\VideoServices\VideoServices.vcxproj]
  C:\originalhr2\HoverRaceAI\NetTarget\VideoServices\ModernActorRenderer.cpp(144,68): warning C4100: 'pX': unreferenced formal parameter [C:\originalhr2\HoverRaceAI\NetTarget\VideoServices\VideoServices.vcxproj]
  C:\originalhr2\HoverRaceAI\NetTarget\VideoServices\ModernActorRenderer.cpp(153,99): warning C4100: 'pRoll': unreferenced formal parameter [C:\originalhr2\HoverRaceAI\NetTarget\VideoServices\VideoServices.vcxproj]
  C:\originalhr2\HoverRaceAI\NetTarget\VideoServices\ModernActorRenderer.cpp(153,84): warning C4100: 'pPitch': unreferenced formal parameter [C:\originalhr2\HoverRaceAI\NetTarget\VideoServices\VideoServices.vcxproj]
  C:\originalhr2\HoverRaceAI\NetTarget\VideoServices\ModernActorRenderer.cpp(153,71): warning C4100: 'pYaw': unreferenced formal parameter [C:\originalhr2\HoverRaceAI\NetTarget\VideoServices\VideoServices.vcxproj]
  C:\originalhr2\HoverRaceAI\NetTarget\VideoServices\ModernActorRenderer.cpp(198,65): warning C4100: 'pTintColor': unreferenced formal parameter [C:\originalhr2\HoverRaceAI\NetTarget\VideoServices\VideoServices.vcxproj]
  C:\originalhr2\HoverRaceAI\NetTarget\VideoServices\ModernActorRenderer.cpp(217,70): warning C4100: 'pVertical': unreferenced formal parameter [C:\originalhr2\HoverRaceAI\NetTarget\VideoServices\VideoServices.vcxproj]
  C:\originalhr2\HoverRaceAI\NetTarget\VideoServices\ModernActorRenderer.cpp(217,52): warning C4100: 'pHorizontal': unreferenced formal parameter [C:\originalhr2\HoverRaceAI\NetTarget\VideoServices\VideoServices.vcxproj]
  C:\originalhr2\HoverRaceAI\NetTarget\VideoServices\ModernActorRenderer.cpp(230,65): warning C4100: 'pTransparencyKey': unreferenced formal parameter [C:\originalhr2\HoverRaceAI\NetTarget\VideoServices\VideoServices.vcxproj]
  C:\Program Files\Microsoft Visual Studio\2022\Community\VC\Tools\MSVC\14.39.33519\include\yvals_core.h(880,1): warning C4005: '_MSVC_STL_VERSION': macro redefinition [C:\originalhr2\HoverRaceAI\NetTarget\VideoServices\VideoServices.vcxproj]
  C:\Program Files\Microsoft Visual Studio\2022\Community\VC\Tools\MSVC\14.39.33519\include\yvals_core.h(881,1): warning C4005: '_MSVC_STL_UPDATE': macro redefinition [C:\originalhr2\HoverRaceAI\NetTarget\VideoServices\VideoServices.vcxproj]
  C:\Program Files\Microsoft Visual Studio\2022\Community\VC\Tools\MSVC\14.39.33519\include\yvals_core.h(1000,1): warning C4005: '_DEPRECATE_TR1_NAMESPACE': macro redefinition [C:\originalhr2\HoverRaceAI\NetTarget\VideoServices\VideoServices.vcxproj]
  C:\Program Files\Microsoft Visual Studio\2022\Community\VC\Tools\MSVC\14.39.33519\include\yvals_core.h(1014,1): warning C4005: '_MISMATCHED_ALLOCATOR_MESSAGE': macro redefinition [C:\originalhr2\HoverRaceAI\NetTarget\VideoServices\VideoServices.vcxproj]


"C:\originalhr2\HoverRaceAI\NetTarget\MainCharacter\MainCharacter.vcxproj" (Rebuild target) (1) ->
"C:\originalhr2\HoverRaceAI\NetTarget\Model\Model.vcxproj" (default target) (4:2) ->
  C:\Program Files\Microsoft Visual Studio\2022\Community\VC\Tools\MSVC\14.39.33519\include\yvals_core.h(880,1): warning C4005: '_MSVC_STL_VERSION': macro redefinition [C:\originalhr2\HoverRaceAI\NetTarget\Model\Model.vcxproj]
  C:\Program Files\Microsoft Visual Studio\2022\Community\VC\Tools\MSVC\14.39.33519\include\yvals_core.h(881,1): warning C4005: '_MSVC_STL_UPDATE': macro redefinition [C:\originalhr2\HoverRaceAI\NetTarget\Model\Model.vcxproj]
  C:\Program Files\Microsoft Visual Studio\2022\Community\VC\Tools\MSVC\14.39.33519\include\yvals_core.h(1000,1): warning C4005: '_DEPRECATE_TR1_NAMESPACE': macro redefinition [C:\originalhr2\HoverRaceAI\NetTarget\Model\Model.vcxproj]
  C:\Program Files\Microsoft Visual Studio\2022\Community\VC\Tools\MSVC\14.39.33519\include\yvals_core.h(1014,1): warning C4005: '_MISMATCHED_ALLOCATOR_MESSAGE': macro redefinition [C:\originalhr2\HoverRaceAI\NetTarget\Model\Model.vcxproj]
  C:\Program Files\Microsoft Visual Studio\2022\Community\VC\Tools\MSVC\14.39.33519\include\yvals_core.h(880,1): warning C4005: '_MSVC_STL_VERSION': macro redefinition [C:\originalhr2\HoverRaceAI\NetTarget\Model\Model.vcxproj]
  C:\Program Files\Microsoft Visual Studio\2022\Community\VC\Tools\MSVC\14.39.33519\include\yvals_core.h(881,1): warning C4005: '_MSVC_STL_UPDATE': macro redefinition [C:\originalhr2\HoverRaceAI\NetTarget\Model\Model.vcxproj]
  C:\Program Files\Microsoft Visual Studio\2022\Community\VC\Tools\MSVC\14.39.33519\include\yvals_core.h(1000,1): warning C4005: '_DEPRECATE_TR1_NAMESPACE': macro redefinition [C:\originalhr2\HoverRaceAI\NetTarget\Model\Model.vcxproj]
  C:\Program Files\Microsoft Visual Studio\2022\Community\VC\Tools\MSVC\14.39.33519\include\yvals_core.h(1014,1): warning C4005: '_MISMATCHED_ALLOCATOR_MESSAGE': macro redefinition [C:\originalhr2\HoverRaceAI\NetTarget\Model\Model.vcxproj]
  C:\Program Files\Microsoft Visual Studio\2022\Community\VC\Tools\MSVC\14.39.33519\include\yvals_core.h(880,1): warning C4005: '_MSVC_STL_VERSION': macro redefinition [C:\originalhr2\HoverRaceAI\NetTarget\Model\Model.vcxproj]
  C:\Program Files\Microsoft Visual Studio\2022\Community\VC\Tools\MSVC\14.39.33519\include\yvals_core.h(881,1): warning C4005: '_MSVC_STL_UPDATE': macro redefinition [C:\originalhr2\HoverRaceAI\NetTarget\Model\Model.vcxproj]
  C:\Program Files\Microsoft Visual Studio\2022\Community\VC\Tools\MSVC\14.39.33519\include\yvals_core.h(1000,1): warning C4005: '_DEPRECATE_TR1_NAMESPACE': macro redefinition [C:\originalhr2\HoverRaceAI\NetTarget\Model\Model.vcxproj]
  C:\Program Files\Microsoft Visual Studio\2022\Community\VC\Tools\MSVC\14.39.33519\include\yvals_core.h(1014,1): warning C4005: '_MISMATCHED_ALLOCATOR_MESSAGE': macro redefinition [C:\originalhr2\HoverRaceAI\NetTarget\Model\Model.vcxproj]
  C:\Program Files\Microsoft Visual Studio\2022\Community\VC\Tools\MSVC\14.39.33519\include\yvals_core.h(880,1): warning C4005: '_MSVC_STL_VERSION': macro redefinition [C:\originalhr2\HoverRaceAI\NetTarget\Model\Model.vcxproj]
  C:\Program Files\Microsoft Visual Studio\2022\Community\VC\Tools\MSVC\14.39.33519\include\yvals_core.h(881,1): warning C4005: '_MSVC_STL_UPDATE': macro redefinition [C:\originalhr2\HoverRaceAI\NetTarget\Model\Model.vcxproj]
  C:\Program Files\Microsoft Visual Studio\2022\Community\VC\Tools\MSVC\14.39.33519\include\yvals_core.h(1000,1): warning C4005: '_DEPRECATE_TR1_NAMESPACE': macro redefinition [C:\originalhr2\HoverRaceAI\NetTarget\Model\Model.vcxproj]
  C:\Program Files\Microsoft Visual Studio\2022\Community\VC\Tools\MSVC\14.39.33519\include\yvals_core.h(1014,1): warning C4005: '_MISMATCHED_ALLOCATOR_MESSAGE': macro redefinition [C:\originalhr2\HoverRaceAI\NetTarget\Model\Model.vcxproj]
  C:\originalhr2\HoverRaceAI\NetTarget\Model\GameSession.cpp(53,20): warning C4996: 'fopen': This function or variable may be unsafe. Consider using fopen_s instead. To disable deprecation, use _CRT_SECURE_NO_WARNINGS. See online help for details. [C:\originalhr2\HoverRaceAI\NetTarget\Model\Model.vcxproj]
  C:\originalhr2\HoverRaceAI\NetTarget\Model\GameSession.cpp(180,20): warning C4996: 'fopen': This function or variable may be unsafe. Consider using fopen_s instead. To disable deprecation, use _CRT_SECURE_NO_WARNINGS. See online help for details. [C:\originalhr2\HoverRaceAI\NetTarget\Model\Model.vcxproj]
  C:\originalhr2\HoverRaceAI\NetTarget\Model\GameSession.cpp(230,31): warning C4101: 'e': unreferenced local variable [C:\originalhr2\HoverRaceAI\NetTarget\Model\Model.vcxproj]
  C:\originalhr2\HoverRaceAI\NetTarget\Model\GameSession.cpp(235,32): warning C4101: 'e': unreferenced local variable [C:\originalhr2\HoverRaceAI\NetTarget\Model\Model.vcxproj]
  C:\originalhr2\HoverRaceAI\NetTarget\Model\GameSession.cpp(240,29): warning C4101: 'e': unreferenced local variable [C:\originalhr2\HoverRaceAI\NetTarget\Model\Model.vcxproj]
  C:\originalhr2\HoverRaceAI\NetTarget\Model\GameSession.cpp(245,25): warning C4101: 'e': unreferenced local variable [C:\originalhr2\HoverRaceAI\NetTarget\Model\Model.vcxproj]
  C:\originalhr2\HoverRaceAI\NetTarget\Model\GameSession.cpp(600,32): warning C4456: declaration of 'lSpec' hides previous local declaration [C:\originalhr2\HoverRaceAI\NetTarget\Model\Model.vcxproj]
  C:\Program Files\Microsoft Visual Studio\2022\Community\VC\Tools\MSVC\14.39.33519\include\yvals_core.h(880,1): warning C4005: '_MSVC_STL_VERSION': macro redefinition [C:\originalhr2\HoverRaceAI\NetTarget\Model\Model.vcxproj]
  C:\Program Files\Microsoft Visual Studio\2022\Community\VC\Tools\MSVC\14.39.33519\include\yvals_core.h(881,1): warning C4005: '_MSVC_STL_UPDATE': macro redefinition [C:\originalhr2\HoverRaceAI\NetTarget\Model\Model.vcxproj]
  C:\Program Files\Microsoft Visual Studio\2022\Community\VC\Tools\MSVC\14.39.33519\include\yvals_core.h(1000,1): warning C4005: '_DEPRECATE_TR1_NAMESPACE': macro redefinition [C:\originalhr2\HoverRaceAI\NetTarget\Model\Model.vcxproj]
  C:\Program Files\Microsoft Visual Studio\2022\Community\VC\Tools\MSVC\14.39.33519\include\yvals_core.h(1014,1): warning C4005: '_MISMATCHED_ALLOCATOR_MESSAGE': macro redefinition [C:\originalhr2\HoverRaceAI\NetTarget\Model\Model.vcxproj]
  C:\originalhr2\HoverRaceAI\NetTarget\Model\Level.cpp(468,20): warning C4996: 'fopen': This function or variable may be unsafe. Consider using fopen_s instead. To disable deprecation, use _CRT_SECURE_NO_WARNINGS. See online help for details. [C:\originalhr2\HoverRaceAI\NetTarget\Model\Model.vcxproj]
  C:\originalhr2\HoverRaceAI\NetTarget\Model\Level.cpp(566,47): warning C4238: nonstandard extension used: class rvalue used as lvalue [C:\originalhr2\HoverRaceAI\NetTarget\Model\Model.vcxproj]
  C:\originalhr2\HoverRaceAI\NetTarget\Model\Level.cpp(574,58): warning C4238: nonstandard extension used: class rvalue used as lvalue [C:\originalhr2\HoverRaceAI\NetTarget\Model\Model.vcxproj]
  C:\originalhr2\HoverRaceAI\NetTarget\Model\Level.cpp(585,57): warning C4238: nonstandard extension used: class rvalue used as lvalue [C:\originalhr2\HoverRaceAI\NetTarget\Model\Model.vcxproj]
  C:\originalhr2\HoverRaceAI\NetTarget\Model\Level.cpp(592,61): warning C4238: nonstandard extension used: class rvalue used as lvalue [C:\originalhr2\HoverRaceAI\NetTarget\Model\Model.vcxproj]
  C:\Program Files\Microsoft Visual Studio\2022\Community\VC\Tools\MSVC\14.39.33519\include\yvals_core.h(880,1): warning C4005: '_MSVC_STL_VERSION': macro redefinition [C:\originalhr2\HoverRaceAI\NetTarget\Model\Model.vcxproj]
  C:\Program Files\Microsoft Visual Studio\2022\Community\VC\Tools\MSVC\14.39.33519\include\yvals_core.h(881,1): warning C4005: '_MSVC_STL_UPDATE': macro redefinition [C:\originalhr2\HoverRaceAI\NetTarget\Model\Model.vcxproj]
  C:\Program Files\Microsoft Visual Studio\2022\Community\VC\Tools\MSVC\14.39.33519\include\yvals_core.h(1000,1): warning C4005: '_DEPRECATE_TR1_NAMESPACE': macro redefinition [C:\originalhr2\HoverRaceAI\NetTarget\Model\Model.vcxproj]
  C:\Program Files\Microsoft Visual Studio\2022\Community\VC\Tools\MSVC\14.39.33519\include\yvals_core.h(1014,1): warning C4005: '_MISMATCHED_ALLOCATOR_MESSAGE': macro redefinition [C:\originalhr2\HoverRaceAI\NetTarget\Model\Model.vcxproj]
  C:\originalhr2\HoverRaceAI\NetTarget\Model\MazeElement.cpp(141,39): warning C4100: 'pDataLen': unreferenced formal parameter [C:\originalhr2\HoverRaceAI\NetTarget\Model\Model.vcxproj]
  C:\Program Files\Microsoft Visual Studio\2022\Community\VC\Tools\MSVC\14.39.33519\include\yvals_core.h(880,1): warning C4005: '_MSVC_STL_VERSION': macro redefinition [C:\originalhr2\HoverRaceAI\NetTarget\Model\Model.vcxproj]
  C:\Program Files\Microsoft Visual Studio\2022\Community\VC\Tools\MSVC\14.39.33519\include\yvals_core.h(881,1): warning C4005: '_MSVC_STL_UPDATE': macro redefinition [C:\originalhr2\HoverRaceAI\NetTarget\Model\Model.vcxproj]
  C:\Program Files\Microsoft Visual Studio\2022\Community\VC\Tools\MSVC\14.39.33519\include\yvals_core.h(1000,1): warning C4005: '_DEPRECATE_TR1_NAMESPACE': macro redefinition [C:\originalhr2\HoverRaceAI\NetTarget\Model\Model.vcxproj]
  C:\Program Files\Microsoft Visual Studio\2022\Community\VC\Tools\MSVC\14.39.33519\include\yvals_core.h(1014,1): warning C4005: '_MISMATCHED_ALLOCATOR_MESSAGE': macro redefinition [C:\originalhr2\HoverRaceAI\NetTarget\Model\Model.vcxproj]
  C:\Program Files\Microsoft Visual Studio\2022\Community\VC\Tools\MSVC\14.39.33519\include\yvals_core.h(880,1): warning C4005: '_MSVC_STL_VERSION': macro redefinition [C:\originalhr2\HoverRaceAI\NetTarget\Model\Model.vcxproj]
  C:\Program Files\Microsoft Visual Studio\2022\Community\VC\Tools\MSVC\14.39.33519\include\yvals_core.h(881,1): warning C4005: '_MSVC_STL_UPDATE': macro redefinition [C:\originalhr2\HoverRaceAI\NetTarget\Model\Model.vcxproj]
  C:\Program Files\Microsoft Visual Studio\2022\Community\VC\Tools\MSVC\14.39.33519\include\yvals_core.h(1000,1): warning C4005: '_DEPRECATE_TR1_NAMESPACE': macro redefinition [C:\originalhr2\HoverRaceAI\NetTarget\Model\Model.vcxproj]
  C:\Program Files\Microsoft Visual Studio\2022\Community\VC\Tools\MSVC\14.39.33519\include\yvals_core.h(1014,1): warning C4005: '_MISMATCHED_ALLOCATOR_MESSAGE': macro redefinition [C:\originalhr2\HoverRaceAI\NetTarget\Model\Model.vcxproj]
  C:\Program Files\Microsoft Visual Studio\2022\Community\VC\Tools\MSVC\14.39.33519\include\yvals_core.h(880,1): warning C4005: '_MSVC_STL_VERSION': macro redefinition [C:\originalhr2\HoverRaceAI\NetTarget\Model\Model.vcxproj]
  C:\Program Files\Microsoft Visual Studio\2022\Community\VC\Tools\MSVC\14.39.33519\include\yvals_core.h(881,1): warning C4005: '_MSVC_STL_UPDATE': macro redefinition [C:\originalhr2\HoverRaceAI\NetTarget\Model\Model.vcxproj]
  C:\Program Files\Microsoft Visual Studio\2022\Community\VC\Tools\MSVC\14.39.33519\include\yvals_core.h(1000,1): warning C4005: '_DEPRECATE_TR1_NAMESPACE': macro redefinition [C:\originalhr2\HoverRaceAI\NetTarget\Model\Model.vcxproj]
  C:\Program Files\Microsoft Visual Studio\2022\Community\VC\Tools\MSVC\14.39.33519\include\yvals_core.h(1014,1): warning C4005: '_MISMATCHED_ALLOCATOR_MESSAGE': macro redefinition [C:\originalhr2\HoverRaceAI\NetTarget\Model\Model.vcxproj]
  C:\Program Files\Microsoft Visual Studio\2022\Community\VC\Tools\MSVC\14.39.33519\include\yvals_core.h(880,1): warning C4005: '_MSVC_STL_VERSION': macro redefinition [C:\originalhr2\HoverRaceAI\NetTarget\Model\Model.vcxproj]
  C:\Program Files\Microsoft Visual Studio\2022\Community\VC\Tools\MSVC\14.39.33519\include\yvals_core.h(881,1): warning C4005: '_MSVC_STL_UPDATE': macro redefinition [C:\originalhr2\HoverRaceAI\NetTarget\Model\Model.vcxproj]
  C:\Program Files\Microsoft Visual Studio\2022\Community\VC\Tools\MSVC\14.39.33519\include\yvals_core.h(1000,1): warning C4005: '_DEPRECATE_TR1_NAMESPACE': macro redefinition [C:\originalhr2\HoverRaceAI\NetTarget\Model\Model.vcxproj]
  C:\Program Files\Microsoft Visual Studio\2022\Community\VC\Tools\MSVC\14.39.33519\include\yvals_core.h(1014,1): warning C4005: '_MISMATCHED_ALLOCATOR_MESSAGE': macro redefinition [C:\originalhr2\HoverRaceAI\NetTarget\Model\Model.vcxproj]
  C:\originalhr2\HoverRaceAI\NetTarget\Model\ShapeCollisions.cpp(198,1): warning C4700: uninitialized local variable 'lReturnValue' used [C:\originalhr2\HoverRaceAI\NetTarget\Model\Model.vcxproj]


"C:\originalhr2\HoverRaceAI\NetTarget\MainCharacter\MainCharacter.vcxproj" (Rebuild target) (1) ->
"C:\originalhr2\HoverRaceAI\NetTarget\Model\Model.vcxproj" (default target) (4:2) ->
(Link target) -> 
  StdAfx.obj : warning LNK4099: PDB '' was not found with 'StdAfx.obj' or at ''; linking object as if no debug info [C:\originalhr2\HoverRaceAI\NetTarget\Model\Model.vcxproj]
  Shapes.obj : warning LNK4099: PDB '' was not found with 'Shapes.obj' or at ''; linking object as if no debug info [C:\originalhr2\HoverRaceAI\NetTarget\Model\Model.vcxproj]
  ShapeCollisions.obj : warning LNK4099: PDB '' was not found with 'ShapeCollisions.obj' or at ''; linking object as if no debug info [C:\originalhr2\HoverRaceAI\NetTarget\Model\Model.vcxproj]
  PhysicalCollision.obj : warning LNK4099: PDB '' was not found with 'PhysicalCollision.obj' or at ''; linking object as if no debug info [C:\originalhr2\HoverRaceAI\NetTarget\Model\Model.vcxproj]
  MazeElement.obj : warning LNK4099: PDB '' was not found with 'MazeElement.obj' or at ''; linking object as if no debug info [C:\originalhr2\HoverRaceAI\NetTarget\Model\Model.vcxproj]
  Level.obj : warning LNK4099: PDB '' was not found with 'Level.obj' or at ''; linking object as if no debug info [C:\originalhr2\HoverRaceAI\NetTarget\Model\Model.vcxproj]
  GameSession.obj : warning LNK4099: PDB '' was not found with 'GameSession.obj' or at ''; linking object as if no debug info [C:\originalhr2\HoverRaceAI\NetTarget\Model\Model.vcxproj]
  FreeElementMovingHelper.obj : warning LNK4099: PDB '' was not found with 'FreeElementMovingHelper.obj' or at ''; linking object as if no debug info [C:\originalhr2\HoverRaceAI\NetTarget\Model\Model.vcxproj]
  ContactEffect.obj : warning LNK4099: PDB '' was not found with 'ContactEffect.obj' or at ''; linking object as if no debug info [C:\originalhr2\HoverRaceAI\NetTarget\Model\Model.vcxproj]
  ConcreteShape.obj : warning LNK4099: PDB '' was not found with 'ConcreteShape.obj' or at ''; linking object as if no debug info [C:\originalhr2\HoverRaceAI\NetTarget\Model\Model.vcxproj]


"C:\originalhr2\HoverRaceAI\NetTarget\MainCharacter\MainCharacter.vcxproj" (Rebuild target) (1) ->
(ClCompile target) -> 
  C:\Program Files\Microsoft Visual Studio\2022\Community\VC\Tools\MSVC\14.39.33519\include\yvals_core.h(880,1): warning C4005: '_MSVC_STL_VERSION': macro redefinition [C:\originalhr2\HoverRaceAI\NetTarget\MainCharacter\MainCharacter.vcxproj]
  C:\Program Files\Microsoft Visual Studio\2022\Community\VC\Tools\MSVC\14.39.33519\include\yvals_core.h(881,1): warning C4005: '_MSVC_STL_UPDATE': macro redefinition [C:\originalhr2\HoverRaceAI\NetTarget\MainCharacter\MainCharacter.vcxproj]
  C:\Program Files\Microsoft Visual Studio\2022\Community\VC\Tools\MSVC\14.39.33519\include\yvals_core.h(1000,1): warning C4005: '_DEPRECATE_TR1_NAMESPACE': macro redefinition [C:\originalhr2\HoverRaceAI\NetTarget\MainCharacter\MainCharacter.vcxproj]
  C:\Program Files\Microsoft Visual Studio\2022\Community\VC\Tools\MSVC\14.39.33519\include\yvals_core.h(1014,1): warning C4005: '_MISMATCHED_ALLOCATOR_MESSAGE': macro redefinition [C:\originalhr2\HoverRaceAI\NetTarget\MainCharacter\MainCharacter.vcxproj]
  C:\originalhr2\HoverRaceAI\NetTarget\MainCharacter\MainCharacter.cpp(45,2): warning C4091: 'static ': ignored on left of 'MR_ResActorFriend' when no variable is declared [C:\originalhr2\HoverRaceAI\NetTarget\MainCharacter\MainCharacter.vcxproj]
  C:\originalhr2\HoverRaceAI\NetTarget\MainCharacter\MainCharacter.cpp(66,37): warning C4100: 'pModel': unreferenced formal parameter [C:\originalhr2\HoverRaceAI\NetTarget\MainCharacter\MainCharacter.vcxproj]
  C:\originalhr2\HoverRaceAI\NetTarget\MainCharacter\MainCharacter.cpp(65,37): warning C4100: 'pHoverId': unreferenced formal parameter [C:\originalhr2\HoverRaceAI\NetTarget\MainCharacter\MainCharacter.vcxproj]
  C:\originalhr2\HoverRaceAI\NetTarget\MainCharacter\MainCharacter.cpp(286,19): warning C4244: '=': conversion from 'double' to 'MR_Int32', possible loss of data [C:\originalhr2\HoverRaceAI\NetTarget\MainCharacter\MainCharacter.vcxproj]
  C:\originalhr2\HoverRaceAI\NetTarget\MainCharacter\MainCharacter.cpp(287,19): warning C4244: '=': conversion from 'double' to 'MR_Int32', possible loss of data [C:\originalhr2\HoverRaceAI\NetTarget\MainCharacter\MainCharacter.vcxproj]
  C:\originalhr2\HoverRaceAI\NetTarget\MainCharacter\MainCharacter.cpp(288,19): warning C4244: '=': conversion from 'double' to 'MR_Int32', possible loss of data [C:\originalhr2\HoverRaceAI\NetTarget\MainCharacter\MainCharacter.vcxproj]
  C:\originalhr2\HoverRaceAI\NetTarget\MainCharacter\MainCharacter.cpp(415,26): warning C4477: 'fprintf' : format string '%.0f' requires an argument of type 'double', but variadic argument 6 has type 'MR_Int32' [C:\originalhr2\HoverRaceAI\NetTarget\MainCharacter\MainCharacter.vcxproj]
  C:\originalhr2\HoverRaceAI\NetTarget\MainCharacter\MainCharacter.cpp(415,26): warning C4477: 'fprintf' : format string '%.0f' requires an argument of type 'double', but variadic argument 7 has type 'MR_Int32' [C:\originalhr2\HoverRaceAI\NetTarget\MainCharacter\MainCharacter.vcxproj]
  C:\originalhr2\HoverRaceAI\NetTarget\MainCharacter\MainCharacter.cpp(415,26): warning C4477: 'fprintf' : format string '%.0f' requires an argument of type 'double', but variadic argument 8 has type 'MR_Int32' [C:\originalhr2\HoverRaceAI\NetTarget\MainCharacter\MainCharacter.vcxproj]
  C:\originalhr2\HoverRaceAI\NetTarget\MainCharacter\MainCharacter.cpp(375,21): warning C4996: 'fopen': This function or variable may be unsafe. Consider using fopen_s instead. To disable deprecation, use _CRT_SECURE_NO_WARNINGS. See online help for details. [C:\originalhr2\HoverRaceAI\NetTarget\MainCharacter\MainCharacter.vcxproj]
  C:\originalhr2\HoverRaceAI\NetTarget\MainCharacter\MainCharacter.cpp(412,22): warning C4996: 'fopen': This function or variable may be unsafe. Consider using fopen_s instead. To disable deprecation, use _CRT_SECURE_NO_WARNINGS. See online help for details. [C:\originalhr2\HoverRaceAI\NetTarget\MainCharacter\MainCharacter.vcxproj]
  C:\originalhr2\HoverRaceAI\NetTarget\MainCharacter\MainCharacter.cpp(521,55): warning C4244: 'argument': conversion from 'double' to 'MR_Int32', possible loss of data [C:\originalhr2\HoverRaceAI\NetTarget\MainCharacter\MainCharacter.vcxproj]
  C:\originalhr2\HoverRaceAI\NetTarget\MainCharacter\MainCharacter.cpp(522,55): warning C4244: 'argument': conversion from 'double' to 'MR_Int32', possible loss of data [C:\originalhr2\HoverRaceAI\NetTarget\MainCharacter\MainCharacter.vcxproj]
  C:\originalhr2\HoverRaceAI\NetTarget\MainCharacter\MainCharacter.cpp(523,40): warning C4244: 'argument': conversion from 'double' to 'MR_Int32', possible loss of data [C:\originalhr2\HoverRaceAI\NetTarget\MainCharacter\MainCharacter.vcxproj]
  C:\originalhr2\HoverRaceAI\NetTarget\MainCharacter\MainCharacter.cpp(575,31): warning C4244: '=': conversion from 'MR_UInt32' to 'MR_Angle', possible loss of data [C:\originalhr2\HoverRaceAI\NetTarget\MainCharacter\MainCharacter.vcxproj]
  C:\originalhr2\HoverRaceAI\NetTarget\MainCharacter\MainCharacter.cpp(801,32): warning C4244: '-=': conversion from 'double' to 'MR_SimulationTime', possible loss of data [C:\originalhr2\HoverRaceAI\NetTarget\MainCharacter\MainCharacter.vcxproj]
  C:\originalhr2\HoverRaceAI\NetTarget\MainCharacter\MainCharacter.cpp(1003,34): warning C4244: 'argument': conversion from 'double' to 'MR_Int32', possible loss of data [C:\originalhr2\HoverRaceAI\NetTarget\MainCharacter\MainCharacter.vcxproj]
  C:\originalhr2\HoverRaceAI\NetTarget\MainCharacter\MainCharacter.cpp(1002,34): warning C4244: 'argument': conversion from 'double' to 'MR_Int32', possible loss of data [C:\originalhr2\HoverRaceAI\NetTarget\MainCharacter\MainCharacter.vcxproj]
  C:\originalhr2\HoverRaceAI\NetTarget\MainCharacter\MainCharacter.cpp(1001,34): warning C4244: 'argument': conversion from 'double' to 'MR_Int32', possible loss of data [C:\originalhr2\HoverRaceAI\NetTarget\MainCharacter\MainCharacter.vcxproj]
  C:\originalhr2\HoverRaceAI\NetTarget\MainCharacter\MainCharacter.cpp(1184,35): warning C4244: '=': conversion from 'double' to 'MR_Int32', possible loss of data [C:\originalhr2\HoverRaceAI\NetTarget\MainCharacter\MainCharacter.vcxproj]
  C:\originalhr2\HoverRaceAI\NetTarget\MainCharacter\MainCharacter.cpp(1185,35): warning C4244: '=': conversion from 'double' to 'MR_Int32', possible loss of data [C:\originalhr2\HoverRaceAI\NetTarget\MainCharacter\MainCharacter.vcxproj]
  C:\originalhr2\HoverRaceAI\NetTarget\MainCharacter\MainCharacter.cpp(1154,207): warning C4100: 'pZMax': unreferenced formal parameter [C:\originalhr2\HoverRaceAI\NetTarget\MainCharacter\MainCharacter.vcxproj]
  C:\originalhr2\HoverRaceAI\NetTarget\MainCharacter\MainCharacter.cpp(1333,36): warning C4244: '=': conversion from 'double' to 'MR_Int32', possible loss of data [C:\originalhr2\HoverRaceAI\NetTarget\MainCharacter\MainCharacter.vcxproj]
  C:\originalhr2\HoverRaceAI\NetTarget\MainCharacter\MainCharacter.cpp(1334,36): warning C4244: '=': conversion from 'double' to 'MR_Int32', possible loss of data [C:\originalhr2\HoverRaceAI\NetTarget\MainCharacter\MainCharacter.vcxproj]
  C:\originalhr2\HoverRaceAI\NetTarget\MainCharacter\MainCharacter.cpp(1524,26): warning C4996: 'fopen': This function or variable may be unsafe. Consider using fopen_s instead. To disable deprecation, use _CRT_SECURE_NO_WARNINGS. See online help for details. [C:\originalhr2\HoverRaceAI\NetTarget\MainCharacter\MainCharacter.vcxproj]
  C:\originalhr2\HoverRaceAI\NetTarget\MainCharacter\MainCharacter.cpp(1549,26): warning C4996: 'fopen': This function or variable may be unsafe. Consider using fopen_s instead. To disable deprecation, use _CRT_SECURE_NO_WARNINGS. See online help for details. [C:\originalhr2\HoverRaceAI\NetTarget\MainCharacter\MainCharacter.vcxproj]
  C:\originalhr2\HoverRaceAI\NetTarget\MainCharacter\MainCharacter.cpp(1561,26): warning C4996: 'fopen': This function or variable may be unsafe. Consider using fopen_s instead. To disable deprecation, use _CRT_SECURE_NO_WARNINGS. See online help for details. [C:\originalhr2\HoverRaceAI\NetTarget\MainCharacter\MainCharacter.vcxproj]
  C:\originalhr2\HoverRaceAI\NetTarget\MainCharacter\MainCharacter.cpp(1572,26): warning C4996: 'fopen': This function or variable may be unsafe. Consider using fopen_s instead. To disable deprecation, use _CRT_SECURE_NO_WARNINGS. See online help for details. [C:\originalhr2\HoverRaceAI\NetTarget\MainCharacter\MainCharacter.vcxproj]
  C:\Program Files\Microsoft Visual Studio\2022\Community\VC\Tools\MSVC\14.39.33519\include\yvals_core.h(880,1): warning C4005: '_MSVC_STL_VERSION': macro redefinition [C:\originalhr2\HoverRaceAI\NetTarget\MainCharacter\MainCharacter.vcxproj]
  C:\Program Files\Microsoft Visual Studio\2022\Community\VC\Tools\MSVC\14.39.33519\include\yvals_core.h(881,1): warning C4005: '_MSVC_STL_UPDATE': macro redefinition [C:\originalhr2\HoverRaceAI\NetTarget\MainCharacter\MainCharacter.vcxproj]
  C:\Program Files\Microsoft Visual Studio\2022\Community\VC\Tools\MSVC\14.39.33519\include\yvals_core.h(1000,1): warning C4005: '_DEPRECATE_TR1_NAMESPACE': macro redefinition [C:\originalhr2\HoverRaceAI\NetTarget\MainCharacter\MainCharacter.vcxproj]
  C:\Program Files\Microsoft Visual Studio\2022\Community\VC\Tools\MSVC\14.39.33519\include\yvals_core.h(1014,1): warning C4005: '_MISMATCHED_ALLOCATOR_MESSAGE': macro redefinition [C:\originalhr2\HoverRaceAI\NetTarget\MainCharacter\MainCharacter.vcxproj]
  C:\Program Files\Microsoft Visual Studio\2022\Community\VC\Tools\MSVC\14.39.33519\include\yvals_core.h(880,1): warning C4005: '_MSVC_STL_VERSION': macro redefinition [C:\originalhr2\HoverRaceAI\NetTarget\MainCharacter\MainCharacter.vcxproj]
  C:\Program Files\Microsoft Visual Studio\2022\Community\VC\Tools\MSVC\14.39.33519\include\yvals_core.h(881,1): warning C4005: '_MSVC_STL_UPDATE': macro redefinition [C:\originalhr2\HoverRaceAI\NetTarget\MainCharacter\MainCharacter.vcxproj]
  C:\Program Files\Microsoft Visual Studio\2022\Community\VC\Tools\MSVC\14.39.33519\include\yvals_core.h(1000,1): warning C4005: '_DEPRECATE_TR1_NAMESPACE': macro redefinition [C:\originalhr2\HoverRaceAI\NetTarget\MainCharacter\MainCharacter.vcxproj]
  C:\Program Files\Microsoft Visual Studio\2022\Community\VC\Tools\MSVC\14.39.33519\include\yvals_core.h(1014,1): warning C4005: '_MISMATCHED_ALLOCATOR_MESSAGE': macro redefinition [C:\originalhr2\HoverRaceAI\NetTarget\MainCharacter\MainCharacter.vcxproj]

    393 Warning(s)
    0 Error(s)

Time Elapsed 00:00:41.49
