MSBuild version 17.9.5+33de0b227 for .NET Framework

  DllObjectFactory.cpp
  _WIN32_WINNT not defined. Defaulting to _WIN32_WINNT_MAXVER (see WinSDKVer.h)
C:\Program Files\Microsoft Visual Studio\2022\Community\VC\Tools\MSVC\14.39.33519\include\yvals_core.h(880,1): warning C4005: '_MSVC_STL_VERSION': macro redefinition [c:\hrai\HoverRaceAI\NetTarget\Util\Util.vcxproj]
  (compiling source file 'DllObjectFactory.cpp')
  C:\Program Files\Microsoft Visual Studio\2022\Community\SDK\ScopeCppSDK\vc15\VC\include\yvals.h(156,1):
  see previous definition of '_MSVC_STL_VERSION'
  
C:\Program Files\Microsoft Visual Studio\2022\Community\VC\Tools\MSVC\14.39.33519\include\yvals_core.h(881,1): warning C4005: '_MSVC_STL_UPDATE': macro redefinition [c:\hrai\HoverRaceAI\NetTarget\Util\Util.vcxproj]
  (compiling source file 'DllObjectFactory.cpp')
  C:\Program Files\Microsoft Visual Studio\2022\Community\SDK\ScopeCppSDK\vc15\VC\include\yvals.h(157,1):
  see previous definition of '_MSVC_STL_UPDATE'
  
C:\Program Files\Microsoft Visual Studio\2022\Community\VC\Tools\MSVC\14.39.33519\include\yvals_core.h(1000,1): warning C4005: '_DEPRECATE_TR1_NAMESPACE': macro redefinition [c:\hrai\HoverRaceAI\NetTarget\Util\Util.vcxproj]
  (compiling source file 'DllObjectFactory.cpp')
  C:\Program Files\Microsoft Visual Studio\2022\Community\SDK\ScopeCppSDK\vc15\VC\include\yvals.h(247,1):
  see previous definition of '_DEPRECATE_TR1_NAMESPACE'
  
C:\Program Files\Microsoft Visual Studio\2022\Community\VC\Tools\MSVC\14.39.33519\include\yvals_core.h(1014,1): warning C4005: '_MISMATCHED_ALLOCATOR_MESSAGE': macro redefinition [c:\hrai\HoverRaceAI\NetTarget\Util\Util.vcxproj]
  (compiling source file 'DllObjectFactory.cpp')
  C:\Program Files\Microsoft Visual Studio\2022\Community\SDK\ScopeCppSDK\vc15\VC\include\yvals.h(303,1):
  see previous definition of '_MISMATCHED_ALLOCATOR_MESSAGE'
  
c:\hrai\HoverRaceAI\NetTarget\Util\DllObjectFactory.cpp(372,4): warning C4996: 'sprintf': This function or variable may be unsafe. Consider using sprintf_s instead. To disable deprecation, use _CRT_SECURE_NO_WARNINGS. See online help for details. [c:\hrai\HoverRaceAI\NetTarget\Util\Util.vcxproj]
  FuzzyLogic.cpp
  _WIN32_WINNT not defined. Defaulting to _WIN32_WINNT_MAXVER (see WinSDKVer.h)
C:\Program Files\Microsoft Visual Studio\2022\Community\VC\Tools\MSVC\14.39.33519\include\yvals_core.h(880,1): warning C4005: '_MSVC_STL_VERSION': macro redefinition [c:\hrai\HoverRaceAI\NetTarget\Util\Util.vcxproj]
  (compiling source file 'FuzzyLogic.cpp')
  C:\Program Files\Microsoft Visual Studio\2022\Community\SDK\ScopeCppSDK\vc15\VC\include\yvals.h(156,1):
  see previous definition of '_MSVC_STL_VERSION'
  
C:\Program Files\Microsoft Visual Studio\2022\Community\VC\Tools\MSVC\14.39.33519\include\yvals_core.h(881,1): warning C4005: '_MSVC_STL_UPDATE': macro redefinition [c:\hrai\HoverRaceAI\NetTarget\Util\Util.vcxproj]
  (compiling source file 'FuzzyLogic.cpp')
  C:\Program Files\Microsoft Visual Studio\2022\Community\SDK\ScopeCppSDK\vc15\VC\include\yvals.h(157,1):
  see previous definition of '_MSVC_STL_UPDATE'
  
C:\Program Files\Microsoft Visual Studio\2022\Community\VC\Tools\MSVC\14.39.33519\include\yvals_core.h(1000,1): warning C4005: '_DEPRECATE_TR1_NAMESPACE': macro redefinition [c:\hrai\HoverRaceAI\NetTarget\Util\Util.vcxproj]
  (compiling source file 'FuzzyLogic.cpp')
  C:\Program Files\Microsoft Visual Studio\2022\Community\SDK\ScopeCppSDK\vc15\VC\include\yvals.h(247,1):
  see previous definition of '_DEPRECATE_TR1_NAMESPACE'
  
C:\Program Files\Microsoft Visual Studio\2022\Community\VC\Tools\MSVC\14.39.33519\include\yvals_core.h(1014,1): warning C4005: '_MISMATCHED_ALLOCATOR_MESSAGE': macro redefinition [c:\hrai\HoverRaceAI\NetTarget\Util\Util.vcxproj]
  (compiling source file 'FuzzyLogic.cpp')
  C:\Program Files\Microsoft Visual Studio\2022\Community\SDK\ScopeCppSDK\vc15\VC\include\yvals.h(303,1):
  see previous definition of '_MISMATCHED_ALLOCATOR_MESSAGE'
  
  Profiler.cpp
  _WIN32_WINNT not defined. Defaulting to _WIN32_WINNT_MAXVER (see WinSDKVer.h)
C:\Program Files\Microsoft Visual Studio\2022\Community\VC\Tools\MSVC\14.39.33519\include\yvals_core.h(880,1): warning C4005: '_MSVC_STL_VERSION': macro redefinition [c:\hrai\HoverRaceAI\NetTarget\Util\Util.vcxproj]
  (compiling source file 'Profiler.cpp')
  C:\Program Files\Microsoft Visual Studio\2022\Community\SDK\ScopeCppSDK\vc15\VC\include\yvals.h(156,1):
  see previous definition of '_MSVC_STL_VERSION'
  
C:\Program Files\Microsoft Visual Studio\2022\Community\VC\Tools\MSVC\14.39.33519\include\yvals_core.h(881,1): warning C4005: '_MSVC_STL_UPDATE': macro redefinition [c:\hrai\HoverRaceAI\NetTarget\Util\Util.vcxproj]
  (compiling source file 'Profiler.cpp')
  C:\Program Files\Microsoft Visual Studio\2022\Community\SDK\ScopeCppSDK\vc15\VC\include\yvals.h(157,1):
  see previous definition of '_MSVC_STL_UPDATE'
  
C:\Program Files\Microsoft Visual Studio\2022\Community\VC\Tools\MSVC\14.39.33519\include\yvals_core.h(1000,1): warning C4005: '_DEPRECATE_TR1_NAMESPACE': macro redefinition [c:\hrai\HoverRaceAI\NetTarget\Util\Util.vcxproj]
  (compiling source file 'Profiler.cpp')
  C:\Program Files\Microsoft Visual Studio\2022\Community\SDK\ScopeCppSDK\vc15\VC\include\yvals.h(247,1):
  see previous definition of '_DEPRECATE_TR1_NAMESPACE'
  
C:\Program Files\Microsoft Visual Studio\2022\Community\VC\Tools\MSVC\14.39.33519\include\yvals_core.h(1014,1): warning C4005: '_MISMATCHED_ALLOCATOR_MESSAGE': macro redefinition [c:\hrai\HoverRaceAI\NetTarget\Util\Util.vcxproj]
  (compiling source file 'Profiler.cpp')
  C:\Program Files\Microsoft Visual Studio\2022\Community\SDK\ScopeCppSDK\vc15\VC\include\yvals.h(303,1):
  see previous definition of '_MISMATCHED_ALLOCATOR_MESSAGE'
  
  RecordFile.cpp
  _WIN32_WINNT not defined. Defaulting to _WIN32_WINNT_MAXVER (see WinSDKVer.h)
C:\Program Files\Microsoft Visual Studio\2022\Community\VC\Tools\MSVC\14.39.33519\include\yvals_core.h(880,1): warning C4005: '_MSVC_STL_VERSION': macro redefinition [c:\hrai\HoverRaceAI\NetTarget\Util\Util.vcxproj]
  (compiling source file 'RecordFile.cpp')
  C:\Program Files\Microsoft Visual Studio\2022\Community\SDK\ScopeCppSDK\vc15\VC\include\yvals.h(156,1):
  see previous definition of '_MSVC_STL_VERSION'
  
C:\Program Files\Microsoft Visual Studio\2022\Community\VC\Tools\MSVC\14.39.33519\include\yvals_core.h(881,1): warning C4005: '_MSVC_STL_UPDATE': macro redefinition [c:\hrai\HoverRaceAI\NetTarget\Util\Util.vcxproj]
  (compiling source file 'RecordFile.cpp')
  C:\Program Files\Microsoft Visual Studio\2022\Community\SDK\ScopeCppSDK\vc15\VC\include\yvals.h(157,1):
  see previous definition of '_MSVC_STL_UPDATE'
  
C:\Program Files\Microsoft Visual Studio\2022\Community\VC\Tools\MSVC\14.39.33519\include\yvals_core.h(1000,1): warning C4005: '_DEPRECATE_TR1_NAMESPACE': macro redefinition [c:\hrai\HoverRaceAI\NetTarget\Util\Util.vcxproj]
  (compiling source file 'RecordFile.cpp')
  C:\Program Files\Microsoft Visual Studio\2022\Community\SDK\ScopeCppSDK\vc15\VC\include\yvals.h(247,1):
  see previous definition of '_DEPRECATE_TR1_NAMESPACE'
  
C:\Program Files\Microsoft Visual Studio\2022\Community\VC\Tools\MSVC\14.39.33519\include\yvals_core.h(1014,1): warning C4005: '_MISMATCHED_ALLOCATOR_MESSAGE': macro redefinition [c:\hrai\HoverRaceAI\NetTarget\Util\Util.vcxproj]
  (compiling source file 'RecordFile.cpp')
  C:\Program Files\Microsoft Visual Studio\2022\Community\SDK\ScopeCppSDK\vc15\VC\include\yvals.h(303,1):
  see previous definition of '_MISMATCHED_ALLOCATOR_MESSAGE'
  
c:\hrai\HoverRaceAI\NetTarget\Util\RecordFile.cpp(261,66): warning C4244: '=': conversion from 'ULONGLONG' to 'DWORD', possible loss of data [c:\hrai\HoverRaceAI\NetTarget\Util\Util.vcxproj]
c:\hrai\HoverRaceAI\NetTarget\Util\RecordFile.cpp(432,50): warning C4244: 'return': conversion from 'ULONGLONG' to 'LONG', possible loss of data [c:\hrai\HoverRaceAI\NetTarget\Util\Util.vcxproj]
c:\hrai\HoverRaceAI\NetTarget\Util\RecordFile.cpp(478,32): warning C4244: '=': conversion from 'ULONGLONG' to 'UINT', possible loss of data [c:\hrai\HoverRaceAI\NetTarget\Util\Util.vcxproj]
c:\hrai\HoverRaceAI\NetTarget\Util\RecordFile.cpp(539,18): warning C4996: 'fopen': This function or variable may be unsafe. Consider using fopen_s instead. To disable deprecation, use _CRT_SECURE_NO_WARNINGS. See online help for details. [c:\hrai\HoverRaceAI\NetTarget\Util\Util.vcxproj]
  StdAfx.cpp
  _WIN32_WINNT not defined. Defaulting to _WIN32_WINNT_MAXVER (see WinSDKVer.h)
C:\Program Files\Microsoft Visual Studio\2022\Community\VC\Tools\MSVC\14.39.33519\include\yvals_core.h(880,1): warning C4005: '_MSVC_STL_VERSION': macro redefinition [c:\hrai\HoverRaceAI\NetTarget\Util\Util.vcxproj]
  (compiling source file 'StdAfx.cpp')
  C:\Program Files\Microsoft Visual Studio\2022\Community\SDK\ScopeCppSDK\vc15\VC\include\yvals.h(156,1):
  see previous definition of '_MSVC_STL_VERSION'
  
C:\Program Files\Microsoft Visual Studio\2022\Community\VC\Tools\MSVC\14.39.33519\include\yvals_core.h(881,1): warning C4005: '_MSVC_STL_UPDATE': macro redefinition [c:\hrai\HoverRaceAI\NetTarget\Util\Util.vcxproj]
  (compiling source file 'StdAfx.cpp')
  C:\Program Files\Microsoft Visual Studio\2022\Community\SDK\ScopeCppSDK\vc15\VC\include\yvals.h(157,1):
  see previous definition of '_MSVC_STL_UPDATE'
  
C:\Program Files\Microsoft Visual Studio\2022\Community\VC\Tools\MSVC\14.39.33519\include\yvals_core.h(1000,1): warning C4005: '_DEPRECATE_TR1_NAMESPACE': macro redefinition [c:\hrai\HoverRaceAI\NetTarget\Util\Util.vcxproj]
  (compiling source file 'StdAfx.cpp')
  C:\Program Files\Microsoft Visual Studio\2022\Community\SDK\ScopeCppSDK\vc15\VC\include\yvals.h(247,1):
  see previous definition of '_DEPRECATE_TR1_NAMESPACE'
  
C:\Program Files\Microsoft Visual Studio\2022\Community\VC\Tools\MSVC\14.39.33519\include\yvals_core.h(1014,1): warning C4005: '_MISMATCHED_ALLOCATOR_MESSAGE': macro redefinition [c:\hrai\HoverRaceAI\NetTarget\Util\Util.vcxproj]
  (compiling source file 'StdAfx.cpp')
  C:\Program Files\Microsoft Visual Studio\2022\Community\SDK\ScopeCppSDK\vc15\VC\include\yvals.h(303,1):
  see previous definition of '_MISMATCHED_ALLOCATOR_MESSAGE'
  
  StrRes.cpp
  _WIN32_WINNT not defined. Defaulting to _WIN32_WINNT_MAXVER (see WinSDKVer.h)
C:\Program Files\Microsoft Visual Studio\2022\Community\VC\Tools\MSVC\14.39.33519\include\yvals_core.h(880,1): warning C4005: '_MSVC_STL_VERSION': macro redefinition [c:\hrai\HoverRaceAI\NetTarget\Util\Util.vcxproj]
  (compiling source file 'StrRes.cpp')
  C:\Program Files\Microsoft Visual Studio\2022\Community\SDK\ScopeCppSDK\vc15\VC\include\yvals.h(156,1):
  see previous definition of '_MSVC_STL_VERSION'
  
C:\Program Files\Microsoft Visual Studio\2022\Community\VC\Tools\MSVC\14.39.33519\include\yvals_core.h(881,1): warning C4005: '_MSVC_STL_UPDATE': macro redefinition [c:\hrai\HoverRaceAI\NetTarget\Util\Util.vcxproj]
  (compiling source file 'StrRes.cpp')
  C:\Program Files\Microsoft Visual Studio\2022\Community\SDK\ScopeCppSDK\vc15\VC\include\yvals.h(157,1):
  see previous definition of '_MSVC_STL_UPDATE'
  
C:\Program Files\Microsoft Visual Studio\2022\Community\VC\Tools\MSVC\14.39.33519\include\yvals_core.h(1000,1): warning C4005: '_DEPRECATE_TR1_NAMESPACE': macro redefinition [c:\hrai\HoverRaceAI\NetTarget\Util\Util.vcxproj]
  (compiling source file 'StrRes.cpp')
  C:\Program Files\Microsoft Visual Studio\2022\Community\SDK\ScopeCppSDK\vc15\VC\include\yvals.h(247,1):
  see previous definition of '_DEPRECATE_TR1_NAMESPACE'
  
C:\Program Files\Microsoft Visual Studio\2022\Community\VC\Tools\MSVC\14.39.33519\include\yvals_core.h(1014,1): warning C4005: '_MISMATCHED_ALLOCATOR_MESSAGE': macro redefinition [c:\hrai\HoverRaceAI\NetTarget\Util\Util.vcxproj]
  (compiling source file 'StrRes.cpp')
  C:\Program Files\Microsoft Visual Studio\2022\Community\SDK\ScopeCppSDK\vc15\VC\include\yvals.h(303,1):
  see previous definition of '_MISMATCHED_ALLOCATOR_MESSAGE'
  
  WorldCoordinates.cpp
  _WIN32_WINNT not defined. Defaulting to _WIN32_WINNT_MAXVER (see WinSDKVer.h)
C:\Program Files\Microsoft Visual Studio\2022\Community\VC\Tools\MSVC\14.39.33519\include\yvals_core.h(880,1): warning C4005: '_MSVC_STL_VERSION': macro redefinition [c:\hrai\HoverRaceAI\NetTarget\Util\Util.vcxproj]
  (compiling source file 'WorldCoordinates.cpp')
  C:\Program Files\Microsoft Visual Studio\2022\Community\SDK\ScopeCppSDK\vc15\VC\include\yvals.h(156,1):
  see previous definition of '_MSVC_STL_VERSION'
  
C:\Program Files\Microsoft Visual Studio\2022\Community\VC\Tools\MSVC\14.39.33519\include\yvals_core.h(881,1): warning C4005: '_MSVC_STL_UPDATE': macro redefinition [c:\hrai\HoverRaceAI\NetTarget\Util\Util.vcxproj]
  (compiling source file 'WorldCoordinates.cpp')
  C:\Program Files\Microsoft Visual Studio\2022\Community\SDK\ScopeCppSDK\vc15\VC\include\yvals.h(157,1):
  see previous definition of '_MSVC_STL_UPDATE'
  
C:\Program Files\Microsoft Visual Studio\2022\Community\VC\Tools\MSVC\14.39.33519\include\yvals_core.h(1000,1): warning C4005: '_DEPRECATE_TR1_NAMESPACE': macro redefinition [c:\hrai\HoverRaceAI\NetTarget\Util\Util.vcxproj]
  (compiling source file 'WorldCoordinates.cpp')
  C:\Program Files\Microsoft Visual Studio\2022\Community\SDK\ScopeCppSDK\vc15\VC\include\yvals.h(247,1):
  see previous definition of '_DEPRECATE_TR1_NAMESPACE'
  
C:\Program Files\Microsoft Visual Studio\2022\Community\VC\Tools\MSVC\14.39.33519\include\yvals_core.h(1014,1): warning C4005: '_MISMATCHED_ALLOCATOR_MESSAGE': macro redefinition [c:\hrai\HoverRaceAI\NetTarget\Util\Util.vcxproj]
  (compiling source file 'WorldCoordinates.cpp')
  C:\Program Files\Microsoft Visual Studio\2022\Community\SDK\ScopeCppSDK\vc15\VC\include\yvals.h(303,1):
  see previous definition of '_MISMATCHED_ALLOCATOR_MESSAGE'
  
  Generating Code...
     Creating library c:\hrai\HoverRaceAI\NetTarget\Util\..\..\Release\Util.lib and object c:\hrai\HoverRaceAI\NetTarget\Util\..\..\Release\Util.exp
  Util.vcxproj -> c:\hrai\HoverRaceAI\Release\Util.dll
  2DViewPort.cpp
  _WIN32_WINNT not defined. Defaulting to _WIN32_WINNT_MAXVER (see WinSDKVer.h)
C:\Program Files\Microsoft Visual Studio\2022\Community\VC\Tools\MSVC\14.39.33519\include\yvals_core.h(880,1): warning C4005: '_MSVC_STL_VERSION': macro redefinition [c:\hrai\HoverRaceAI\NetTarget\VideoServices\VideoServices.vcxproj]
  (compiling source file '2DViewPort.cpp')
  C:\Program Files\Microsoft Visual Studio\2022\Community\SDK\ScopeCppSDK\vc15\VC\include\yvals.h(156,1):
  see previous definition of '_MSVC_STL_VERSION'
  
C:\Program Files\Microsoft Visual Studio\2022\Community\VC\Tools\MSVC\14.39.33519\include\yvals_core.h(881,1): warning C4005: '_MSVC_STL_UPDATE': macro redefinition [c:\hrai\HoverRaceAI\NetTarget\VideoServices\VideoServices.vcxproj]
  (compiling source file '2DViewPort.cpp')
  C:\Program Files\Microsoft Visual Studio\2022\Community\SDK\ScopeCppSDK\vc15\VC\include\yvals.h(157,1):
  see previous definition of '_MSVC_STL_UPDATE'
  
C:\Program Files\Microsoft Visual Studio\2022\Community\VC\Tools\MSVC\14.39.33519\include\yvals_core.h(1000,1): warning C4005: '_DEPRECATE_TR1_NAMESPACE': macro redefinition [c:\hrai\HoverRaceAI\NetTarget\VideoServices\VideoServices.vcxproj]
  (compiling source file '2DViewPort.cpp')
  C:\Program Files\Microsoft Visual Studio\2022\Community\SDK\ScopeCppSDK\vc15\VC\include\yvals.h(247,1):
  see previous definition of '_DEPRECATE_TR1_NAMESPACE'
  
C:\Program Files\Microsoft Visual Studio\2022\Community\VC\Tools\MSVC\14.39.33519\include\yvals_core.h(1014,1): warning C4005: '_MISMATCHED_ALLOCATOR_MESSAGE': macro redefinition [c:\hrai\HoverRaceAI\NetTarget\VideoServices\VideoServices.vcxproj]
  (compiling source file '2DViewPort.cpp')
  C:\Program Files\Microsoft Visual Studio\2022\Community\SDK\ScopeCppSDK\vc15\VC\include\yvals.h(303,1):
  see previous definition of '_MISMATCHED_ALLOCATOR_MESSAGE'
  
  3DViewport.cpp
  _WIN32_WINNT not defined. Defaulting to _WIN32_WINNT_MAXVER (see WinSDKVer.h)
C:\Program Files\Microsoft Visual Studio\2022\Community\VC\Tools\MSVC\14.39.33519\include\yvals_core.h(880,1): warning C4005: '_MSVC_STL_VERSION': macro redefinition [c:\hrai\HoverRaceAI\NetTarget\VideoServices\VideoServices.vcxproj]
  (compiling source file '3DViewport.cpp')
  C:\Program Files\Microsoft Visual Studio\2022\Community\SDK\ScopeCppSDK\vc15\VC\include\yvals.h(156,1):
  see previous definition of '_MSVC_STL_VERSION'
  
C:\Program Files\Microsoft Visual Studio\2022\Community\VC\Tools\MSVC\14.39.33519\include\yvals_core.h(881,1): warning C4005: '_MSVC_STL_UPDATE': macro redefinition [c:\hrai\HoverRaceAI\NetTarget\VideoServices\VideoServices.vcxproj]
  (compiling source file '3DViewport.cpp')
  C:\Program Files\Microsoft Visual Studio\2022\Community\SDK\ScopeCppSDK\vc15\VC\include\yvals.h(157,1):
  see previous definition of '_MSVC_STL_UPDATE'
  
C:\Program Files\Microsoft Visual Studio\2022\Community\VC\Tools\MSVC\14.39.33519\include\yvals_core.h(1000,1): warning C4005: '_DEPRECATE_TR1_NAMESPACE': macro redefinition [c:\hrai\HoverRaceAI\NetTarget\VideoServices\VideoServices.vcxproj]
  (compiling source file '3DViewport.cpp')
  C:\Program Files\Microsoft Visual Studio\2022\Community\SDK\ScopeCppSDK\vc15\VC\include\yvals.h(247,1):
  see previous definition of '_DEPRECATE_TR1_NAMESPACE'
  
C:\Program Files\Microsoft Visual Studio\2022\Community\VC\Tools\MSVC\14.39.33519\include\yvals_core.h(1014,1): warning C4005: '_MISMATCHED_ALLOCATOR_MESSAGE': macro redefinition [c:\hrai\HoverRaceAI\NetTarget\VideoServices\VideoServices.vcxproj]
  (compiling source file '3DViewport.cpp')
  C:\Program Files\Microsoft Visual Studio\2022\Community\SDK\ScopeCppSDK\vc15\VC\include\yvals.h(303,1):
  see previous definition of '_MISMATCHED_ALLOCATOR_MESSAGE'
  
c:\hrai\HoverRaceAI\NetTarget\VideoServices\3DViewport.cpp(143,156): warning C4244: '=': conversion from 'double' to 'MR_Int32', possible loss of data [c:\hrai\HoverRaceAI\NetTarget\VideoServices\VideoServices.vcxproj]
c:\hrai\HoverRaceAI\NetTarget\VideoServices\3DViewport.cpp(144,84): warning C4244: '=': conversion from 'double' to 'MR_Int32', possible loss of data [c:\hrai\HoverRaceAI\NetTarget\VideoServices\VideoServices.vcxproj]
  3DViewportRendering.cpp
  _WIN32_WINNT not defined. Defaulting to _WIN32_WINNT_MAXVER (see WinSDKVer.h)
C:\Program Files\Microsoft Visual Studio\2022\Community\VC\Tools\MSVC\14.39.33519\include\yvals_core.h(880,1): warning C4005: '_MSVC_STL_VERSION': macro redefinition [c:\hrai\HoverRaceAI\NetTarget\VideoServices\VideoServices.vcxproj]
  (compiling source file '3DViewportRendering.cpp')
  C:\Program Files\Microsoft Visual Studio\2022\Community\SDK\ScopeCppSDK\vc15\VC\include\yvals.h(156,1):
  see previous definition of '_MSVC_STL_VERSION'
  
C:\Program Files\Microsoft Visual Studio\2022\Community\VC\Tools\MSVC\14.39.33519\include\yvals_core.h(881,1): warning C4005: '_MSVC_STL_UPDATE': macro redefinition [c:\hrai\HoverRaceAI\NetTarget\VideoServices\VideoServices.vcxproj]
  (compiling source file '3DViewportRendering.cpp')
  C:\Program Files\Microsoft Visual Studio\2022\Community\SDK\ScopeCppSDK\vc15\VC\include\yvals.h(157,1):
  see previous definition of '_MSVC_STL_UPDATE'
  
C:\Program Files\Microsoft Visual Studio\2022\Community\VC\Tools\MSVC\14.39.33519\include\yvals_core.h(1000,1): warning C4005: '_DEPRECATE_TR1_NAMESPACE': macro redefinition [c:\hrai\HoverRaceAI\NetTarget\VideoServices\VideoServices.vcxproj]
  (compiling source file '3DViewportRendering.cpp')
  C:\Program Files\Microsoft Visual Studio\2022\Community\SDK\ScopeCppSDK\vc15\VC\include\yvals.h(247,1):
  see previous definition of '_DEPRECATE_TR1_NAMESPACE'
  
C:\Program Files\Microsoft Visual Studio\2022\Community\VC\Tools\MSVC\14.39.33519\include\yvals_core.h(1014,1): warning C4005: '_MISMATCHED_ALLOCATOR_MESSAGE': macro redefinition [c:\hrai\HoverRaceAI\NetTarget\VideoServices\VideoServices.vcxproj]
  (compiling source file '3DViewportRendering.cpp')
  C:\Program Files\Microsoft Visual Studio\2022\Community\SDK\ScopeCppSDK\vc15\VC\include\yvals.h(303,1):
  see previous definition of '_MISMATCHED_ALLOCATOR_MESSAGE'
  
c:\hrai\HoverRaceAI\NetTarget\VideoServices\3DViewportRendering.cpp(415,21): warning C4244: 'initializing': conversion from 'LONGLONG' to 'int', possible loss of data [c:\hrai\HoverRaceAI\NetTarget\VideoServices\VideoServices.vcxproj]
c:\hrai\HoverRaceAI\NetTarget\VideoServices\3DViewportRendering.cpp(1214,56): warning C4244: '=': conversion from 'int' to 'MR_UInt16', possible loss of data [c:\hrai\HoverRaceAI\NetTarget\VideoServices\VideoServices.vcxproj]
c:\hrai\HoverRaceAI\NetTarget\VideoServices\3DViewportRendering.cpp(1937,61): warning C4244: '=': conversion from 'int' to 'MR_UInt16', possible loss of data [c:\hrai\HoverRaceAI\NetTarget\VideoServices\VideoServices.vcxproj]
c:\hrai\HoverRaceAI\NetTarget\VideoServices\3DViewportRendering.cpp(2132,55): warning C4244: '=': conversion from 'int' to 'MR_UInt16', possible loss of data [c:\hrai\HoverRaceAI\NetTarget\VideoServices\VideoServices.vcxproj]
  Bitmap.cpp
  _WIN32_WINNT not defined. Defaulting to _WIN32_WINNT_MAXVER (see WinSDKVer.h)
C:\Program Files\Microsoft Visual Studio\2022\Community\VC\Tools\MSVC\14.39.33519\include\yvals_core.h(880,1): warning C4005: '_MSVC_STL_VERSION': macro redefinition [c:\hrai\HoverRaceAI\NetTarget\VideoServices\VideoServices.vcxproj]
  (compiling source file 'Bitmap.cpp')
  C:\Program Files\Microsoft Visual Studio\2022\Community\SDK\ScopeCppSDK\vc15\VC\include\yvals.h(156,1):
  see previous definition of '_MSVC_STL_VERSION'
  
C:\Program Files\Microsoft Visual Studio\2022\Community\VC\Tools\MSVC\14.39.33519\include\yvals_core.h(881,1): warning C4005: '_MSVC_STL_UPDATE': macro redefinition [c:\hrai\HoverRaceAI\NetTarget\VideoServices\VideoServices.vcxproj]
  (compiling source file 'Bitmap.cpp')
  C:\Program Files\Microsoft Visual Studio\2022\Community\SDK\ScopeCppSDK\vc15\VC\include\yvals.h(157,1):
  see previous definition of '_MSVC_STL_UPDATE'
  
C:\Program Files\Microsoft Visual Studio\2022\Community\VC\Tools\MSVC\14.39.33519\include\yvals_core.h(1000,1): warning C4005: '_DEPRECATE_TR1_NAMESPACE': macro redefinition [c:\hrai\HoverRaceAI\NetTarget\VideoServices\VideoServices.vcxproj]
  (compiling source file 'Bitmap.cpp')
  C:\Program Files\Microsoft Visual Studio\2022\Community\SDK\ScopeCppSDK\vc15\VC\include\yvals.h(247,1):
  see previous definition of '_DEPRECATE_TR1_NAMESPACE'
  
C:\Program Files\Microsoft Visual Studio\2022\Community\VC\Tools\MSVC\14.39.33519\include\yvals_core.h(1014,1): warning C4005: '_MISMATCHED_ALLOCATOR_MESSAGE': macro redefinition [c:\hrai\HoverRaceAI\NetTarget\VideoServices\VideoServices.vcxproj]
  (compiling source file 'Bitmap.cpp')
  C:\Program Files\Microsoft Visual Studio\2022\Community\SDK\ScopeCppSDK\vc15\VC\include\yvals.h(303,1):
  see previous definition of '_MISMATCHED_ALLOCATOR_MESSAGE'
  
  ColorPalette.cpp
  _WIN32_WINNT not defined. Defaulting to _WIN32_WINNT_MAXVER (see WinSDKVer.h)
C:\Program Files\Microsoft Visual Studio\2022\Community\VC\Tools\MSVC\14.39.33519\include\yvals_core.h(880,1): warning C4005: '_MSVC_STL_VERSION': macro redefinition [c:\hrai\HoverRaceAI\NetTarget\VideoServices\VideoServices.vcxproj]
  (compiling source file 'ColorPalette.cpp')
  C:\Program Files\Microsoft Visual Studio\2022\Community\SDK\ScopeCppSDK\vc15\VC\include\yvals.h(156,1):
  see previous definition of '_MSVC_STL_VERSION'
  
C:\Program Files\Microsoft Visual Studio\2022\Community\VC\Tools\MSVC\14.39.33519\include\yvals_core.h(881,1): warning C4005: '_MSVC_STL_UPDATE': macro redefinition [c:\hrai\HoverRaceAI\NetTarget\VideoServices\VideoServices.vcxproj]
  (compiling source file 'ColorPalette.cpp')
  C:\Program Files\Microsoft Visual Studio\2022\Community\SDK\ScopeCppSDK\vc15\VC\include\yvals.h(157,1):
  see previous definition of '_MSVC_STL_UPDATE'
  
C:\Program Files\Microsoft Visual Studio\2022\Community\VC\Tools\MSVC\14.39.33519\include\yvals_core.h(1000,1): warning C4005: '_DEPRECATE_TR1_NAMESPACE': macro redefinition [c:\hrai\HoverRaceAI\NetTarget\VideoServices\VideoServices.vcxproj]
  (compiling source file 'ColorPalette.cpp')
  C:\Program Files\Microsoft Visual Studio\2022\Community\SDK\ScopeCppSDK\vc15\VC\include\yvals.h(247,1):
  see previous definition of '_DEPRECATE_TR1_NAMESPACE'
  
C:\Program Files\Microsoft Visual Studio\2022\Community\VC\Tools\MSVC\14.39.33519\include\yvals_core.h(1014,1): warning C4005: '_MISMATCHED_ALLOCATOR_MESSAGE': macro redefinition [c:\hrai\HoverRaceAI\NetTarget\VideoServices\VideoServices.vcxproj]
  (compiling source file 'ColorPalette.cpp')
  C:\Program Files\Microsoft Visual Studio\2022\Community\SDK\ScopeCppSDK\vc15\VC\include\yvals.h(303,1):
  see previous definition of '_MISMATCHED_ALLOCATOR_MESSAGE'
  
c:\hrai\HoverRaceAI\NetTarget\VideoServices\ColorPalette.cpp(83,56): warning C4244: '=': conversion from 'int' to 'BYTE', possible loss of data [c:\hrai\HoverRaceAI\NetTarget\VideoServices\VideoServices.vcxproj]
  ColorTab.cpp
  _WIN32_WINNT not defined. Defaulting to _WIN32_WINNT_MAXVER (see WinSDKVer.h)
C:\Program Files\Microsoft Visual Studio\2022\Community\VC\Tools\MSVC\14.39.33519\include\yvals_core.h(880,1): warning C4005: '_MSVC_STL_VERSION': macro redefinition [c:\hrai\HoverRaceAI\NetTarget\VideoServices\VideoServices.vcxproj]
  (compiling source file 'ColorTab.cpp')
  C:\Program Files\Microsoft Visual Studio\2022\Community\SDK\ScopeCppSDK\vc15\VC\include\yvals.h(156,1):
  see previous definition of '_MSVC_STL_VERSION'
  
C:\Program Files\Microsoft Visual Studio\2022\Community\VC\Tools\MSVC\14.39.33519\include\yvals_core.h(881,1): warning C4005: '_MSVC_STL_UPDATE': macro redefinition [c:\hrai\HoverRaceAI\NetTarget\VideoServices\VideoServices.vcxproj]
  (compiling source file 'ColorTab.cpp')
  C:\Program Files\Microsoft Visual Studio\2022\Community\SDK\ScopeCppSDK\vc15\VC\include\yvals.h(157,1):
  see previous definition of '_MSVC_STL_UPDATE'
  
C:\Program Files\Microsoft Visual Studio\2022\Community\VC\Tools\MSVC\14.39.33519\include\yvals_core.h(1000,1): warning C4005: '_DEPRECATE_TR1_NAMESPACE': macro redefinition [c:\hrai\HoverRaceAI\NetTarget\VideoServices\VideoServices.vcxproj]
  (compiling source file 'ColorTab.cpp')
  C:\Program Files\Microsoft Visual Studio\2022\Community\SDK\ScopeCppSDK\vc15\VC\include\yvals.h(247,1):
  see previous definition of '_DEPRECATE_TR1_NAMESPACE'
  
C:\Program Files\Microsoft Visual Studio\2022\Community\VC\Tools\MSVC\14.39.33519\include\yvals_core.h(1014,1): warning C4005: '_MISMATCHED_ALLOCATOR_MESSAGE': macro redefinition [c:\hrai\HoverRaceAI\NetTarget\VideoServices\VideoServices.vcxproj]
  (compiling source file 'ColorTab.cpp')
  C:\Program Files\Microsoft Visual Studio\2022\Community\SDK\ScopeCppSDK\vc15\VC\include\yvals.h(303,1):
  see previous definition of '_MISMATCHED_ALLOCATOR_MESSAGE'
  
  Patch.cpp
C:\Program Files\Microsoft Visual Studio\2022\Community\VC\Tools\MSVC\14.39.33519\include\yvals_core.h(880,1): warning C4005: '_MSVC_STL_VERSION': macro redefinition [c:\hrai\HoverRaceAI\NetTarget\VideoServices\VideoServices.vcxproj]
  (compiling source file 'Patch.cpp')
  C:\Program Files\Microsoft Visual Studio\2022\Community\SDK\ScopeCppSDK\vc15\VC\include\yvals.h(156,1):
  see previous definition of '_MSVC_STL_VERSION'
  
C:\Program Files\Microsoft Visual Studio\2022\Community\VC\Tools\MSVC\14.39.33519\include\yvals_core.h(881,1): warning C4005: '_MSVC_STL_UPDATE': macro redefinition [c:\hrai\HoverRaceAI\NetTarget\VideoServices\VideoServices.vcxproj]
  (compiling source file 'Patch.cpp')
  C:\Program Files\Microsoft Visual Studio\2022\Community\SDK\ScopeCppSDK\vc15\VC\include\yvals.h(157,1):
  see previous definition of '_MSVC_STL_UPDATE'
  
C:\Program Files\Microsoft Visual Studio\2022\Community\VC\Tools\MSVC\14.39.33519\include\yvals_core.h(1000,1): warning C4005: '_DEPRECATE_TR1_NAMESPACE': macro redefinition [c:\hrai\HoverRaceAI\NetTarget\VideoServices\VideoServices.vcxproj]
  (compiling source file 'Patch.cpp')
  C:\Program Files\Microsoft Visual Studio\2022\Community\SDK\ScopeCppSDK\vc15\VC\include\yvals.h(247,1):
  see previous definition of '_DEPRECATE_TR1_NAMESPACE'
  
C:\Program Files\Microsoft Visual Studio\2022\Community\VC\Tools\MSVC\14.39.33519\include\yvals_core.h(1014,1): warning C4005: '_MISMATCHED_ALLOCATOR_MESSAGE': macro redefinition [c:\hrai\HoverRaceAI\NetTarget\VideoServices\VideoServices.vcxproj]
  (compiling source file 'Patch.cpp')
  C:\Program Files\Microsoft Visual Studio\2022\Community\SDK\ScopeCppSDK\vc15\VC\include\yvals.h(303,1):
  see previous definition of '_MISMATCHED_ALLOCATOR_MESSAGE'
  
  SoundServer.cpp
  _WIN32_WINNT not defined. Defaulting to _WIN32_WINNT_MAXVER (see WinSDKVer.h)
C:\Program Files\Microsoft Visual Studio\2022\Community\VC\Tools\MSVC\14.39.33519\include\yvals_core.h(880,1): warning C4005: '_MSVC_STL_VERSION': macro redefinition [c:\hrai\HoverRaceAI\NetTarget\VideoServices\VideoServices.vcxproj]
  (compiling source file 'SoundServer.cpp')
  C:\Program Files\Microsoft Visual Studio\2022\Community\SDK\ScopeCppSDK\vc15\VC\include\yvals.h(156,1):
  see previous definition of '_MSVC_STL_VERSION'
  
C:\Program Files\Microsoft Visual Studio\2022\Community\VC\Tools\MSVC\14.39.33519\include\yvals_core.h(881,1): warning C4005: '_MSVC_STL_UPDATE': macro redefinition [c:\hrai\HoverRaceAI\NetTarget\VideoServices\VideoServices.vcxproj]
  (compiling source file 'SoundServer.cpp')
  C:\Program Files\Microsoft Visual Studio\2022\Community\SDK\ScopeCppSDK\vc15\VC\include\yvals.h(157,1):
  see previous definition of '_MSVC_STL_UPDATE'
  
C:\Program Files\Microsoft Visual Studio\2022\Community\VC\Tools\MSVC\14.39.33519\include\yvals_core.h(1000,1): warning C4005: '_DEPRECATE_TR1_NAMESPACE': macro redefinition [c:\hrai\HoverRaceAI\NetTarget\VideoServices\VideoServices.vcxproj]
  (compiling source file 'SoundServer.cpp')
  C:\Program Files\Microsoft Visual Studio\2022\Community\SDK\ScopeCppSDK\vc15\VC\include\yvals.h(247,1):
  see previous definition of '_DEPRECATE_TR1_NAMESPACE'
  
C:\Program Files\Microsoft Visual Studio\2022\Community\VC\Tools\MSVC\14.39.33519\include\yvals_core.h(1014,1): warning C4005: '_MISMATCHED_ALLOCATOR_MESSAGE': macro redefinition [c:\hrai\HoverRaceAI\NetTarget\VideoServices\VideoServices.vcxproj]
  (compiling source file 'SoundServer.cpp')
  C:\Program Files\Microsoft Visual Studio\2022\Community\SDK\ScopeCppSDK\vc15\VC\include\yvals.h(303,1):
  see previous definition of '_MISMATCHED_ALLOCATOR_MESSAGE'
  
c:\hrai\HoverRaceAI\NetTarget\VideoServices\SoundServer.cpp(264,23): warning C4996: 'fopen': This function or variable may be unsafe. Consider using fopen_s instead. To disable deprecation, use _CRT_SECURE_NO_WARNINGS. See online help for details. [c:\hrai\HoverRaceAI\NetTarget\VideoServices\VideoServices.vcxproj]
c:\hrai\HoverRaceAI\NetTarget\VideoServices\SoundServer.cpp(358,26): warning C4996: 'fopen': This function or variable may be unsafe. Consider using fopen_s instead. To disable deprecation, use _CRT_SECURE_NO_WARNINGS. See online help for details. [c:\hrai\HoverRaceAI\NetTarget\VideoServices\VideoServices.vcxproj]
c:\hrai\HoverRaceAI\NetTarget\VideoServices\SoundServer.cpp(505,24): warning C4996: 'fopen': This function or variable may be unsafe. Consider using fopen_s instead. To disable deprecation, use _CRT_SECURE_NO_WARNINGS. See online help for details. [c:\hrai\HoverRaceAI\NetTarget\VideoServices\VideoServices.vcxproj]
c:\hrai\HoverRaceAI\NetTarget\VideoServices\SoundServer.cpp(598,23): warning C4996: 'fopen': This function or variable may be unsafe. Consider using fopen_s instead. To disable deprecation, use _CRT_SECURE_NO_WARNINGS. See online help for details. [c:\hrai\HoverRaceAI\NetTarget\VideoServices\VideoServices.vcxproj]
c:\hrai\HoverRaceAI\NetTarget\VideoServices\SoundServer.cpp(501,33): warning C4100: 'pWindow': unreferenced formal parameter [c:\hrai\HoverRaceAI\NetTarget\VideoServices\VideoServices.vcxproj]
c:\hrai\HoverRaceAI\NetTarget\VideoServices\SoundServer.cpp(723,26): warning C4996: 'fopen': This function or variable may be unsafe. Consider using fopen_s instead. To disable deprecation, use _CRT_SECURE_NO_WARNINGS. See online help for details. [c:\hrai\HoverRaceAI\NetTarget\VideoServices\VideoServices.vcxproj]
c:\hrai\HoverRaceAI\NetTarget\VideoServices\SoundServer.cpp(744,29): warning C4996: 'fopen': This function or variable may be unsafe. Consider using fopen_s instead. To disable deprecation, use _CRT_SECURE_NO_WARNINGS. See online help for details. [c:\hrai\HoverRaceAI\NetTarget\VideoServices\VideoServices.vcxproj]
  Sprite.cpp
  _WIN32_WINNT not defined. Defaulting to _WIN32_WINNT_MAXVER (see WinSDKVer.h)
C:\Program Files\Microsoft Visual Studio\2022\Community\VC\Tools\MSVC\14.39.33519\include\yvals_core.h(880,1): warning C4005: '_MSVC_STL_VERSION': macro redefinition [c:\hrai\HoverRaceAI\NetTarget\VideoServices\VideoServices.vcxproj]
  (compiling source file 'Sprite.cpp')
  C:\Program Files\Microsoft Visual Studio\2022\Community\SDK\ScopeCppSDK\vc15\VC\include\yvals.h(156,1):
  see previous definition of '_MSVC_STL_VERSION'
  
C:\Program Files\Microsoft Visual Studio\2022\Community\VC\Tools\MSVC\14.39.33519\include\yvals_core.h(881,1): warning C4005: '_MSVC_STL_UPDATE': macro redefinition [c:\hrai\HoverRaceAI\NetTarget\VideoServices\VideoServices.vcxproj]
  (compiling source file 'Sprite.cpp')
  C:\Program Files\Microsoft Visual Studio\2022\Community\SDK\ScopeCppSDK\vc15\VC\include\yvals.h(157,1):
  see previous definition of '_MSVC_STL_UPDATE'
  
C:\Program Files\Microsoft Visual Studio\2022\Community\VC\Tools\MSVC\14.39.33519\include\yvals_core.h(1000,1): warning C4005: '_DEPRECATE_TR1_NAMESPACE': macro redefinition [c:\hrai\HoverRaceAI\NetTarget\VideoServices\VideoServices.vcxproj]
  (compiling source file 'Sprite.cpp')
  C:\Program Files\Microsoft Visual Studio\2022\Community\SDK\ScopeCppSDK\vc15\VC\include\yvals.h(247,1):
  see previous definition of '_DEPRECATE_TR1_NAMESPACE'
  
C:\Program Files\Microsoft Visual Studio\2022\Community\VC\Tools\MSVC\14.39.33519\include\yvals_core.h(1014,1): warning C4005: '_MISMATCHED_ALLOCATOR_MESSAGE': macro redefinition [c:\hrai\HoverRaceAI\NetTarget\VideoServices\VideoServices.vcxproj]
  (compiling source file 'Sprite.cpp')
  C:\Program Files\Microsoft Visual Studio\2022\Community\SDK\ScopeCppSDK\vc15\VC\include\yvals.h(303,1):
  see previous definition of '_MISMATCHED_ALLOCATOR_MESSAGE'
  
  StdAfx.cpp
  _WIN32_WINNT not defined. Defaulting to _WIN32_WINNT_MAXVER (see WinSDKVer.h)
C:\Program Files\Microsoft Visual Studio\2022\Community\VC\Tools\MSVC\14.39.33519\include\yvals_core.h(880,1): warning C4005: '_MSVC_STL_VERSION': macro redefinition [c:\hrai\HoverRaceAI\NetTarget\VideoServices\VideoServices.vcxproj]
  (compiling source file 'StdAfx.cpp')
  C:\Program Files\Microsoft Visual Studio\2022\Community\SDK\ScopeCppSDK\vc15\VC\include\yvals.h(156,1):
  see previous definition of '_MSVC_STL_VERSION'
  
C:\Program Files\Microsoft Visual Studio\2022\Community\VC\Tools\MSVC\14.39.33519\include\yvals_core.h(881,1): warning C4005: '_MSVC_STL_UPDATE': macro redefinition [c:\hrai\HoverRaceAI\NetTarget\VideoServices\VideoServices.vcxproj]
  (compiling source file 'StdAfx.cpp')
  C:\Program Files\Microsoft Visual Studio\2022\Community\SDK\ScopeCppSDK\vc15\VC\include\yvals.h(157,1):
  see previous definition of '_MSVC_STL_UPDATE'
  
C:\Program Files\Microsoft Visual Studio\2022\Community\VC\Tools\MSVC\14.39.33519\include\yvals_core.h(1000,1): warning C4005: '_DEPRECATE_TR1_NAMESPACE': macro redefinition [c:\hrai\HoverRaceAI\NetTarget\VideoServices\VideoServices.vcxproj]
  (compiling source file 'StdAfx.cpp')
  C:\Program Files\Microsoft Visual Studio\2022\Community\SDK\ScopeCppSDK\vc15\VC\include\yvals.h(247,1):
  see previous definition of '_DEPRECATE_TR1_NAMESPACE'
  
C:\Program Files\Microsoft Visual Studio\2022\Community\VC\Tools\MSVC\14.39.33519\include\yvals_core.h(1014,1): warning C4005: '_MISMATCHED_ALLOCATOR_MESSAGE': macro redefinition [c:\hrai\HoverRaceAI\NetTarget\VideoServices\VideoServices.vcxproj]
  (compiling source file 'StdAfx.cpp')
  C:\Program Files\Microsoft Visual Studio\2022\Community\SDK\ScopeCppSDK\vc15\VC\include\yvals.h(303,1):
  see previous definition of '_MISMATCHED_ALLOCATOR_MESSAGE'
  
  VideoBuffer.cpp
  _WIN32_WINNT not defined. Defaulting to _WIN32_WINNT_MAXVER (see WinSDKVer.h)
C:\Program Files\Microsoft Visual Studio\2022\Community\VC\Tools\MSVC\14.39.33519\include\yvals_core.h(880,1): warning C4005: '_MSVC_STL_VERSION': macro redefinition [c:\hrai\HoverRaceAI\NetTarget\VideoServices\VideoServices.vcxproj]
  (compiling source file 'VideoBuffer.cpp')
  C:\Program Files\Microsoft Visual Studio\2022\Community\SDK\ScopeCppSDK\vc15\VC\include\yvals.h(156,1):
  see previous definition of '_MSVC_STL_VERSION'
  
C:\Program Files\Microsoft Visual Studio\2022\Community\VC\Tools\MSVC\14.39.33519\include\yvals_core.h(881,1): warning C4005: '_MSVC_STL_UPDATE': macro redefinition [c:\hrai\HoverRaceAI\NetTarget\VideoServices\VideoServices.vcxproj]
  (compiling source file 'VideoBuffer.cpp')
  C:\Program Files\Microsoft Visual Studio\2022\Community\SDK\ScopeCppSDK\vc15\VC\include\yvals.h(157,1):
  see previous definition of '_MSVC_STL_UPDATE'
  
C:\Program Files\Microsoft Visual Studio\2022\Community\VC\Tools\MSVC\14.39.33519\include\yvals_core.h(1000,1): warning C4005: '_DEPRECATE_TR1_NAMESPACE': macro redefinition [c:\hrai\HoverRaceAI\NetTarget\VideoServices\VideoServices.vcxproj]
  (compiling source file 'VideoBuffer.cpp')
  C:\Program Files\Microsoft Visual Studio\2022\Community\SDK\ScopeCppSDK\vc15\VC\include\yvals.h(247,1):
  see previous definition of '_DEPRECATE_TR1_NAMESPACE'
  
C:\Program Files\Microsoft Visual Studio\2022\Community\VC\Tools\MSVC\14.39.33519\include\yvals_core.h(1014,1): warning C4005: '_MISMATCHED_ALLOCATOR_MESSAGE': macro redefinition [c:\hrai\HoverRaceAI\NetTarget\VideoServices\VideoServices.vcxproj]
  (compiling source file 'VideoBuffer.cpp')
  C:\Program Files\Microsoft Visual Studio\2022\Community\SDK\ScopeCppSDK\vc15\VC\include\yvals.h(303,1):
  see previous definition of '_MISMATCHED_ALLOCATOR_MESSAGE'
  
c:\hrai\HoverRaceAI\NetTarget\VideoServices\VideoBuffer.cpp(515,26): warning C4996: 'fopen': This function or variable may be unsafe. Consider using fopen_s instead. To disable deprecation, use _CRT_SECURE_NO_WARNINGS. See online help for details. [c:\hrai\HoverRaceAI\NetTarget\VideoServices\VideoServices.vcxproj]
c:\hrai\HoverRaceAI\NetTarget\VideoServices\VideoBuffer.cpp(693,20): warning C4996: 'fopen': This function or variable may be unsafe. Consider using fopen_s instead. To disable deprecation, use _CRT_SECURE_NO_WARNINGS. See online help for details. [c:\hrai\HoverRaceAI\NetTarget\VideoServices\VideoServices.vcxproj]
c:\hrai\HoverRaceAI\NetTarget\VideoServices\VideoBuffer.cpp(672,20): warning C4101: 'lReturnValue': unreferenced local variable [c:\hrai\HoverRaceAI\NetTarget\VideoServices\VideoServices.vcxproj]
c:\hrai\HoverRaceAI\NetTarget\VideoServices\VideoBuffer.cpp(673,20): warning C4101: 'lSurfaceDesc': unreferenced local variable [c:\hrai\HoverRaceAI\NetTarget\VideoServices\VideoServices.vcxproj]
c:\hrai\HoverRaceAI\NetTarget\VideoServices\VideoBuffer.cpp(1011,23): warning C4996: 'fopen': This function or variable may be unsafe. Consider using fopen_s instead. To disable deprecation, use _CRT_SECURE_NO_WARNINGS. See online help for details. [c:\hrai\HoverRaceAI\NetTarget\VideoServices\VideoServices.vcxproj]
c:\hrai\HoverRaceAI\NetTarget\VideoServices\VideoBuffer.cpp(1024,23): warning C4996: 'fopen': This function or variable may be unsafe. Consider using fopen_s instead. To disable deprecation, use _CRT_SECURE_NO_WARNINGS. See online help for details. [c:\hrai\HoverRaceAI\NetTarget\VideoServices\VideoServices.vcxproj]
c:\hrai\HoverRaceAI\NetTarget\VideoServices\VideoBuffer.cpp(1037,23): warning C4996: 'fopen': This function or variable may be unsafe. Consider using fopen_s instead. To disable deprecation, use _CRT_SECURE_NO_WARNINGS. See online help for details. [c:\hrai\HoverRaceAI\NetTarget\VideoServices\VideoServices.vcxproj]
c:\hrai\HoverRaceAI\NetTarget\VideoServices\VideoBuffer.cpp(1045,20): warning C4996: 'fopen': This function or variable may be unsafe. Consider using fopen_s instead. To disable deprecation, use _CRT_SECURE_NO_WARNINGS. See online help for details. [c:\hrai\HoverRaceAI\NetTarget\VideoServices\VideoServices.vcxproj]
c:\hrai\HoverRaceAI\NetTarget\VideoServices\VideoBuffer.cpp(1000,12): warning C4101: 'lErrorCode': unreferenced local variable [c:\hrai\HoverRaceAI\NetTarget\VideoServices\VideoServices.vcxproj]
c:\hrai\HoverRaceAI\NetTarget\VideoServices\VideoBuffer.cpp(1136,21): warning C4996: 'fopen': This function or variable may be unsafe. Consider using fopen_s instead. To disable deprecation, use _CRT_SECURE_NO_WARNINGS. See online help for details. [c:\hrai\HoverRaceAI\NetTarget\VideoServices\VideoServices.vcxproj]
c:\hrai\HoverRaceAI\NetTarget\VideoServices\VideoBuffer.cpp(1151,20): warning C4996: 'fopen': This function or variable may be unsafe. Consider using fopen_s instead. To disable deprecation, use _CRT_SECURE_NO_WARNINGS. See online help for details. [c:\hrai\HoverRaceAI\NetTarget\VideoServices\VideoServices.vcxproj]
c:\hrai\HoverRaceAI\NetTarget\VideoServices\VideoBuffer.cpp(1168,24): warning C4996: 'fopen': This function or variable may be unsafe. Consider using fopen_s instead. To disable deprecation, use _CRT_SECURE_NO_WARNINGS. See online help for details. [c:\hrai\HoverRaceAI\NetTarget\VideoServices\VideoServices.vcxproj]
c:\hrai\HoverRaceAI\NetTarget\VideoServices\VideoBuffer.cpp(1180,27): warning C4996: 'fopen': This function or variable may be unsafe. Consider using fopen_s instead. To disable deprecation, use _CRT_SECURE_NO_WARNINGS. See online help for details. [c:\hrai\HoverRaceAI\NetTarget\VideoServices\VideoServices.vcxproj]
c:\hrai\HoverRaceAI\NetTarget\VideoServices\VideoBuffer.cpp(1190,27): warning C4996: 'fopen': This function or variable may be unsafe. Consider using fopen_s instead. To disable deprecation, use _CRT_SECURE_NO_WARNINGS. See online help for details. [c:\hrai\HoverRaceAI\NetTarget\VideoServices\VideoServices.vcxproj]
c:\hrai\HoverRaceAI\NetTarget\VideoServices\VideoBuffer.cpp(1199,27): warning C4996: 'fopen': This function or variable may be unsafe. Consider using fopen_s instead. To disable deprecation, use _CRT_SECURE_NO_WARNINGS. See online help for details. [c:\hrai\HoverRaceAI\NetTarget\VideoServices\VideoServices.vcxproj]
  VideoBuffer2DDraw.cpp
  _WIN32_WINNT not defined. Defaulting to _WIN32_WINNT_MAXVER (see WinSDKVer.h)
C:\Program Files\Microsoft Visual Studio\2022\Community\VC\Tools\MSVC\14.39.33519\include\yvals_core.h(880,1): warning C4005: '_MSVC_STL_VERSION': macro redefinition [c:\hrai\HoverRaceAI\NetTarget\VideoServices\VideoServices.vcxproj]
  (compiling source file 'VideoBuffer2DDraw.cpp')
  C:\Program Files\Microsoft Visual Studio\2022\Community\SDK\ScopeCppSDK\vc15\VC\include\yvals.h(156,1):
  see previous definition of '_MSVC_STL_VERSION'
  
C:\Program Files\Microsoft Visual Studio\2022\Community\VC\Tools\MSVC\14.39.33519\include\yvals_core.h(881,1): warning C4005: '_MSVC_STL_UPDATE': macro redefinition [c:\hrai\HoverRaceAI\NetTarget\VideoServices\VideoServices.vcxproj]
  (compiling source file 'VideoBuffer2DDraw.cpp')
  C:\Program Files\Microsoft Visual Studio\2022\Community\SDK\ScopeCppSDK\vc15\VC\include\yvals.h(157,1):
  see previous definition of '_MSVC_STL_UPDATE'
  
C:\Program Files\Microsoft Visual Studio\2022\Community\VC\Tools\MSVC\14.39.33519\include\yvals_core.h(1000,1): warning C4005: '_DEPRECATE_TR1_NAMESPACE': macro redefinition [c:\hrai\HoverRaceAI\NetTarget\VideoServices\VideoServices.vcxproj]
  (compiling source file 'VideoBuffer2DDraw.cpp')
  C:\Program Files\Microsoft Visual Studio\2022\Community\SDK\ScopeCppSDK\vc15\VC\include\yvals.h(247,1):
  see previous definition of '_DEPRECATE_TR1_NAMESPACE'
  
C:\Program Files\Microsoft Visual Studio\2022\Community\VC\Tools\MSVC\14.39.33519\include\yvals_core.h(1014,1): warning C4005: '_MISMATCHED_ALLOCATOR_MESSAGE': macro redefinition [c:\hrai\HoverRaceAI\NetTarget\VideoServices\VideoServices.vcxproj]
  (compiling source file 'VideoBuffer2DDraw.cpp')
  C:\Program Files\Microsoft Visual Studio\2022\Community\SDK\ScopeCppSDK\vc15\VC\include\yvals.h(303,1):
  see previous definition of '_MISMATCHED_ALLOCATOR_MESSAGE'
  
  SDL2Graphics.cpp
c:\hrai\HoverRaceAI\NetTarget\GraphicsSDL2\SDL2Graphics.cpp(114,21): warning C4996: 'fopen': This function or variable may be unsafe. Consider using fopen_s instead. To disable deprecation, use _CRT_SECURE_NO_WARNINGS. See online help for details. [c:\hrai\HoverRaceAI\NetTarget\VideoServices\VideoServices.vcxproj]
c:\hrai\HoverRaceAI\NetTarget\GraphicsSDL2\SDL2Graphics.cpp(124,17): warning C4996: 'fopen': This function or variable may be unsafe. Consider using fopen_s instead. To disable deprecation, use _CRT_SECURE_NO_WARNINGS. See online help for details. [c:\hrai\HoverRaceAI\NetTarget\VideoServices\VideoServices.vcxproj]
c:\hrai\HoverRaceAI\NetTarget\GraphicsSDL2\SDL2Graphics.cpp(165,26): warning C4996: 'fopen': This function or variable may be unsafe. Consider using fopen_s instead. To disable deprecation, use _CRT_SECURE_NO_WARNINGS. See online help for details. [c:\hrai\HoverRaceAI\NetTarget\VideoServices\VideoServices.vcxproj]
c:\hrai\HoverRaceAI\NetTarget\GraphicsSDL2\SDL2Graphics.cpp(186,26): warning C4996: 'fopen': This function or variable may be unsafe. Consider using fopen_s instead. To disable deprecation, use _CRT_SECURE_NO_WARNINGS. See online help for details. [c:\hrai\HoverRaceAI\NetTarget\VideoServices\VideoServices.vcxproj]
c:\hrai\HoverRaceAI\NetTarget\GraphicsSDL2\SDL2Graphics.cpp(218,21): warning C4996: 'fopen': This function or variable may be unsafe. Consider using fopen_s instead. To disable deprecation, use _CRT_SECURE_NO_WARNINGS. See online help for details. [c:\hrai\HoverRaceAI\NetTarget\VideoServices\VideoServices.vcxproj]
c:\hrai\HoverRaceAI\NetTarget\GraphicsSDL2\SDL2Graphics.cpp(298,25): warning C4996: 'fopen': This function or variable may be unsafe. Consider using fopen_s instead. To disable deprecation, use _CRT_SECURE_NO_WARNINGS. See online help for details. [c:\hrai\HoverRaceAI\NetTarget\VideoServices\VideoServices.vcxproj]
  VideoBufferSDL2Adapter.cpp
  VideoBufferSDL2Integration.cpp
  _WIN32_WINNT not defined. Defaulting to _WIN32_WINNT_MAXVER (see WinSDKVer.h)
C:\Program Files\Microsoft Visual Studio\2022\Community\VC\Tools\MSVC\14.39.33519\include\yvals_core.h(880,1): warning C4005: '_MSVC_STL_VERSION': macro redefinition [c:\hrai\HoverRaceAI\NetTarget\VideoServices\VideoServices.vcxproj]
  (compiling source file 'VideoBufferSDL2Integration.cpp')
  C:\Program Files\Microsoft Visual Studio\2022\Community\SDK\ScopeCppSDK\vc15\VC\include\yvals.h(156,1):
  see previous definition of '_MSVC_STL_VERSION'
  
C:\Program Files\Microsoft Visual Studio\2022\Community\VC\Tools\MSVC\14.39.33519\include\yvals_core.h(881,1): warning C4005: '_MSVC_STL_UPDATE': macro redefinition [c:\hrai\HoverRaceAI\NetTarget\VideoServices\VideoServices.vcxproj]
  (compiling source file 'VideoBufferSDL2Integration.cpp')
  C:\Program Files\Microsoft Visual Studio\2022\Community\SDK\ScopeCppSDK\vc15\VC\include\yvals.h(157,1):
  see previous definition of '_MSVC_STL_UPDATE'
  
C:\Program Files\Microsoft Visual Studio\2022\Community\VC\Tools\MSVC\14.39.33519\include\yvals_core.h(1000,1): warning C4005: '_DEPRECATE_TR1_NAMESPACE': macro redefinition [c:\hrai\HoverRaceAI\NetTarget\VideoServices\VideoServices.vcxproj]
  (compiling source file 'VideoBufferSDL2Integration.cpp')
  C:\Program Files\Microsoft Visual Studio\2022\Community\SDK\ScopeCppSDK\vc15\VC\include\yvals.h(247,1):
  see previous definition of '_DEPRECATE_TR1_NAMESPACE'
  
C:\Program Files\Microsoft Visual Studio\2022\Community\VC\Tools\MSVC\14.39.33519\include\yvals_core.h(1014,1): warning C4005: '_MISMATCHED_ALLOCATOR_MESSAGE': macro redefinition [c:\hrai\HoverRaceAI\NetTarget\VideoServices\VideoServices.vcxproj]
  (compiling source file 'VideoBufferSDL2Integration.cpp')
  C:\Program Files\Microsoft Visual Studio\2022\Community\SDK\ScopeCppSDK\vc15\VC\include\yvals.h(303,1):
  see previous definition of '_MISMATCHED_ALLOCATOR_MESSAGE'
  
  alstub.cpp
c:\hrai\HoverRaceAI\OpenAL\alstub.cpp(26,15): warning C4996: 'fopen': This function or variable may be unsafe. Consider using fopen_s instead. To disable deprecation, use _CRT_SECURE_NO_WARNINGS. See online help for details. [c:\hrai\HoverRaceAI\NetTarget\VideoServices\VideoServices.vcxproj]
c:\hrai\HoverRaceAI\OpenAL\alstub.cpp(143,21): warning C4244: '=': conversion from 'int' to 'WORD', possible loss of data [c:\hrai\HoverRaceAI\NetTarget\VideoServices\VideoServices.vcxproj]
c:\hrai\HoverRaceAI\OpenAL\alstub.cpp(145,26): warning C4244: '=': conversion from 'int' to 'WORD', possible loss of data [c:\hrai\HoverRaceAI\NetTarget\VideoServices\VideoServices.vcxproj]
c:\hrai\HoverRaceAI\OpenAL\alstub.cpp(335,88): warning C4100: 'value3': unreferenced formal parameter [c:\hrai\HoverRaceAI\NetTarget\VideoServices\VideoServices.vcxproj]
c:\hrai\HoverRaceAI\OpenAL\alstub.cpp(335,72): warning C4100: 'value2': unreferenced formal parameter [c:\hrai\HoverRaceAI\NetTarget\VideoServices\VideoServices.vcxproj]
c:\hrai\HoverRaceAI\OpenAL\alstub.cpp(335,56): warning C4100: 'value1': unreferenced formal parameter [c:\hrai\HoverRaceAI\NetTarget\VideoServices\VideoServices.vcxproj]
c:\hrai\HoverRaceAI\OpenAL\alstub.cpp(335,41): warning C4100: 'param': unreferenced formal parameter [c:\hrai\HoverRaceAI\NetTarget\VideoServices\VideoServices.vcxproj]
c:\hrai\HoverRaceAI\OpenAL\alstub.cpp(335,26): warning C4100: 'source': unreferenced formal parameter [c:\hrai\HoverRaceAI\NetTarget\VideoServices\VideoServices.vcxproj]
c:\hrai\HoverRaceAI\OpenAL\alstub.cpp(524,41): warning C4100: 'devicename': unreferenced formal parameter [c:\hrai\HoverRaceAI\NetTarget\VideoServices\VideoServices.vcxproj]
c:\hrai\HoverRaceAI\OpenAL\alstub.cpp(535,38): warning C4100: 'device': unreferenced formal parameter [c:\hrai\HoverRaceAI\NetTarget\VideoServices\VideoServices.vcxproj]
c:\hrai\HoverRaceAI\OpenAL\alstub.cpp(544,63): warning C4100: 'attrlist': unreferenced formal parameter [c:\hrai\HoverRaceAI\NetTarget\VideoServices\VideoServices.vcxproj]
c:\hrai\HoverRaceAI\OpenAL\alstub.cpp(554,42): warning C4100: 'context': unreferenced formal parameter [c:\hrai\HoverRaceAI\NetTarget\VideoServices\VideoServices.vcxproj]
c:\hrai\HoverRaceAI\OpenAL\alstub.cpp(569,75): warning C4100: 'value3': unreferenced formal parameter [c:\hrai\HoverRaceAI\NetTarget\VideoServices\VideoServices.vcxproj]
c:\hrai\HoverRaceAI\OpenAL\alstub.cpp(569,59): warning C4100: 'value2': unreferenced formal parameter [c:\hrai\HoverRaceAI\NetTarget\VideoServices\VideoServices.vcxproj]
c:\hrai\HoverRaceAI\OpenAL\alstub.cpp(569,43): warning C4100: 'value1': unreferenced formal parameter [c:\hrai\HoverRaceAI\NetTarget\VideoServices\VideoServices.vcxproj]
c:\hrai\HoverRaceAI\OpenAL\alstub.cpp(569,28): warning C4100: 'param': unreferenced formal parameter [c:\hrai\HoverRaceAI\NetTarget\VideoServices\VideoServices.vcxproj]
c:\hrai\HoverRaceAI\OpenAL\alstub.cpp(570,50): warning C4100: 'values': unreferenced formal parameter [c:\hrai\HoverRaceAI\NetTarget\VideoServices\VideoServices.vcxproj]
c:\hrai\HoverRaceAI\OpenAL\alstub.cpp(570,28): warning C4100: 'param': unreferenced formal parameter [c:\hrai\HoverRaceAI\NetTarget\VideoServices\VideoServices.vcxproj]
c:\hrai\HoverRaceAI\OpenAL\alstub.cpp(571,42): warning C4100: 'value': unreferenced formal parameter [c:\hrai\HoverRaceAI\NetTarget\VideoServices\VideoServices.vcxproj]
c:\hrai\HoverRaceAI\OpenAL\alstub.cpp(571,27): warning C4100: 'param': unreferenced formal parameter [c:\hrai\HoverRaceAI\NetTarget\VideoServices\VideoServices.vcxproj]
c:\hrai\HoverRaceAI\OpenAL\alstub.cpp(572,40): warning C4100: 'value': unreferenced formal parameter [c:\hrai\HoverRaceAI\NetTarget\VideoServices\VideoServices.vcxproj]
c:\hrai\HoverRaceAI\OpenAL\alstub.cpp(572,27): warning C4100: 'param': unreferenced formal parameter [c:\hrai\HoverRaceAI\NetTarget\VideoServices\VideoServices.vcxproj]
c:\hrai\HoverRaceAI\OpenAL\alstub.cpp(573,69): warning C4100: 'value3': unreferenced formal parameter [c:\hrai\HoverRaceAI\NetTarget\VideoServices\VideoServices.vcxproj]
c:\hrai\HoverRaceAI\OpenAL\alstub.cpp(573,55): warning C4100: 'value2': unreferenced formal parameter [c:\hrai\HoverRaceAI\NetTarget\VideoServices\VideoServices.vcxproj]
c:\hrai\HoverRaceAI\OpenAL\alstub.cpp(573,41): warning C4100: 'value1': unreferenced formal parameter [c:\hrai\HoverRaceAI\NetTarget\VideoServices\VideoServices.vcxproj]
c:\hrai\HoverRaceAI\OpenAL\alstub.cpp(573,28): warning C4100: 'param': unreferenced formal parameter [c:\hrai\HoverRaceAI\NetTarget\VideoServices\VideoServices.vcxproj]
c:\hrai\HoverRaceAI\OpenAL\alstub.cpp(574,48): warning C4100: 'values': unreferenced formal parameter [c:\hrai\HoverRaceAI\NetTarget\VideoServices\VideoServices.vcxproj]
c:\hrai\HoverRaceAI\OpenAL\alstub.cpp(574,28): warning C4100: 'param': unreferenced formal parameter [c:\hrai\HoverRaceAI\NetTarget\VideoServices\VideoServices.vcxproj]
c:\hrai\HoverRaceAI\OpenAL\alstub.cpp(576,30): warning C4100: 'param': unreferenced formal parameter [c:\hrai\HoverRaceAI\NetTarget\VideoServices\VideoServices.vcxproj]
c:\hrai\HoverRaceAI\OpenAL\alstub.cpp(580,31): warning C4100: 'param': unreferenced formal parameter [c:\hrai\HoverRaceAI\NetTarget\VideoServices\VideoServices.vcxproj]
c:\hrai\HoverRaceAI\OpenAL\alstub.cpp(586,31): warning C4100: 'param': unreferenced formal parameter [c:\hrai\HoverRaceAI\NetTarget\VideoServices\VideoServices.vcxproj]
c:\hrai\HoverRaceAI\OpenAL\alstub.cpp(590,30): warning C4100: 'param': unreferenced formal parameter [c:\hrai\HoverRaceAI\NetTarget\VideoServices\VideoServices.vcxproj]
c:\hrai\HoverRaceAI\OpenAL\alstub.cpp(594,31): warning C4100: 'param': unreferenced formal parameter [c:\hrai\HoverRaceAI\NetTarget\VideoServices\VideoServices.vcxproj]
c:\hrai\HoverRaceAI\OpenAL\alstub.cpp(600,31): warning C4100: 'param': unreferenced formal parameter [c:\hrai\HoverRaceAI\NetTarget\VideoServices\VideoServices.vcxproj]
c:\hrai\HoverRaceAI\OpenAL\alstub.cpp(605,47): warning C4100: 'sources': unreferenced formal parameter [c:\hrai\HoverRaceAI\NetTarget\VideoServices\VideoServices.vcxproj]
c:\hrai\HoverRaceAI\OpenAL\alstub.cpp(605,30): warning C4100: 'n': unreferenced formal parameter [c:\hrai\HoverRaceAI\NetTarget\VideoServices\VideoServices.vcxproj]
c:\hrai\HoverRaceAI\OpenAL\alstub.cpp(606,47): warning C4100: 'sources': unreferenced formal parameter [c:\hrai\HoverRaceAI\NetTarget\VideoServices\VideoServices.vcxproj]
c:\hrai\HoverRaceAI\OpenAL\alstub.cpp(606,30): warning C4100: 'n': unreferenced formal parameter [c:\hrai\HoverRaceAI\NetTarget\VideoServices\VideoServices.vcxproj]
c:\hrai\HoverRaceAI\OpenAL\alstub.cpp(607,49): warning C4100: 'sources': unreferenced formal parameter [c:\hrai\HoverRaceAI\NetTarget\VideoServices\VideoServices.vcxproj]
c:\hrai\HoverRaceAI\OpenAL\alstub.cpp(607,32): warning C4100: 'n': unreferenced formal parameter [c:\hrai\HoverRaceAI\NetTarget\VideoServices\VideoServices.vcxproj]
c:\hrai\HoverRaceAI\OpenAL\alstub.cpp(608,48): warning C4100: 'sources': unreferenced formal parameter [c:\hrai\HoverRaceAI\NetTarget\VideoServices\VideoServices.vcxproj]
c:\hrai\HoverRaceAI\OpenAL\alstub.cpp(608,31): warning C4100: 'n': unreferenced formal parameter [c:\hrai\HoverRaceAI\NetTarget\VideoServices\VideoServices.vcxproj]
c:\hrai\HoverRaceAI\OpenAL\alstub.cpp(609,70): warning C4100: 'buffers': unreferenced formal parameter [c:\hrai\HoverRaceAI\NetTarget\VideoServices\VideoServices.vcxproj]
c:\hrai\HoverRaceAI\OpenAL\alstub.cpp(609,52): warning C4100: 'nb': unreferenced formal parameter [c:\hrai\HoverRaceAI\NetTarget\VideoServices\VideoServices.vcxproj]
c:\hrai\HoverRaceAI\OpenAL\alstub.cpp(609,36): warning C4100: 'source': unreferenced formal parameter [c:\hrai\HoverRaceAI\NetTarget\VideoServices\VideoServices.vcxproj]
c:\hrai\HoverRaceAI\OpenAL\alstub.cpp(610,66): warning C4100: 'buffers': unreferenced formal parameter [c:\hrai\HoverRaceAI\NetTarget\VideoServices\VideoServices.vcxproj]
c:\hrai\HoverRaceAI\OpenAL\alstub.cpp(610,54): warning C4100: 'nb': unreferenced formal parameter [c:\hrai\HoverRaceAI\NetTarget\VideoServices\VideoServices.vcxproj]
c:\hrai\HoverRaceAI\OpenAL\alstub.cpp(610,38): warning C4100: 'source': unreferenced formal parameter [c:\hrai\HoverRaceAI\NetTarget\VideoServices\VideoServices.vcxproj]
c:\hrai\HoverRaceAI\OpenAL\alstub.cpp(612,43): warning C4100: 'param': unreferenced formal parameter [c:\hrai\HoverRaceAI\NetTarget\VideoServices\VideoServices.vcxproj]
c:\hrai\HoverRaceAI\OpenAL\alstub.cpp(612,28): warning C4100: 'source': unreferenced formal parameter [c:\hrai\HoverRaceAI\NetTarget\VideoServices\VideoServices.vcxproj]
c:\hrai\HoverRaceAI\OpenAL\alstub.cpp(613,86): warning C4100: 'v3': unreferenced formal parameter [c:\hrai\HoverRaceAI\NetTarget\VideoServices\VideoServices.vcxproj]
c:\hrai\HoverRaceAI\OpenAL\alstub.cpp(613,73): warning C4100: 'v2': unreferenced formal parameter [c:\hrai\HoverRaceAI\NetTarget\VideoServices\VideoServices.vcxproj]
c:\hrai\HoverRaceAI\OpenAL\alstub.cpp(613,60): warning C4100: 'v1': unreferenced formal parameter [c:\hrai\HoverRaceAI\NetTarget\VideoServices\VideoServices.vcxproj]
c:\hrai\HoverRaceAI\OpenAL\alstub.cpp(613,44): warning C4100: 'param': unreferenced formal parameter [c:\hrai\HoverRaceAI\NetTarget\VideoServices\VideoServices.vcxproj]
c:\hrai\HoverRaceAI\OpenAL\alstub.cpp(613,29): warning C4100: 'source': unreferenced formal parameter [c:\hrai\HoverRaceAI\NetTarget\VideoServices\VideoServices.vcxproj]
c:\hrai\HoverRaceAI\OpenAL\alstub.cpp(614,60): warning C4100: 'values': unreferenced formal parameter [c:\hrai\HoverRaceAI\NetTarget\VideoServices\VideoServices.vcxproj]
c:\hrai\HoverRaceAI\OpenAL\alstub.cpp(614,44): warning C4100: 'param': unreferenced formal parameter [c:\hrai\HoverRaceAI\NetTarget\VideoServices\VideoServices.vcxproj]
c:\hrai\HoverRaceAI\OpenAL\alstub.cpp(614,29): warning C4100: 'source': unreferenced formal parameter [c:\hrai\HoverRaceAI\NetTarget\VideoServices\VideoServices.vcxproj]
c:\hrai\HoverRaceAI\OpenAL\alstub.cpp(690,80): warning C4100: 'v3': unreferenced formal parameter [c:\hrai\HoverRaceAI\NetTarget\VideoServices\VideoServices.vcxproj]
c:\hrai\HoverRaceAI\OpenAL\alstub.cpp(690,69): warning C4100: 'v2': unreferenced formal parameter [c:\hrai\HoverRaceAI\NetTarget\VideoServices\VideoServices.vcxproj]
c:\hrai\HoverRaceAI\OpenAL\alstub.cpp(690,58): warning C4100: 'v1': unreferenced formal parameter [c:\hrai\HoverRaceAI\NetTarget\VideoServices\VideoServices.vcxproj]
c:\hrai\HoverRaceAI\OpenAL\alstub.cpp(690,44): warning C4100: 'param': unreferenced formal parameter [c:\hrai\HoverRaceAI\NetTarget\VideoServices\VideoServices.vcxproj]
c:\hrai\HoverRaceAI\OpenAL\alstub.cpp(690,29): warning C4100: 'source': unreferenced formal parameter [c:\hrai\HoverRaceAI\NetTarget\VideoServices\VideoServices.vcxproj]
c:\hrai\HoverRaceAI\OpenAL\alstub.cpp(691,58): warning C4100: 'values': unreferenced formal parameter [c:\hrai\HoverRaceAI\NetTarget\VideoServices\VideoServices.vcxproj]
c:\hrai\HoverRaceAI\OpenAL\alstub.cpp(691,44): warning C4100: 'param': unreferenced formal parameter [c:\hrai\HoverRaceAI\NetTarget\VideoServices\VideoServices.vcxproj]
c:\hrai\HoverRaceAI\OpenAL\alstub.cpp(691,29): warning C4100: 'source': unreferenced formal parameter [c:\hrai\HoverRaceAI\NetTarget\VideoServices\VideoServices.vcxproj]
c:\hrai\HoverRaceAI\OpenAL\alstub.cpp(693,55): warning C4100: 'value': unreferenced formal parameter [c:\hrai\HoverRaceAI\NetTarget\VideoServices\VideoServices.vcxproj]
c:\hrai\HoverRaceAI\OpenAL\alstub.cpp(693,40): warning C4100: 'param': unreferenced formal parameter [c:\hrai\HoverRaceAI\NetTarget\VideoServices\VideoServices.vcxproj]
c:\hrai\HoverRaceAI\OpenAL\alstub.cpp(693,25): warning C4100: 'buffer': unreferenced formal parameter [c:\hrai\HoverRaceAI\NetTarget\VideoServices\VideoServices.vcxproj]
c:\hrai\HoverRaceAI\OpenAL\alstub.cpp(694,88): warning C4100: 'value3': unreferenced formal parameter [c:\hrai\HoverRaceAI\NetTarget\VideoServices\VideoServices.vcxproj]
c:\hrai\HoverRaceAI\OpenAL\alstub.cpp(694,72): warning C4100: 'value2': unreferenced formal parameter [c:\hrai\HoverRaceAI\NetTarget\VideoServices\VideoServices.vcxproj]
c:\hrai\HoverRaceAI\OpenAL\alstub.cpp(694,56): warning C4100: 'value1': unreferenced formal parameter [c:\hrai\HoverRaceAI\NetTarget\VideoServices\VideoServices.vcxproj]
c:\hrai\HoverRaceAI\OpenAL\alstub.cpp(694,41): warning C4100: 'param': unreferenced formal parameter [c:\hrai\HoverRaceAI\NetTarget\VideoServices\VideoServices.vcxproj]
c:\hrai\HoverRaceAI\OpenAL\alstub.cpp(694,26): warning C4100: 'buffer': unreferenced formal parameter [c:\hrai\HoverRaceAI\NetTarget\VideoServices\VideoServices.vcxproj]
c:\hrai\HoverRaceAI\OpenAL\alstub.cpp(695,63): warning C4100: 'values': unreferenced formal parameter [c:\hrai\HoverRaceAI\NetTarget\VideoServices\VideoServices.vcxproj]
c:\hrai\HoverRaceAI\OpenAL\alstub.cpp(695,41): warning C4100: 'param': unreferenced formal parameter [c:\hrai\HoverRaceAI\NetTarget\VideoServices\VideoServices.vcxproj]
c:\hrai\HoverRaceAI\OpenAL\alstub.cpp(695,26): warning C4100: 'buffer': unreferenced formal parameter [c:\hrai\HoverRaceAI\NetTarget\VideoServices\VideoServices.vcxproj]
c:\hrai\HoverRaceAI\OpenAL\alstub.cpp(696,53): warning C4100: 'value': unreferenced formal parameter [c:\hrai\HoverRaceAI\NetTarget\VideoServices\VideoServices.vcxproj]
c:\hrai\HoverRaceAI\OpenAL\alstub.cpp(696,40): warning C4100: 'param': unreferenced formal parameter [c:\hrai\HoverRaceAI\NetTarget\VideoServices\VideoServices.vcxproj]
c:\hrai\HoverRaceAI\OpenAL\alstub.cpp(696,25): warning C4100: 'buffer': unreferenced formal parameter [c:\hrai\HoverRaceAI\NetTarget\VideoServices\VideoServices.vcxproj]
c:\hrai\HoverRaceAI\OpenAL\alstub.cpp(697,82): warning C4100: 'value3': unreferenced formal parameter [c:\hrai\HoverRaceAI\NetTarget\VideoServices\VideoServices.vcxproj]
c:\hrai\HoverRaceAI\OpenAL\alstub.cpp(697,68): warning C4100: 'value2': unreferenced formal parameter [c:\hrai\HoverRaceAI\NetTarget\VideoServices\VideoServices.vcxproj]
c:\hrai\HoverRaceAI\OpenAL\alstub.cpp(697,54): warning C4100: 'value1': unreferenced formal parameter [c:\hrai\HoverRaceAI\NetTarget\VideoServices\VideoServices.vcxproj]
c:\hrai\HoverRaceAI\OpenAL\alstub.cpp(697,41): warning C4100: 'param': unreferenced formal parameter [c:\hrai\HoverRaceAI\NetTarget\VideoServices\VideoServices.vcxproj]
c:\hrai\HoverRaceAI\OpenAL\alstub.cpp(697,26): warning C4100: 'buffer': unreferenced formal parameter [c:\hrai\HoverRaceAI\NetTarget\VideoServices\VideoServices.vcxproj]
c:\hrai\HoverRaceAI\OpenAL\alstub.cpp(698,61): warning C4100: 'values': unreferenced formal parameter [c:\hrai\HoverRaceAI\NetTarget\VideoServices\VideoServices.vcxproj]
c:\hrai\HoverRaceAI\OpenAL\alstub.cpp(698,41): warning C4100: 'param': unreferenced formal parameter [c:\hrai\HoverRaceAI\NetTarget\VideoServices\VideoServices.vcxproj]
c:\hrai\HoverRaceAI\OpenAL\alstub.cpp(698,26): warning C4100: 'buffer': unreferenced formal parameter [c:\hrai\HoverRaceAI\NetTarget\VideoServices\VideoServices.vcxproj]
c:\hrai\HoverRaceAI\OpenAL\alstub.cpp(700,59): warning C4100: 'value': unreferenced formal parameter [c:\hrai\HoverRaceAI\NetTarget\VideoServices\VideoServices.vcxproj]
c:\hrai\HoverRaceAI\OpenAL\alstub.cpp(700,43): warning C4100: 'param': unreferenced formal parameter [c:\hrai\HoverRaceAI\NetTarget\VideoServices\VideoServices.vcxproj]
c:\hrai\HoverRaceAI\OpenAL\alstub.cpp(700,28): warning C4100: 'buffer': unreferenced formal parameter [c:\hrai\HoverRaceAI\NetTarget\VideoServices\VideoServices.vcxproj]
c:\hrai\HoverRaceAI\OpenAL\alstub.cpp(701,94): warning C4100: 'value3': unreferenced formal parameter [c:\hrai\HoverRaceAI\NetTarget\VideoServices\VideoServices.vcxproj]
c:\hrai\HoverRaceAI\OpenAL\alstub.cpp(701,77): warning C4100: 'value2': unreferenced formal parameter [c:\hrai\HoverRaceAI\NetTarget\VideoServices\VideoServices.vcxproj]
c:\hrai\HoverRaceAI\OpenAL\alstub.cpp(701,60): warning C4100: 'value1': unreferenced formal parameter [c:\hrai\HoverRaceAI\NetTarget\VideoServices\VideoServices.vcxproj]
c:\hrai\HoverRaceAI\OpenAL\alstub.cpp(701,44): warning C4100: 'param': unreferenced formal parameter [c:\hrai\HoverRaceAI\NetTarget\VideoServices\VideoServices.vcxproj]
c:\hrai\HoverRaceAI\OpenAL\alstub.cpp(701,29): warning C4100: 'buffer': unreferenced formal parameter [c:\hrai\HoverRaceAI\NetTarget\VideoServices\VideoServices.vcxproj]
c:\hrai\HoverRaceAI\OpenAL\alstub.cpp(702,60): warning C4100: 'values': unreferenced formal parameter [c:\hrai\HoverRaceAI\NetTarget\VideoServices\VideoServices.vcxproj]
c:\hrai\HoverRaceAI\OpenAL\alstub.cpp(702,44): warning C4100: 'param': unreferenced formal parameter [c:\hrai\HoverRaceAI\NetTarget\VideoServices\VideoServices.vcxproj]
c:\hrai\HoverRaceAI\OpenAL\alstub.cpp(702,29): warning C4100: 'buffer': unreferenced formal parameter [c:\hrai\HoverRaceAI\NetTarget\VideoServices\VideoServices.vcxproj]
c:\hrai\HoverRaceAI\OpenAL\alstub.cpp(703,57): warning C4100: 'value': unreferenced formal parameter [c:\hrai\HoverRaceAI\NetTarget\VideoServices\VideoServices.vcxproj]
c:\hrai\HoverRaceAI\OpenAL\alstub.cpp(703,43): warning C4100: 'param': unreferenced formal parameter [c:\hrai\HoverRaceAI\NetTarget\VideoServices\VideoServices.vcxproj]
c:\hrai\HoverRaceAI\OpenAL\alstub.cpp(703,28): warning C4100: 'buffer': unreferenced formal parameter [c:\hrai\HoverRaceAI\NetTarget\VideoServices\VideoServices.vcxproj]
c:\hrai\HoverRaceAI\OpenAL\alstub.cpp(704,88): warning C4100: 'value3': unreferenced formal parameter [c:\hrai\HoverRaceAI\NetTarget\VideoServices\VideoServices.vcxproj]
c:\hrai\HoverRaceAI\OpenAL\alstub.cpp(704,73): warning C4100: 'value2': unreferenced formal parameter [c:\hrai\HoverRaceAI\NetTarget\VideoServices\VideoServices.vcxproj]
c:\hrai\HoverRaceAI\OpenAL\alstub.cpp(704,58): warning C4100: 'value1': unreferenced formal parameter [c:\hrai\HoverRaceAI\NetTarget\VideoServices\VideoServices.vcxproj]
c:\hrai\HoverRaceAI\OpenAL\alstub.cpp(704,44): warning C4100: 'param': unreferenced formal parameter [c:\hrai\HoverRaceAI\NetTarget\VideoServices\VideoServices.vcxproj]
c:\hrai\HoverRaceAI\OpenAL\alstub.cpp(704,29): warning C4100: 'buffer': unreferenced formal parameter [c:\hrai\HoverRaceAI\NetTarget\VideoServices\VideoServices.vcxproj]
c:\hrai\HoverRaceAI\OpenAL\alstub.cpp(705,58): warning C4100: 'values': unreferenced formal parameter [c:\hrai\HoverRaceAI\NetTarget\VideoServices\VideoServices.vcxproj]
c:\hrai\HoverRaceAI\OpenAL\alstub.cpp(705,44): warning C4100: 'param': unreferenced formal parameter [c:\hrai\HoverRaceAI\NetTarget\VideoServices\VideoServices.vcxproj]
c:\hrai\HoverRaceAI\OpenAL\alstub.cpp(705,29): warning C4100: 'buffer': unreferenced formal parameter [c:\hrai\HoverRaceAI\NetTarget\VideoServices\VideoServices.vcxproj]
c:\hrai\HoverRaceAI\OpenAL\alstub.cpp(708,68): warning C4100: 'extname': unreferenced formal parameter [c:\hrai\HoverRaceAI\NetTarget\VideoServices\VideoServices.vcxproj]
c:\hrai\HoverRaceAI\OpenAL\alstub.cpp(708,45): warning C4100: 'device': unreferenced formal parameter [c:\hrai\HoverRaceAI\NetTarget\VideoServices\VideoServices.vcxproj]
c:\hrai\HoverRaceAI\OpenAL\alstub.cpp(709,62): warning C4100: 'funcname': unreferenced formal parameter [c:\hrai\HoverRaceAI\NetTarget\VideoServices\VideoServices.vcxproj]
c:\hrai\HoverRaceAI\OpenAL\alstub.cpp(709,39): warning C4100: 'device': unreferenced formal parameter [c:\hrai\HoverRaceAI\NetTarget\VideoServices\VideoServices.vcxproj]
c:\hrai\HoverRaceAI\OpenAL\alstub.cpp(710,59): warning C4100: 'enumname': unreferenced formal parameter [c:\hrai\HoverRaceAI\NetTarget\VideoServices\VideoServices.vcxproj]
c:\hrai\HoverRaceAI\OpenAL\alstub.cpp(710,36): warning C4100: 'device': unreferenced formal parameter [c:\hrai\HoverRaceAI\NetTarget\VideoServices\VideoServices.vcxproj]
c:\hrai\HoverRaceAI\OpenAL\alstub.cpp(711,56): warning C4100: 'param': unreferenced formal parameter [c:\hrai\HoverRaceAI\NetTarget\VideoServices\VideoServices.vcxproj]
c:\hrai\HoverRaceAI\OpenAL\alstub.cpp(711,40): warning C4100: 'device': unreferenced formal parameter [c:\hrai\HoverRaceAI\NetTarget\VideoServices\VideoServices.vcxproj]
c:\hrai\HoverRaceAI\OpenAL\alstub.cpp(712,81): warning C4100: 'dest': unreferenced formal parameter [c:\hrai\HoverRaceAI\NetTarget\VideoServices\VideoServices.vcxproj]
c:\hrai\HoverRaceAI\OpenAL\alstub.cpp(712,67): warning C4100: 'size': unreferenced formal parameter [c:\hrai\HoverRaceAI\NetTarget\VideoServices\VideoServices.vcxproj]
c:\hrai\HoverRaceAI\OpenAL\alstub.cpp(712,51): warning C4100: 'param': unreferenced formal parameter [c:\hrai\HoverRaceAI\NetTarget\VideoServices\VideoServices.vcxproj]
c:\hrai\HoverRaceAI\OpenAL\alstub.cpp(712,35): warning C4100: 'device': unreferenced formal parameter [c:\hrai\HoverRaceAI\NetTarget\VideoServices\VideoServices.vcxproj]
c:\hrai\HoverRaceAI\OpenAL\alstub.cpp(713,32): warning C4100: 'device': unreferenced formal parameter [c:\hrai\HoverRaceAI\NetTarget\VideoServices\VideoServices.vcxproj]
c:\hrai\HoverRaceAI\OpenAL\alstub.cpp(714,39): warning C4100: 'context': unreferenced formal parameter [c:\hrai\HoverRaceAI\NetTarget\VideoServices\VideoServices.vcxproj]
c:\hrai\HoverRaceAI\OpenAL\alstub.cpp(716,45): warning C4100: 'context': unreferenced formal parameter [c:\hrai\HoverRaceAI\NetTarget\VideoServices\VideoServices.vcxproj]
c:\hrai\HoverRaceAI\OpenAL\alstub.cpp(78,14): warning C4505: 'dbToGain': unreferenced function with internal linkage has been removed [c:\hrai\HoverRaceAI\NetTarget\VideoServices\VideoServices.vcxproj]
  RenderingEngine.cpp
  _WIN32_WINNT not defined. Defaulting to _WIN32_WINNT_MAXVER (see WinSDKVer.h)
C:\Program Files\Microsoft Visual Studio\2022\Community\VC\Tools\MSVC\14.39.33519\include\yvals_core.h(880,1): warning C4005: '_MSVC_STL_VERSION': macro redefinition [c:\hrai\HoverRaceAI\NetTarget\VideoServices\VideoServices.vcxproj]
  (compiling source file 'RenderingEngine.cpp')
  C:\Program Files\Microsoft Visual Studio\2022\Community\SDK\ScopeCppSDK\vc15\VC\include\yvals.h(156,1):
  see previous definition of '_MSVC_STL_VERSION'
  
C:\Program Files\Microsoft Visual Studio\2022\Community\VC\Tools\MSVC\14.39.33519\include\yvals_core.h(881,1): warning C4005: '_MSVC_STL_UPDATE': macro redefinition [c:\hrai\HoverRaceAI\NetTarget\VideoServices\VideoServices.vcxproj]
  (compiling source file 'RenderingEngine.cpp')
  C:\Program Files\Microsoft Visual Studio\2022\Community\SDK\ScopeCppSDK\vc15\VC\include\yvals.h(157,1):
  see previous definition of '_MSVC_STL_UPDATE'
  
C:\Program Files\Microsoft Visual Studio\2022\Community\VC\Tools\MSVC\14.39.33519\include\yvals_core.h(1000,1): warning C4005: '_DEPRECATE_TR1_NAMESPACE': macro redefinition [c:\hrai\HoverRaceAI\NetTarget\VideoServices\VideoServices.vcxproj]
  (compiling source file 'RenderingEngine.cpp')
  C:\Program Files\Microsoft Visual Studio\2022\Community\SDK\ScopeCppSDK\vc15\VC\include\yvals.h(247,1):
  see previous definition of '_DEPRECATE_TR1_NAMESPACE'
  
C:\Program Files\Microsoft Visual Studio\2022\Community\VC\Tools\MSVC\14.39.33519\include\yvals_core.h(1014,1): warning C4005: '_MISMATCHED_ALLOCATOR_MESSAGE': macro redefinition [c:\hrai\HoverRaceAI\NetTarget\VideoServices\VideoServices.vcxproj]
  (compiling source file 'RenderingEngine.cpp')
  C:\Program Files\Microsoft Visual Studio\2022\Community\SDK\ScopeCppSDK\vc15\VC\include\yvals.h(303,1):
  see previous definition of '_MISMATCHED_ALLOCATOR_MESSAGE'
  
  GraphicsUtilities.cpp
  _WIN32_WINNT not defined. Defaulting to _WIN32_WINNT_MAXVER (see WinSDKVer.h)
C:\Program Files\Microsoft Visual Studio\2022\Community\VC\Tools\MSVC\14.39.33519\include\yvals_core.h(880,1): warning C4005: '_MSVC_STL_VERSION': macro redefinition [c:\hrai\HoverRaceAI\NetTarget\VideoServices\VideoServices.vcxproj]
  (compiling source file 'GraphicsUtilities.cpp')
  C:\Program Files\Microsoft Visual Studio\2022\Community\SDK\ScopeCppSDK\vc15\VC\include\yvals.h(156,1):
  see previous definition of '_MSVC_STL_VERSION'
  
C:\Program Files\Microsoft Visual Studio\2022\Community\VC\Tools\MSVC\14.39.33519\include\yvals_core.h(881,1): warning C4005: '_MSVC_STL_UPDATE': macro redefinition [c:\hrai\HoverRaceAI\NetTarget\VideoServices\VideoServices.vcxproj]
  (compiling source file 'GraphicsUtilities.cpp')
  C:\Program Files\Microsoft Visual Studio\2022\Community\SDK\ScopeCppSDK\vc15\VC\include\yvals.h(157,1):
  see previous definition of '_MSVC_STL_UPDATE'
  
C:\Program Files\Microsoft Visual Studio\2022\Community\VC\Tools\MSVC\14.39.33519\include\yvals_core.h(1000,1): warning C4005: '_DEPRECATE_TR1_NAMESPACE': macro redefinition [c:\hrai\HoverRaceAI\NetTarget\VideoServices\VideoServices.vcxproj]
  (compiling source file 'GraphicsUtilities.cpp')
  C:\Program Files\Microsoft Visual Studio\2022\Community\SDK\ScopeCppSDK\vc15\VC\include\yvals.h(247,1):
  see previous definition of '_DEPRECATE_TR1_NAMESPACE'
  
C:\Program Files\Microsoft Visual Studio\2022\Community\VC\Tools\MSVC\14.39.33519\include\yvals_core.h(1014,1): warning C4005: '_MISMATCHED_ALLOCATOR_MESSAGE': macro redefinition [c:\hrai\HoverRaceAI\NetTarget\VideoServices\VideoServices.vcxproj]
  (compiling source file 'GraphicsUtilities.cpp')
  C:\Program Files\Microsoft Visual Studio\2022\Community\SDK\ScopeCppSDK\vc15\VC\include\yvals.h(303,1):
  see previous definition of '_MISMATCHED_ALLOCATOR_MESSAGE'
  
  ModernVideoBuffer.cpp
  _WIN32_WINNT not defined. Defaulting to _WIN32_WINNT_MAXVER (see WinSDKVer.h)
C:\Program Files\Microsoft Visual Studio\2022\Community\VC\Tools\MSVC\14.39.33519\include\yvals_core.h(880,1): warning C4005: '_MSVC_STL_VERSION': macro redefinition [c:\hrai\HoverRaceAI\NetTarget\VideoServices\VideoServices.vcxproj]
  (compiling source file 'ModernVideoBuffer.cpp')
  C:\Program Files\Microsoft Visual Studio\2022\Community\SDK\ScopeCppSDK\vc15\VC\include\yvals.h(156,1):
  see previous definition of '_MSVC_STL_VERSION'
  
C:\Program Files\Microsoft Visual Studio\2022\Community\VC\Tools\MSVC\14.39.33519\include\yvals_core.h(881,1): warning C4005: '_MSVC_STL_UPDATE': macro redefinition [c:\hrai\HoverRaceAI\NetTarget\VideoServices\VideoServices.vcxproj]
  (compiling source file 'ModernVideoBuffer.cpp')
  C:\Program Files\Microsoft Visual Studio\2022\Community\SDK\ScopeCppSDK\vc15\VC\include\yvals.h(157,1):
  see previous definition of '_MSVC_STL_UPDATE'
  
C:\Program Files\Microsoft Visual Studio\2022\Community\VC\Tools\MSVC\14.39.33519\include\yvals_core.h(1000,1): warning C4005: '_DEPRECATE_TR1_NAMESPACE': macro redefinition [c:\hrai\HoverRaceAI\NetTarget\VideoServices\VideoServices.vcxproj]
  (compiling source file 'ModernVideoBuffer.cpp')
  C:\Program Files\Microsoft Visual Studio\2022\Community\SDK\ScopeCppSDK\vc15\VC\include\yvals.h(247,1):
  see previous definition of '_DEPRECATE_TR1_NAMESPACE'
  
C:\Program Files\Microsoft Visual Studio\2022\Community\VC\Tools\MSVC\14.39.33519\include\yvals_core.h(1014,1): warning C4005: '_MISMATCHED_ALLOCATOR_MESSAGE': macro redefinition [c:\hrai\HoverRaceAI\NetTarget\VideoServices\VideoServices.vcxproj]
  (compiling source file 'ModernVideoBuffer.cpp')
  C:\Program Files\Microsoft Visual Studio\2022\Community\SDK\ScopeCppSDK\vc15\VC\include\yvals.h(303,1):
  see previous definition of '_MISMATCHED_ALLOCATOR_MESSAGE'
  
  ModernRenderer.cpp
  _WIN32_WINNT not defined. Defaulting to _WIN32_WINNT_MAXVER (see WinSDKVer.h)
C:\Program Files\Microsoft Visual Studio\2022\Community\VC\Tools\MSVC\14.39.33519\include\yvals_core.h(880,1): warning C4005: '_MSVC_STL_VERSION': macro redefinition [c:\hrai\HoverRaceAI\NetTarget\VideoServices\VideoServices.vcxproj]
  (compiling source file 'ModernRenderer.cpp')
  C:\Program Files\Microsoft Visual Studio\2022\Community\SDK\ScopeCppSDK\vc15\VC\include\yvals.h(156,1):
  see previous definition of '_MSVC_STL_VERSION'
  
C:\Program Files\Microsoft Visual Studio\2022\Community\VC\Tools\MSVC\14.39.33519\include\yvals_core.h(881,1): warning C4005: '_MSVC_STL_UPDATE': macro redefinition [c:\hrai\HoverRaceAI\NetTarget\VideoServices\VideoServices.vcxproj]
  (compiling source file 'ModernRenderer.cpp')
  C:\Program Files\Microsoft Visual Studio\2022\Community\SDK\ScopeCppSDK\vc15\VC\include\yvals.h(157,1):
  see previous definition of '_MSVC_STL_UPDATE'
  
C:\Program Files\Microsoft Visual Studio\2022\Community\VC\Tools\MSVC\14.39.33519\include\yvals_core.h(1000,1): warning C4005: '_DEPRECATE_TR1_NAMESPACE': macro redefinition [c:\hrai\HoverRaceAI\NetTarget\VideoServices\VideoServices.vcxproj]
  (compiling source file 'ModernRenderer.cpp')
  C:\Program Files\Microsoft Visual Studio\2022\Community\SDK\ScopeCppSDK\vc15\VC\include\yvals.h(247,1):
  see previous definition of '_DEPRECATE_TR1_NAMESPACE'
  
C:\Program Files\Microsoft Visual Studio\2022\Community\VC\Tools\MSVC\14.39.33519\include\yvals_core.h(1014,1): warning C4005: '_MISMATCHED_ALLOCATOR_MESSAGE': macro redefinition [c:\hrai\HoverRaceAI\NetTarget\VideoServices\VideoServices.vcxproj]
  (compiling source file 'ModernRenderer.cpp')
  C:\Program Files\Microsoft Visual Studio\2022\Community\SDK\ScopeCppSDK\vc15\VC\include\yvals.h(303,1):
  see previous definition of '_MISMATCHED_ALLOCATOR_MESSAGE'
  
c:\hrai\HoverRaceAI\NetTarget\VideoServices\ModernRenderer.cpp(88,43): warning C4100: 'pAlpha': unreferenced formal parameter [c:\hrai\HoverRaceAI\NetTarget\VideoServices\VideoServices.vcxproj]
c:\hrai\HoverRaceAI\NetTarget\VideoServices\ModernRenderer.cpp(87,41): warning C4100: 'pRotation': unreferenced formal parameter [c:\hrai\HoverRaceAI\NetTarget\VideoServices\VideoServices.vcxproj]
c:\hrai\HoverRaceAI\NetTarget\VideoServices\ModernRenderer.cpp(86,56): warning C4100: 'pScaleY': unreferenced formal parameter [c:\hrai\HoverRaceAI\NetTarget\VideoServices\VideoServices.vcxproj]
c:\hrai\HoverRaceAI\NetTarget\VideoServices\ModernRenderer.cpp(86,41): warning C4100: 'pScaleX': unreferenced formal parameter [c:\hrai\HoverRaceAI\NetTarget\VideoServices\VideoServices.vcxproj]
c:\hrai\HoverRaceAI\NetTarget\VideoServices\ModernRenderer.cpp(300,42): warning C4100: 'pChar': unreferenced formal parameter [c:\hrai\HoverRaceAI\NetTarget\VideoServices\VideoServices.vcxproj]
  Generating Code...
  Compiling...
  ModernActorRenderer.cpp
  _WIN32_WINNT not defined. Defaulting to _WIN32_WINNT_MAXVER (see WinSDKVer.h)
C:\Program Files\Microsoft Visual Studio\2022\Community\VC\Tools\MSVC\14.39.33519\include\yvals_core.h(880,1): warning C4005: '_MSVC_STL_VERSION': macro redefinition [c:\hrai\HoverRaceAI\NetTarget\VideoServices\VideoServices.vcxproj]
  (compiling source file 'ModernActorRenderer.cpp')
  C:\Program Files\Microsoft Visual Studio\2022\Community\SDK\ScopeCppSDK\vc15\VC\include\yvals.h(156,1):
  see previous definition of '_MSVC_STL_VERSION'
  
C:\Program Files\Microsoft Visual Studio\2022\Community\VC\Tools\MSVC\14.39.33519\include\yvals_core.h(881,1): warning C4005: '_MSVC_STL_UPDATE': macro redefinition [c:\hrai\HoverRaceAI\NetTarget\VideoServices\VideoServices.vcxproj]
  (compiling source file 'ModernActorRenderer.cpp')
  C:\Program Files\Microsoft Visual Studio\2022\Community\SDK\ScopeCppSDK\vc15\VC\include\yvals.h(157,1):
  see previous definition of '_MSVC_STL_UPDATE'
  
C:\Program Files\Microsoft Visual Studio\2022\Community\VC\Tools\MSVC\14.39.33519\include\yvals_core.h(1000,1): warning C4005: '_DEPRECATE_TR1_NAMESPACE': macro redefinition [c:\hrai\HoverRaceAI\NetTarget\VideoServices\VideoServices.vcxproj]
  (compiling source file 'ModernActorRenderer.cpp')
  C:\Program Files\Microsoft Visual Studio\2022\Community\SDK\ScopeCppSDK\vc15\VC\include\yvals.h(247,1):
  see previous definition of '_DEPRECATE_TR1_NAMESPACE'
  
C:\Program Files\Microsoft Visual Studio\2022\Community\VC\Tools\MSVC\14.39.33519\include\yvals_core.h(1014,1): warning C4005: '_MISMATCHED_ALLOCATOR_MESSAGE': macro redefinition [c:\hrai\HoverRaceAI\NetTarget\VideoServices\VideoServices.vcxproj]
  (compiling source file 'ModernActorRenderer.cpp')
  C:\Program Files\Microsoft Visual Studio\2022\Community\SDK\ScopeCppSDK\vc15\VC\include\yvals.h(303,1):
  see previous definition of '_MISMATCHED_ALLOCATOR_MESSAGE'
  
c:\hrai\HoverRaceAI\NetTarget\VideoServices\ModernActorRenderer.cpp(128,47): warning C4100: 'pScale': unreferenced formal parameter [c:\hrai\HoverRaceAI\NetTarget\VideoServices\VideoServices.vcxproj]
c:\hrai\HoverRaceAI\NetTarget\VideoServices\ModernActorRenderer.cpp(127,60): warning C4100: 'pFrame': unreferenced formal parameter [c:\hrai\HoverRaceAI\NetTarget\VideoServices\VideoServices.vcxproj]
c:\hrai\HoverRaceAI\NetTarget\VideoServices\ModernActorRenderer.cpp(127,45): warning C4100: 'pSequence': unreferenced formal parameter [c:\hrai\HoverRaceAI\NetTarget\VideoServices\VideoServices.vcxproj]
c:\hrai\HoverRaceAI\NetTarget\VideoServices\ModernActorRenderer.cpp(144,90): warning C4100: 'pZ': unreferenced formal parameter [c:\hrai\HoverRaceAI\NetTarget\VideoServices\VideoServices.vcxproj]
c:\hrai\HoverRaceAI\NetTarget\VideoServices\ModernActorRenderer.cpp(144,79): warning C4100: 'pY': unreferenced formal parameter [c:\hrai\HoverRaceAI\NetTarget\VideoServices\VideoServices.vcxproj]
c:\hrai\HoverRaceAI\NetTarget\VideoServices\ModernActorRenderer.cpp(144,68): warning C4100: 'pX': unreferenced formal parameter [c:\hrai\HoverRaceAI\NetTarget\VideoServices\VideoServices.vcxproj]
c:\hrai\HoverRaceAI\NetTarget\VideoServices\ModernActorRenderer.cpp(153,99): warning C4100: 'pRoll': unreferenced formal parameter [c:\hrai\HoverRaceAI\NetTarget\VideoServices\VideoServices.vcxproj]
c:\hrai\HoverRaceAI\NetTarget\VideoServices\ModernActorRenderer.cpp(153,84): warning C4100: 'pPitch': unreferenced formal parameter [c:\hrai\HoverRaceAI\NetTarget\VideoServices\VideoServices.vcxproj]
c:\hrai\HoverRaceAI\NetTarget\VideoServices\ModernActorRenderer.cpp(153,71): warning C4100: 'pYaw': unreferenced formal parameter [c:\hrai\HoverRaceAI\NetTarget\VideoServices\VideoServices.vcxproj]
c:\hrai\HoverRaceAI\NetTarget\VideoServices\ModernActorRenderer.cpp(198,65): warning C4100: 'pTintColor': unreferenced formal parameter [c:\hrai\HoverRaceAI\NetTarget\VideoServices\VideoServices.vcxproj]
c:\hrai\HoverRaceAI\NetTarget\VideoServices\ModernActorRenderer.cpp(217,70): warning C4100: 'pVertical': unreferenced formal parameter [c:\hrai\HoverRaceAI\NetTarget\VideoServices\VideoServices.vcxproj]
c:\hrai\HoverRaceAI\NetTarget\VideoServices\ModernActorRenderer.cpp(217,52): warning C4100: 'pHorizontal': unreferenced formal parameter [c:\hrai\HoverRaceAI\NetTarget\VideoServices\VideoServices.vcxproj]
c:\hrai\HoverRaceAI\NetTarget\VideoServices\ModernActorRenderer.cpp(230,65): warning C4100: 'pTransparencyKey': unreferenced formal parameter [c:\hrai\HoverRaceAI\NetTarget\VideoServices\VideoServices.vcxproj]
  GraphicsTest.cpp
  _WIN32_WINNT not defined. Defaulting to _WIN32_WINNT_MAXVER (see WinSDKVer.h)
C:\Program Files\Microsoft Visual Studio\2022\Community\VC\Tools\MSVC\14.39.33519\include\yvals_core.h(880,1): warning C4005: '_MSVC_STL_VERSION': macro redefinition [c:\hrai\HoverRaceAI\NetTarget\VideoServices\VideoServices.vcxproj]
  (compiling source file 'GraphicsTest.cpp')
  C:\Program Files\Microsoft Visual Studio\2022\Community\SDK\ScopeCppSDK\vc15\VC\include\yvals.h(156,1):
  see previous definition of '_MSVC_STL_VERSION'
  
C:\Program Files\Microsoft Visual Studio\2022\Community\VC\Tools\MSVC\14.39.33519\include\yvals_core.h(881,1): warning C4005: '_MSVC_STL_UPDATE': macro redefinition [c:\hrai\HoverRaceAI\NetTarget\VideoServices\VideoServices.vcxproj]
  (compiling source file 'GraphicsTest.cpp')
  C:\Program Files\Microsoft Visual Studio\2022\Community\SDK\ScopeCppSDK\vc15\VC\include\yvals.h(157,1):
  see previous definition of '_MSVC_STL_UPDATE'
  
C:\Program Files\Microsoft Visual Studio\2022\Community\VC\Tools\MSVC\14.39.33519\include\yvals_core.h(1000,1): warning C4005: '_DEPRECATE_TR1_NAMESPACE': macro redefinition [c:\hrai\HoverRaceAI\NetTarget\VideoServices\VideoServices.vcxproj]
  (compiling source file 'GraphicsTest.cpp')
  C:\Program Files\Microsoft Visual Studio\2022\Community\SDK\ScopeCppSDK\vc15\VC\include\yvals.h(247,1):
  see previous definition of '_DEPRECATE_TR1_NAMESPACE'
  
C:\Program Files\Microsoft Visual Studio\2022\Community\VC\Tools\MSVC\14.39.33519\include\yvals_core.h(1014,1): warning C4005: '_MISMATCHED_ALLOCATOR_MESSAGE': macro redefinition [c:\hrai\HoverRaceAI\NetTarget\VideoServices\VideoServices.vcxproj]
  (compiling source file 'GraphicsTest.cpp')
  C:\Program Files\Microsoft Visual Studio\2022\Community\SDK\ScopeCppSDK\vc15\VC\include\yvals.h(303,1):
  see previous definition of '_MISMATCHED_ALLOCATOR_MESSAGE'
  
  Generating Code...
     Creating library c:\hrai\HoverRaceAI\NetTarget\VideoServices\..\..\Release\VideoServices.lib and object c:\hrai\HoverRaceAI\NetTarget\VideoServices\..\..\Release\VideoServices.exp
  VideoServices.vcxproj -> c:\hrai\HoverRaceAI\Release\VideoServices.dll
  ConcreteShape.cpp
  _WIN32_WINNT not defined. Defaulting to _WIN32_WINNT_MAXVER (see WinSDKVer.h)
C:\Program Files\Microsoft Visual Studio\2022\Community\VC\Tools\MSVC\14.39.33519\include\yvals_core.h(880,1): warning C4005: '_MSVC_STL_VERSION': macro redefinition [c:\hrai\HoverRaceAI\NetTarget\Model\Model.vcxproj]
  (compiling source file 'ConcreteShape.cpp')
  C:\Program Files\Microsoft Visual Studio\2022\Community\SDK\ScopeCppSDK\vc15\VC\include\yvals.h(156,1):
  see previous definition of '_MSVC_STL_VERSION'
  
C:\Program Files\Microsoft Visual Studio\2022\Community\VC\Tools\MSVC\14.39.33519\include\yvals_core.h(881,1): warning C4005: '_MSVC_STL_UPDATE': macro redefinition [c:\hrai\HoverRaceAI\NetTarget\Model\Model.vcxproj]
  (compiling source file 'ConcreteShape.cpp')
  C:\Program Files\Microsoft Visual Studio\2022\Community\SDK\ScopeCppSDK\vc15\VC\include\yvals.h(157,1):
  see previous definition of '_MSVC_STL_UPDATE'
  
C:\Program Files\Microsoft Visual Studio\2022\Community\VC\Tools\MSVC\14.39.33519\include\yvals_core.h(1000,1): warning C4005: '_DEPRECATE_TR1_NAMESPACE': macro redefinition [c:\hrai\HoverRaceAI\NetTarget\Model\Model.vcxproj]
  (compiling source file 'ConcreteShape.cpp')
  C:\Program Files\Microsoft Visual Studio\2022\Community\SDK\ScopeCppSDK\vc15\VC\include\yvals.h(247,1):
  see previous definition of '_DEPRECATE_TR1_NAMESPACE'
  
C:\Program Files\Microsoft Visual Studio\2022\Community\VC\Tools\MSVC\14.39.33519\include\yvals_core.h(1014,1): warning C4005: '_MISMATCHED_ALLOCATOR_MESSAGE': macro redefinition [c:\hrai\HoverRaceAI\NetTarget\Model\Model.vcxproj]
  (compiling source file 'ConcreteShape.cpp')
  C:\Program Files\Microsoft Visual Studio\2022\Community\SDK\ScopeCppSDK\vc15\VC\include\yvals.h(303,1):
  see previous definition of '_MISMATCHED_ALLOCATOR_MESSAGE'
  
  ContactEffect.cpp
  _WIN32_WINNT not defined. Defaulting to _WIN32_WINNT_MAXVER (see WinSDKVer.h)
C:\Program Files\Microsoft Visual Studio\2022\Community\VC\Tools\MSVC\14.39.33519\include\yvals_core.h(880,1): warning C4005: '_MSVC_STL_VERSION': macro redefinition [c:\hrai\HoverRaceAI\NetTarget\Model\Model.vcxproj]
  (compiling source file 'ContactEffect.cpp')
  C:\Program Files\Microsoft Visual Studio\2022\Community\SDK\ScopeCppSDK\vc15\VC\include\yvals.h(156,1):
  see previous definition of '_MSVC_STL_VERSION'
  
C:\Program Files\Microsoft Visual Studio\2022\Community\VC\Tools\MSVC\14.39.33519\include\yvals_core.h(881,1): warning C4005: '_MSVC_STL_UPDATE': macro redefinition [c:\hrai\HoverRaceAI\NetTarget\Model\Model.vcxproj]
  (compiling source file 'ContactEffect.cpp')
  C:\Program Files\Microsoft Visual Studio\2022\Community\SDK\ScopeCppSDK\vc15\VC\include\yvals.h(157,1):
  see previous definition of '_MSVC_STL_UPDATE'
  
C:\Program Files\Microsoft Visual Studio\2022\Community\VC\Tools\MSVC\14.39.33519\include\yvals_core.h(1000,1): warning C4005: '_DEPRECATE_TR1_NAMESPACE': macro redefinition [c:\hrai\HoverRaceAI\NetTarget\Model\Model.vcxproj]
  (compiling source file 'ContactEffect.cpp')
  C:\Program Files\Microsoft Visual Studio\2022\Community\SDK\ScopeCppSDK\vc15\VC\include\yvals.h(247,1):
  see previous definition of '_DEPRECATE_TR1_NAMESPACE'
  
C:\Program Files\Microsoft Visual Studio\2022\Community\VC\Tools\MSVC\14.39.33519\include\yvals_core.h(1014,1): warning C4005: '_MISMATCHED_ALLOCATOR_MESSAGE': macro redefinition [c:\hrai\HoverRaceAI\NetTarget\Model\Model.vcxproj]
  (compiling source file 'ContactEffect.cpp')
  C:\Program Files\Microsoft Visual Studio\2022\Community\SDK\ScopeCppSDK\vc15\VC\include\yvals.h(303,1):
  see previous definition of '_MISMATCHED_ALLOCATOR_MESSAGE'
  
  FreeElementMovingHelper.cpp
  _WIN32_WINNT not defined. Defaulting to _WIN32_WINNT_MAXVER (see WinSDKVer.h)
C:\Program Files\Microsoft Visual Studio\2022\Community\VC\Tools\MSVC\14.39.33519\include\yvals_core.h(880,1): warning C4005: '_MSVC_STL_VERSION': macro redefinition [c:\hrai\HoverRaceAI\NetTarget\Model\Model.vcxproj]
  (compiling source file 'FreeElementMovingHelper.cpp')
  C:\Program Files\Microsoft Visual Studio\2022\Community\SDK\ScopeCppSDK\vc15\VC\include\yvals.h(156,1):
  see previous definition of '_MSVC_STL_VERSION'
  
C:\Program Files\Microsoft Visual Studio\2022\Community\VC\Tools\MSVC\14.39.33519\include\yvals_core.h(881,1): warning C4005: '_MSVC_STL_UPDATE': macro redefinition [c:\hrai\HoverRaceAI\NetTarget\Model\Model.vcxproj]
  (compiling source file 'FreeElementMovingHelper.cpp')
  C:\Program Files\Microsoft Visual Studio\2022\Community\SDK\ScopeCppSDK\vc15\VC\include\yvals.h(157,1):
  see previous definition of '_MSVC_STL_UPDATE'
  
C:\Program Files\Microsoft Visual Studio\2022\Community\VC\Tools\MSVC\14.39.33519\include\yvals_core.h(1000,1): warning C4005: '_DEPRECATE_TR1_NAMESPACE': macro redefinition [c:\hrai\HoverRaceAI\NetTarget\Model\Model.vcxproj]
  (compiling source file 'FreeElementMovingHelper.cpp')
  C:\Program Files\Microsoft Visual Studio\2022\Community\SDK\ScopeCppSDK\vc15\VC\include\yvals.h(247,1):
  see previous definition of '_DEPRECATE_TR1_NAMESPACE'
  
C:\Program Files\Microsoft Visual Studio\2022\Community\VC\Tools\MSVC\14.39.33519\include\yvals_core.h(1014,1): warning C4005: '_MISMATCHED_ALLOCATOR_MESSAGE': macro redefinition [c:\hrai\HoverRaceAI\NetTarget\Model\Model.vcxproj]
  (compiling source file 'FreeElementMovingHelper.cpp')
  C:\Program Files\Microsoft Visual Studio\2022\Community\SDK\ScopeCppSDK\vc15\VC\include\yvals.h(303,1):
  see previous definition of '_MISMATCHED_ALLOCATOR_MESSAGE'
  
  GameSession.cpp
  _WIN32_WINNT not defined. Defaulting to _WIN32_WINNT_MAXVER (see WinSDKVer.h)
C:\Program Files\Microsoft Visual Studio\2022\Community\VC\Tools\MSVC\14.39.33519\include\yvals_core.h(880,1): warning C4005: '_MSVC_STL_VERSION': macro redefinition [c:\hrai\HoverRaceAI\NetTarget\Model\Model.vcxproj]
  (compiling source file 'GameSession.cpp')
  C:\Program Files\Microsoft Visual Studio\2022\Community\SDK\ScopeCppSDK\vc15\VC\include\yvals.h(156,1):
  see previous definition of '_MSVC_STL_VERSION'
  
C:\Program Files\Microsoft Visual Studio\2022\Community\VC\Tools\MSVC\14.39.33519\include\yvals_core.h(881,1): warning C4005: '_MSVC_STL_UPDATE': macro redefinition [c:\hrai\HoverRaceAI\NetTarget\Model\Model.vcxproj]
  (compiling source file 'GameSession.cpp')
  C:\Program Files\Microsoft Visual Studio\2022\Community\SDK\ScopeCppSDK\vc15\VC\include\yvals.h(157,1):
  see previous definition of '_MSVC_STL_UPDATE'
  
C:\Program Files\Microsoft Visual Studio\2022\Community\VC\Tools\MSVC\14.39.33519\include\yvals_core.h(1000,1): warning C4005: '_DEPRECATE_TR1_NAMESPACE': macro redefinition [c:\hrai\HoverRaceAI\NetTarget\Model\Model.vcxproj]
  (compiling source file 'GameSession.cpp')
  C:\Program Files\Microsoft Visual Studio\2022\Community\SDK\ScopeCppSDK\vc15\VC\include\yvals.h(247,1):
  see previous definition of '_DEPRECATE_TR1_NAMESPACE'
  
C:\Program Files\Microsoft Visual Studio\2022\Community\VC\Tools\MSVC\14.39.33519\include\yvals_core.h(1014,1): warning C4005: '_MISMATCHED_ALLOCATOR_MESSAGE': macro redefinition [c:\hrai\HoverRaceAI\NetTarget\Model\Model.vcxproj]
  (compiling source file 'GameSession.cpp')
  C:\Program Files\Microsoft Visual Studio\2022\Community\SDK\ScopeCppSDK\vc15\VC\include\yvals.h(303,1):
  see previous definition of '_MISMATCHED_ALLOCATOR_MESSAGE'
  
c:\hrai\HoverRaceAI\NetTarget\Model\GameSession.cpp(53,20): warning C4996: 'fopen': This function or variable may be unsafe. Consider using fopen_s instead. To disable deprecation, use _CRT_SECURE_NO_WARNINGS. See online help for details. [c:\hrai\HoverRaceAI\NetTarget\Model\Model.vcxproj]
c:\hrai\HoverRaceAI\NetTarget\Model\GameSession.cpp(180,20): warning C4996: 'fopen': This function or variable may be unsafe. Consider using fopen_s instead. To disable deprecation, use _CRT_SECURE_NO_WARNINGS. See online help for details. [c:\hrai\HoverRaceAI\NetTarget\Model\Model.vcxproj]
c:\hrai\HoverRaceAI\NetTarget\Model\GameSession.cpp(230,31): warning C4101: 'e': unreferenced local variable [c:\hrai\HoverRaceAI\NetTarget\Model\Model.vcxproj]
c:\hrai\HoverRaceAI\NetTarget\Model\GameSession.cpp(235,32): warning C4101: 'e': unreferenced local variable [c:\hrai\HoverRaceAI\NetTarget\Model\Model.vcxproj]
c:\hrai\HoverRaceAI\NetTarget\Model\GameSession.cpp(240,29): warning C4101: 'e': unreferenced local variable [c:\hrai\HoverRaceAI\NetTarget\Model\Model.vcxproj]
c:\hrai\HoverRaceAI\NetTarget\Model\GameSession.cpp(245,25): warning C4101: 'e': unreferenced local variable [c:\hrai\HoverRaceAI\NetTarget\Model\Model.vcxproj]
c:\hrai\HoverRaceAI\NetTarget\Model\GameSession.cpp(600,32): warning C4456: declaration of 'lSpec' hides previous local declaration [c:\hrai\HoverRaceAI\NetTarget\Model\Model.vcxproj]
  c:\hrai\HoverRaceAI\NetTarget\Model\GameSession.cpp(483,19):
  see declaration of 'lSpec'
  
  Level.cpp
  _WIN32_WINNT not defined. Defaulting to _WIN32_WINNT_MAXVER (see WinSDKVer.h)
C:\Program Files\Microsoft Visual Studio\2022\Community\VC\Tools\MSVC\14.39.33519\include\yvals_core.h(880,1): warning C4005: '_MSVC_STL_VERSION': macro redefinition [c:\hrai\HoverRaceAI\NetTarget\Model\Model.vcxproj]
  (compiling source file 'Level.cpp')
  C:\Program Files\Microsoft Visual Studio\2022\Community\SDK\ScopeCppSDK\vc15\VC\include\yvals.h(156,1):
  see previous definition of '_MSVC_STL_VERSION'
  
C:\Program Files\Microsoft Visual Studio\2022\Community\VC\Tools\MSVC\14.39.33519\include\yvals_core.h(881,1): warning C4005: '_MSVC_STL_UPDATE': macro redefinition [c:\hrai\HoverRaceAI\NetTarget\Model\Model.vcxproj]
  (compiling source file 'Level.cpp')
  C:\Program Files\Microsoft Visual Studio\2022\Community\SDK\ScopeCppSDK\vc15\VC\include\yvals.h(157,1):
  see previous definition of '_MSVC_STL_UPDATE'
  
C:\Program Files\Microsoft Visual Studio\2022\Community\VC\Tools\MSVC\14.39.33519\include\yvals_core.h(1000,1): warning C4005: '_DEPRECATE_TR1_NAMESPACE': macro redefinition [c:\hrai\HoverRaceAI\NetTarget\Model\Model.vcxproj]
  (compiling source file 'Level.cpp')
  C:\Program Files\Microsoft Visual Studio\2022\Community\SDK\ScopeCppSDK\vc15\VC\include\yvals.h(247,1):
  see previous definition of '_DEPRECATE_TR1_NAMESPACE'
  
C:\Program Files\Microsoft Visual Studio\2022\Community\VC\Tools\MSVC\14.39.33519\include\yvals_core.h(1014,1): warning C4005: '_MISMATCHED_ALLOCATOR_MESSAGE': macro redefinition [c:\hrai\HoverRaceAI\NetTarget\Model\Model.vcxproj]
  (compiling source file 'Level.cpp')
  C:\Program Files\Microsoft Visual Studio\2022\Community\SDK\ScopeCppSDK\vc15\VC\include\yvals.h(303,1):
  see previous definition of '_MISMATCHED_ALLOCATOR_MESSAGE'
  
c:\hrai\HoverRaceAI\NetTarget\Model\Level.cpp(468,20): warning C4996: 'fopen': This function or variable may be unsafe. Consider using fopen_s instead. To disable deprecation, use _CRT_SECURE_NO_WARNINGS. See online help for details. [c:\hrai\HoverRaceAI\NetTarget\Model\Model.vcxproj]
c:\hrai\HoverRaceAI\NetTarget\Model\Level.cpp(566,47): warning C4238: nonstandard extension used: class rvalue used as lvalue [c:\hrai\HoverRaceAI\NetTarget\Model\Model.vcxproj]
c:\hrai\HoverRaceAI\NetTarget\Model\Level.cpp(574,58): warning C4238: nonstandard extension used: class rvalue used as lvalue [c:\hrai\HoverRaceAI\NetTarget\Model\Model.vcxproj]
c:\hrai\HoverRaceAI\NetTarget\Model\Level.cpp(585,57): warning C4238: nonstandard extension used: class rvalue used as lvalue [c:\hrai\HoverRaceAI\NetTarget\Model\Model.vcxproj]
c:\hrai\HoverRaceAI\NetTarget\Model\Level.cpp(592,61): warning C4238: nonstandard extension used: class rvalue used as lvalue [c:\hrai\HoverRaceAI\NetTarget\Model\Model.vcxproj]
  MazeElement.cpp
  _WIN32_WINNT not defined. Defaulting to _WIN32_WINNT_MAXVER (see WinSDKVer.h)
C:\Program Files\Microsoft Visual Studio\2022\Community\VC\Tools\MSVC\14.39.33519\include\yvals_core.h(880,1): warning C4005: '_MSVC_STL_VERSION': macro redefinition [c:\hrai\HoverRaceAI\NetTarget\Model\Model.vcxproj]
  (compiling source file 'MazeElement.cpp')
  C:\Program Files\Microsoft Visual Studio\2022\Community\SDK\ScopeCppSDK\vc15\VC\include\yvals.h(156,1):
  see previous definition of '_MSVC_STL_VERSION'
  
C:\Program Files\Microsoft Visual Studio\2022\Community\VC\Tools\MSVC\14.39.33519\include\yvals_core.h(881,1): warning C4005: '_MSVC_STL_UPDATE': macro redefinition [c:\hrai\HoverRaceAI\NetTarget\Model\Model.vcxproj]
  (compiling source file 'MazeElement.cpp')
  C:\Program Files\Microsoft Visual Studio\2022\Community\SDK\ScopeCppSDK\vc15\VC\include\yvals.h(157,1):
  see previous definition of '_MSVC_STL_UPDATE'
  
C:\Program Files\Microsoft Visual Studio\2022\Community\VC\Tools\MSVC\14.39.33519\include\yvals_core.h(1000,1): warning C4005: '_DEPRECATE_TR1_NAMESPACE': macro redefinition [c:\hrai\HoverRaceAI\NetTarget\Model\Model.vcxproj]
  (compiling source file 'MazeElement.cpp')
  C:\Program Files\Microsoft Visual Studio\2022\Community\SDK\ScopeCppSDK\vc15\VC\include\yvals.h(247,1):
  see previous definition of '_DEPRECATE_TR1_NAMESPACE'
  
C:\Program Files\Microsoft Visual Studio\2022\Community\VC\Tools\MSVC\14.39.33519\include\yvals_core.h(1014,1): warning C4005: '_MISMATCHED_ALLOCATOR_MESSAGE': macro redefinition [c:\hrai\HoverRaceAI\NetTarget\Model\Model.vcxproj]
  (compiling source file 'MazeElement.cpp')
  C:\Program Files\Microsoft Visual Studio\2022\Community\SDK\ScopeCppSDK\vc15\VC\include\yvals.h(303,1):
  see previous definition of '_MISMATCHED_ALLOCATOR_MESSAGE'
  
c:\hrai\HoverRaceAI\NetTarget\Model\MazeElement.cpp(141,39): warning C4100: 'pDataLen': unreferenced formal parameter [c:\hrai\HoverRaceAI\NetTarget\Model\Model.vcxproj]
  PhysicalCollision.cpp
  _WIN32_WINNT not defined. Defaulting to _WIN32_WINNT_MAXVER (see WinSDKVer.h)
C:\Program Files\Microsoft Visual Studio\2022\Community\VC\Tools\MSVC\14.39.33519\include\yvals_core.h(880,1): warning C4005: '_MSVC_STL_VERSION': macro redefinition [c:\hrai\HoverRaceAI\NetTarget\Model\Model.vcxproj]
  (compiling source file 'PhysicalCollision.cpp')
  C:\Program Files\Microsoft Visual Studio\2022\Community\SDK\ScopeCppSDK\vc15\VC\include\yvals.h(156,1):
  see previous definition of '_MSVC_STL_VERSION'
  
C:\Program Files\Microsoft Visual Studio\2022\Community\VC\Tools\MSVC\14.39.33519\include\yvals_core.h(881,1): warning C4005: '_MSVC_STL_UPDATE': macro redefinition [c:\hrai\HoverRaceAI\NetTarget\Model\Model.vcxproj]
  (compiling source file 'PhysicalCollision.cpp')
  C:\Program Files\Microsoft Visual Studio\2022\Community\SDK\ScopeCppSDK\vc15\VC\include\yvals.h(157,1):
  see previous definition of '_MSVC_STL_UPDATE'
  
C:\Program Files\Microsoft Visual Studio\2022\Community\VC\Tools\MSVC\14.39.33519\include\yvals_core.h(1000,1): warning C4005: '_DEPRECATE_TR1_NAMESPACE': macro redefinition [c:\hrai\HoverRaceAI\NetTarget\Model\Model.vcxproj]
  (compiling source file 'PhysicalCollision.cpp')
  C:\Program Files\Microsoft Visual Studio\2022\Community\SDK\ScopeCppSDK\vc15\VC\include\yvals.h(247,1):
  see previous definition of '_DEPRECATE_TR1_NAMESPACE'
  
C:\Program Files\Microsoft Visual Studio\2022\Community\VC\Tools\MSVC\14.39.33519\include\yvals_core.h(1014,1): warning C4005: '_MISMATCHED_ALLOCATOR_MESSAGE': macro redefinition [c:\hrai\HoverRaceAI\NetTarget\Model\Model.vcxproj]
  (compiling source file 'PhysicalCollision.cpp')
  C:\Program Files\Microsoft Visual Studio\2022\Community\SDK\ScopeCppSDK\vc15\VC\include\yvals.h(303,1):
  see previous definition of '_MISMATCHED_ALLOCATOR_MESSAGE'
  
  ShapeCollisions.cpp
  _WIN32_WINNT not defined. Defaulting to _WIN32_WINNT_MAXVER (see WinSDKVer.h)
C:\Program Files\Microsoft Visual Studio\2022\Community\VC\Tools\MSVC\14.39.33519\include\yvals_core.h(880,1): warning C4005: '_MSVC_STL_VERSION': macro redefinition [c:\hrai\HoverRaceAI\NetTarget\Model\Model.vcxproj]
  (compiling source file 'ShapeCollisions.cpp')
  C:\Program Files\Microsoft Visual Studio\2022\Community\SDK\ScopeCppSDK\vc15\VC\include\yvals.h(156,1):
  see previous definition of '_MSVC_STL_VERSION'
  
C:\Program Files\Microsoft Visual Studio\2022\Community\VC\Tools\MSVC\14.39.33519\include\yvals_core.h(881,1): warning C4005: '_MSVC_STL_UPDATE': macro redefinition [c:\hrai\HoverRaceAI\NetTarget\Model\Model.vcxproj]
  (compiling source file 'ShapeCollisions.cpp')
  C:\Program Files\Microsoft Visual Studio\2022\Community\SDK\ScopeCppSDK\vc15\VC\include\yvals.h(157,1):
  see previous definition of '_MSVC_STL_UPDATE'
  
C:\Program Files\Microsoft Visual Studio\2022\Community\VC\Tools\MSVC\14.39.33519\include\yvals_core.h(1000,1): warning C4005: '_DEPRECATE_TR1_NAMESPACE': macro redefinition [c:\hrai\HoverRaceAI\NetTarget\Model\Model.vcxproj]
  (compiling source file 'ShapeCollisions.cpp')
  C:\Program Files\Microsoft Visual Studio\2022\Community\SDK\ScopeCppSDK\vc15\VC\include\yvals.h(247,1):
  see previous definition of '_DEPRECATE_TR1_NAMESPACE'
  
C:\Program Files\Microsoft Visual Studio\2022\Community\VC\Tools\MSVC\14.39.33519\include\yvals_core.h(1014,1): warning C4005: '_MISMATCHED_ALLOCATOR_MESSAGE': macro redefinition [c:\hrai\HoverRaceAI\NetTarget\Model\Model.vcxproj]
  (compiling source file 'ShapeCollisions.cpp')
  C:\Program Files\Microsoft Visual Studio\2022\Community\SDK\ScopeCppSDK\vc15\VC\include\yvals.h(303,1):
  see previous definition of '_MISMATCHED_ALLOCATOR_MESSAGE'
  
  Shapes.cpp
  _WIN32_WINNT not defined. Defaulting to _WIN32_WINNT_MAXVER (see WinSDKVer.h)
C:\Program Files\Microsoft Visual Studio\2022\Community\VC\Tools\MSVC\14.39.33519\include\yvals_core.h(880,1): warning C4005: '_MSVC_STL_VERSION': macro redefinition [c:\hrai\HoverRaceAI\NetTarget\Model\Model.vcxproj]
  (compiling source file 'Shapes.cpp')
  C:\Program Files\Microsoft Visual Studio\2022\Community\SDK\ScopeCppSDK\vc15\VC\include\yvals.h(156,1):
  see previous definition of '_MSVC_STL_VERSION'
  
C:\Program Files\Microsoft Visual Studio\2022\Community\VC\Tools\MSVC\14.39.33519\include\yvals_core.h(881,1): warning C4005: '_MSVC_STL_UPDATE': macro redefinition [c:\hrai\HoverRaceAI\NetTarget\Model\Model.vcxproj]
  (compiling source file 'Shapes.cpp')
  C:\Program Files\Microsoft Visual Studio\2022\Community\SDK\ScopeCppSDK\vc15\VC\include\yvals.h(157,1):
  see previous definition of '_MSVC_STL_UPDATE'
  
C:\Program Files\Microsoft Visual Studio\2022\Community\VC\Tools\MSVC\14.39.33519\include\yvals_core.h(1000,1): warning C4005: '_DEPRECATE_TR1_NAMESPACE': macro redefinition [c:\hrai\HoverRaceAI\NetTarget\Model\Model.vcxproj]
  (compiling source file 'Shapes.cpp')
  C:\Program Files\Microsoft Visual Studio\2022\Community\SDK\ScopeCppSDK\vc15\VC\include\yvals.h(247,1):
  see previous definition of '_DEPRECATE_TR1_NAMESPACE'
  
C:\Program Files\Microsoft Visual Studio\2022\Community\VC\Tools\MSVC\14.39.33519\include\yvals_core.h(1014,1): warning C4005: '_MISMATCHED_ALLOCATOR_MESSAGE': macro redefinition [c:\hrai\HoverRaceAI\NetTarget\Model\Model.vcxproj]
  (compiling source file 'Shapes.cpp')
  C:\Program Files\Microsoft Visual Studio\2022\Community\SDK\ScopeCppSDK\vc15\VC\include\yvals.h(303,1):
  see previous definition of '_MISMATCHED_ALLOCATOR_MESSAGE'
  
  StdAfx.cpp
  _WIN32_WINNT not defined. Defaulting to _WIN32_WINNT_MAXVER (see WinSDKVer.h)
C:\Program Files\Microsoft Visual Studio\2022\Community\VC\Tools\MSVC\14.39.33519\include\yvals_core.h(880,1): warning C4005: '_MSVC_STL_VERSION': macro redefinition [c:\hrai\HoverRaceAI\NetTarget\Model\Model.vcxproj]
  (compiling source file 'StdAfx.cpp')
  C:\Program Files\Microsoft Visual Studio\2022\Community\SDK\ScopeCppSDK\vc15\VC\include\yvals.h(156,1):
  see previous definition of '_MSVC_STL_VERSION'
  
C:\Program Files\Microsoft Visual Studio\2022\Community\VC\Tools\MSVC\14.39.33519\include\yvals_core.h(881,1): warning C4005: '_MSVC_STL_UPDATE': macro redefinition [c:\hrai\HoverRaceAI\NetTarget\Model\Model.vcxproj]
  (compiling source file 'StdAfx.cpp')
  C:\Program Files\Microsoft Visual Studio\2022\Community\SDK\ScopeCppSDK\vc15\VC\include\yvals.h(157,1):
  see previous definition of '_MSVC_STL_UPDATE'
  
C:\Program Files\Microsoft Visual Studio\2022\Community\VC\Tools\MSVC\14.39.33519\include\yvals_core.h(1000,1): warning C4005: '_DEPRECATE_TR1_NAMESPACE': macro redefinition [c:\hrai\HoverRaceAI\NetTarget\Model\Model.vcxproj]
  (compiling source file 'StdAfx.cpp')
  C:\Program Files\Microsoft Visual Studio\2022\Community\SDK\ScopeCppSDK\vc15\VC\include\yvals.h(247,1):
  see previous definition of '_DEPRECATE_TR1_NAMESPACE'
  
C:\Program Files\Microsoft Visual Studio\2022\Community\VC\Tools\MSVC\14.39.33519\include\yvals_core.h(1014,1): warning C4005: '_MISMATCHED_ALLOCATOR_MESSAGE': macro redefinition [c:\hrai\HoverRaceAI\NetTarget\Model\Model.vcxproj]
  (compiling source file 'StdAfx.cpp')
  C:\Program Files\Microsoft Visual Studio\2022\Community\SDK\ScopeCppSDK\vc15\VC\include\yvals.h(303,1):
  see previous definition of '_MISMATCHED_ALLOCATOR_MESSAGE'
  
  Generating Code...
c:\hrai\HoverRaceAI\NetTarget\Model\ShapeCollisions.cpp(198,1): warning C4700: uninitialized local variable 'lReturnValue' used [c:\hrai\HoverRaceAI\NetTarget\Model\Model.vcxproj]
     Creating library c:\hrai\HoverRaceAI\NetTarget\Model\..\..\Release\Model.lib and object c:\hrai\HoverRaceAI\NetTarget\Model\..\..\Release\Model.exp
  Model.vcxproj -> c:\hrai\HoverRaceAI\Release\Model.dll
