MSBuild version 17.9.5+33de0b227 for .NET Framework

C:\Program Files\Microsoft Visual Studio\2022\Community\MSBuild\Microsoft\VC\v170\Microsoft.CppClean.targets(77,5): warning : The process cannot access the file 'c:\originalhr2\hoverraceai\nettarget\videoservices\release\vc143.pdb' because it is being used by another process. [c:\originalhr2\HoverRaceAI\NetTarget\VideoServices\VideoServices.vcxproj]
  DllObjectFactory.cpp
  _WIN32_WINNT not defined. Defaulting to _WIN32_WINNT_MAXVER (see WinSDKVer.h)
C:\Program Files\Microsoft Visual Studio\2022\Community\VC\Tools\MSVC\14.39.33519\include\yvals_core.h(880,1): warning C4005: '_MSVC_STL_VERSION': macro redefinition [c:\originalhr2\HoverRaceAI\NetTarget\Util\Util.vcxproj]
  (compiling source file 'DllObjectFactory.cpp')
  C:\Program Files\Microsoft Visual Studio\2022\Community\SDK\ScopeCppSDK\vc15\VC\include\yvals.h(156,1):
  see previous definition of '_MSVC_STL_VERSION'
  
C:\Program Files\Microsoft Visual Studio\2022\Community\VC\Tools\MSVC\14.39.33519\include\yvals_core.h(881,1): warning C4005: '_MSVC_STL_UPDATE': macro redefinition [c:\originalhr2\HoverRaceAI\NetTarget\Util\Util.vcxproj]
  (compiling source file 'DllObjectFactory.cpp')
  C:\Program Files\Microsoft Visual Studio\2022\Community\SDK\ScopeCppSDK\vc15\VC\include\yvals.h(157,1):
  see previous definition of '_MSVC_STL_UPDATE'
  
C:\Program Files\Microsoft Visual Studio\2022\Community\VC\Tools\MSVC\14.39.33519\include\yvals_core.h(1000,1): warning C4005: '_DEPRECATE_TR1_NAMESPACE': macro redefinition [c:\originalhr2\HoverRaceAI\NetTarget\Util\Util.vcxproj]
  (compiling source file 'DllObjectFactory.cpp')
  C:\Program Files\Microsoft Visual Studio\2022\Community\SDK\ScopeCppSDK\vc15\VC\include\yvals.h(247,1):
  see previous definition of '_DEPRECATE_TR1_NAMESPACE'
  
C:\Program Files\Microsoft Visual Studio\2022\Community\VC\Tools\MSVC\14.39.33519\include\yvals_core.h(1014,1): warning C4005: '_MISMATCHED_ALLOCATOR_MESSAGE': macro redefinition [c:\originalhr2\HoverRaceAI\NetTarget\Util\Util.vcxproj]
  (compiling source file 'DllObjectFactory.cpp')
  C:\Program Files\Microsoft Visual Studio\2022\Community\SDK\ScopeCppSDK\vc15\VC\include\yvals.h(303,1):
  see previous definition of '_MISMATCHED_ALLOCATOR_MESSAGE'
  
c:\originalhr2\HoverRaceAI\NetTarget\Util\DllObjectFactory.cpp(372,4): warning C4996: 'sprintf': This function or variable may be unsafe. Consider using sprintf_s instead. To disable deprecation, use _CRT_SECURE_NO_WARNINGS. See online help for details. [c:\originalhr2\HoverRaceAI\NetTarget\Util\Util.vcxproj]
  FuzzyLogic.cpp
  _WIN32_WINNT not defined. Defaulting to _WIN32_WINNT_MAXVER (see WinSDKVer.h)
C:\Program Files\Microsoft Visual Studio\2022\Community\VC\Tools\MSVC\14.39.33519\include\yvals_core.h(880,1): warning C4005: '_MSVC_STL_VERSION': macro redefinition [c:\originalhr2\HoverRaceAI\NetTarget\Util\Util.vcxproj]
  (compiling source file 'FuzzyLogic.cpp')
  C:\Program Files\Microsoft Visual Studio\2022\Community\SDK\ScopeCppSDK\vc15\VC\include\yvals.h(156,1):
  see previous definition of '_MSVC_STL_VERSION'
  
C:\Program Files\Microsoft Visual Studio\2022\Community\VC\Tools\MSVC\14.39.33519\include\yvals_core.h(881,1): warning C4005: '_MSVC_STL_UPDATE': macro redefinition [c:\originalhr2\HoverRaceAI\NetTarget\Util\Util.vcxproj]
  (compiling source file 'FuzzyLogic.cpp')
  C:\Program Files\Microsoft Visual Studio\2022\Community\SDK\ScopeCppSDK\vc15\VC\include\yvals.h(157,1):
  see previous definition of '_MSVC_STL_UPDATE'
  
C:\Program Files\Microsoft Visual Studio\2022\Community\VC\Tools\MSVC\14.39.33519\include\yvals_core.h(1000,1): warning C4005: '_DEPRECATE_TR1_NAMESPACE': macro redefinition [c:\originalhr2\HoverRaceAI\NetTarget\Util\Util.vcxproj]
  (compiling source file 'FuzzyLogic.cpp')
  C:\Program Files\Microsoft Visual Studio\2022\Community\SDK\ScopeCppSDK\vc15\VC\include\yvals.h(247,1):
  see previous definition of '_DEPRECATE_TR1_NAMESPACE'
  
C:\Program Files\Microsoft Visual Studio\2022\Community\VC\Tools\MSVC\14.39.33519\include\yvals_core.h(1014,1): warning C4005: '_MISMATCHED_ALLOCATOR_MESSAGE': macro redefinition [c:\originalhr2\HoverRaceAI\NetTarget\Util\Util.vcxproj]
  (compiling source file 'FuzzyLogic.cpp')
  C:\Program Files\Microsoft Visual Studio\2022\Community\SDK\ScopeCppSDK\vc15\VC\include\yvals.h(303,1):
  see previous definition of '_MISMATCHED_ALLOCATOR_MESSAGE'
  
  Profiler.cpp
  _WIN32_WINNT not defined. Defaulting to _WIN32_WINNT_MAXVER (see WinSDKVer.h)
C:\Program Files\Microsoft Visual Studio\2022\Community\VC\Tools\MSVC\14.39.33519\include\yvals_core.h(880,1): warning C4005: '_MSVC_STL_VERSION': macro redefinition [c:\originalhr2\HoverRaceAI\NetTarget\Util\Util.vcxproj]
  (compiling source file 'Profiler.cpp')
  C:\Program Files\Microsoft Visual Studio\2022\Community\SDK\ScopeCppSDK\vc15\VC\include\yvals.h(156,1):
  see previous definition of '_MSVC_STL_VERSION'
  
C:\Program Files\Microsoft Visual Studio\2022\Community\VC\Tools\MSVC\14.39.33519\include\yvals_core.h(881,1): warning C4005: '_MSVC_STL_UPDATE': macro redefinition [c:\originalhr2\HoverRaceAI\NetTarget\Util\Util.vcxproj]
  (compiling source file 'Profiler.cpp')
  C:\Program Files\Microsoft Visual Studio\2022\Community\SDK\ScopeCppSDK\vc15\VC\include\yvals.h(157,1):
  see previous definition of '_MSVC_STL_UPDATE'
  
C:\Program Files\Microsoft Visual Studio\2022\Community\VC\Tools\MSVC\14.39.33519\include\yvals_core.h(1000,1): warning C4005: '_DEPRECATE_TR1_NAMESPACE': macro redefinition [c:\originalhr2\HoverRaceAI\NetTarget\Util\Util.vcxproj]
  (compiling source file 'Profiler.cpp')
  C:\Program Files\Microsoft Visual Studio\2022\Community\SDK\ScopeCppSDK\vc15\VC\include\yvals.h(247,1):
  see previous definition of '_DEPRECATE_TR1_NAMESPACE'
  
C:\Program Files\Microsoft Visual Studio\2022\Community\VC\Tools\MSVC\14.39.33519\include\yvals_core.h(1014,1): warning C4005: '_MISMATCHED_ALLOCATOR_MESSAGE': macro redefinition [c:\originalhr2\HoverRaceAI\NetTarget\Util\Util.vcxproj]
  (compiling source file 'Profiler.cpp')
  C:\Program Files\Microsoft Visual Studio\2022\Community\SDK\ScopeCppSDK\vc15\VC\include\yvals.h(303,1):
  see previous definition of '_MISMATCHED_ALLOCATOR_MESSAGE'
  
  RecordFile.cpp
  _WIN32_WINNT not defined. Defaulting to _WIN32_WINNT_MAXVER (see WinSDKVer.h)
C:\Program Files\Microsoft Visual Studio\2022\Community\VC\Tools\MSVC\14.39.33519\include\yvals_core.h(880,1): warning C4005: '_MSVC_STL_VERSION': macro redefinition [c:\originalhr2\HoverRaceAI\NetTarget\Util\Util.vcxproj]
  (compiling source file 'RecordFile.cpp')
  C:\Program Files\Microsoft Visual Studio\2022\Community\SDK\ScopeCppSDK\vc15\VC\include\yvals.h(156,1):
  see previous definition of '_MSVC_STL_VERSION'
  
C:\Program Files\Microsoft Visual Studio\2022\Community\VC\Tools\MSVC\14.39.33519\include\yvals_core.h(881,1): warning C4005: '_MSVC_STL_UPDATE': macro redefinition [c:\originalhr2\HoverRaceAI\NetTarget\Util\Util.vcxproj]
  (compiling source file 'RecordFile.cpp')
  C:\Program Files\Microsoft Visual Studio\2022\Community\SDK\ScopeCppSDK\vc15\VC\include\yvals.h(157,1):
  see previous definition of '_MSVC_STL_UPDATE'
  
C:\Program Files\Microsoft Visual Studio\2022\Community\VC\Tools\MSVC\14.39.33519\include\yvals_core.h(1000,1): warning C4005: '_DEPRECATE_TR1_NAMESPACE': macro redefinition [c:\originalhr2\HoverRaceAI\NetTarget\Util\Util.vcxproj]
  (compiling source file 'RecordFile.cpp')
  C:\Program Files\Microsoft Visual Studio\2022\Community\SDK\ScopeCppSDK\vc15\VC\include\yvals.h(247,1):
  see previous definition of '_DEPRECATE_TR1_NAMESPACE'
  
C:\Program Files\Microsoft Visual Studio\2022\Community\VC\Tools\MSVC\14.39.33519\include\yvals_core.h(1014,1): warning C4005: '_MISMATCHED_ALLOCATOR_MESSAGE': macro redefinition [c:\originalhr2\HoverRaceAI\NetTarget\Util\Util.vcxproj]
  (compiling source file 'RecordFile.cpp')
  C:\Program Files\Microsoft Visual Studio\2022\Community\SDK\ScopeCppSDK\vc15\VC\include\yvals.h(303,1):
  see previous definition of '_MISMATCHED_ALLOCATOR_MESSAGE'
  
c:\originalhr2\HoverRaceAI\NetTarget\Util\RecordFile.cpp(261,66): warning C4244: '=': conversion from 'ULONGLONG' to 'DWORD', possible loss of data [c:\originalhr2\HoverRaceAI\NetTarget\Util\Util.vcxproj]
c:\originalhr2\HoverRaceAI\NetTarget\Util\RecordFile.cpp(432,50): warning C4244: 'return': conversion from 'ULONGLONG' to 'LONG', possible loss of data [c:\originalhr2\HoverRaceAI\NetTarget\Util\Util.vcxproj]
c:\originalhr2\HoverRaceAI\NetTarget\Util\RecordFile.cpp(478,32): warning C4244: '=': conversion from 'ULONGLONG' to 'UINT', possible loss of data [c:\originalhr2\HoverRaceAI\NetTarget\Util\Util.vcxproj]
c:\originalhr2\HoverRaceAI\NetTarget\Util\RecordFile.cpp(539,18): warning C4996: 'fopen': This function or variable may be unsafe. Consider using fopen_s instead. To disable deprecation, use _CRT_SECURE_NO_WARNINGS. See online help for details. [c:\originalhr2\HoverRaceAI\NetTarget\Util\Util.vcxproj]
  StdAfx.cpp
  _WIN32_WINNT not defined. Defaulting to _WIN32_WINNT_MAXVER (see WinSDKVer.h)
C:\Program Files\Microsoft Visual Studio\2022\Community\VC\Tools\MSVC\14.39.33519\include\yvals_core.h(880,1): warning C4005: '_MSVC_STL_VERSION': macro redefinition [c:\originalhr2\HoverRaceAI\NetTarget\Util\Util.vcxproj]
  (compiling source file 'StdAfx.cpp')
  C:\Program Files\Microsoft Visual Studio\2022\Community\SDK\ScopeCppSDK\vc15\VC\include\yvals.h(156,1):
  see previous definition of '_MSVC_STL_VERSION'
  
C:\Program Files\Microsoft Visual Studio\2022\Community\VC\Tools\MSVC\14.39.33519\include\yvals_core.h(881,1): warning C4005: '_MSVC_STL_UPDATE': macro redefinition [c:\originalhr2\HoverRaceAI\NetTarget\Util\Util.vcxproj]
  (compiling source file 'StdAfx.cpp')
  C:\Program Files\Microsoft Visual Studio\2022\Community\SDK\ScopeCppSDK\vc15\VC\include\yvals.h(157,1):
  see previous definition of '_MSVC_STL_UPDATE'
  
C:\Program Files\Microsoft Visual Studio\2022\Community\VC\Tools\MSVC\14.39.33519\include\yvals_core.h(1000,1): warning C4005: '_DEPRECATE_TR1_NAMESPACE': macro redefinition [c:\originalhr2\HoverRaceAI\NetTarget\Util\Util.vcxproj]
  (compiling source file 'StdAfx.cpp')
  C:\Program Files\Microsoft Visual Studio\2022\Community\SDK\ScopeCppSDK\vc15\VC\include\yvals.h(247,1):
  see previous definition of '_DEPRECATE_TR1_NAMESPACE'
  
C:\Program Files\Microsoft Visual Studio\2022\Community\VC\Tools\MSVC\14.39.33519\include\yvals_core.h(1014,1): warning C4005: '_MISMATCHED_ALLOCATOR_MESSAGE': macro redefinition [c:\originalhr2\HoverRaceAI\NetTarget\Util\Util.vcxproj]
  (compiling source file 'StdAfx.cpp')
  C:\Program Files\Microsoft Visual Studio\2022\Community\SDK\ScopeCppSDK\vc15\VC\include\yvals.h(303,1):
  see previous definition of '_MISMATCHED_ALLOCATOR_MESSAGE'
  
  StrRes.cpp
  _WIN32_WINNT not defined. Defaulting to _WIN32_WINNT_MAXVER (see WinSDKVer.h)
C:\Program Files\Microsoft Visual Studio\2022\Community\VC\Tools\MSVC\14.39.33519\include\yvals_core.h(880,1): warning C4005: '_MSVC_STL_VERSION': macro redefinition [c:\originalhr2\HoverRaceAI\NetTarget\Util\Util.vcxproj]
  (compiling source file 'StrRes.cpp')
  C:\Program Files\Microsoft Visual Studio\2022\Community\SDK\ScopeCppSDK\vc15\VC\include\yvals.h(156,1):
  see previous definition of '_MSVC_STL_VERSION'
  
C:\Program Files\Microsoft Visual Studio\2022\Community\VC\Tools\MSVC\14.39.33519\include\yvals_core.h(881,1): warning C4005: '_MSVC_STL_UPDATE': macro redefinition [c:\originalhr2\HoverRaceAI\NetTarget\Util\Util.vcxproj]
  (compiling source file 'StrRes.cpp')
  C:\Program Files\Microsoft Visual Studio\2022\Community\SDK\ScopeCppSDK\vc15\VC\include\yvals.h(157,1):
  see previous definition of '_MSVC_STL_UPDATE'
  
C:\Program Files\Microsoft Visual Studio\2022\Community\VC\Tools\MSVC\14.39.33519\include\yvals_core.h(1000,1): warning C4005: '_DEPRECATE_TR1_NAMESPACE': macro redefinition [c:\originalhr2\HoverRaceAI\NetTarget\Util\Util.vcxproj]
  (compiling source file 'StrRes.cpp')
  C:\Program Files\Microsoft Visual Studio\2022\Community\SDK\ScopeCppSDK\vc15\VC\include\yvals.h(247,1):
  see previous definition of '_DEPRECATE_TR1_NAMESPACE'
  
C:\Program Files\Microsoft Visual Studio\2022\Community\VC\Tools\MSVC\14.39.33519\include\yvals_core.h(1014,1): warning C4005: '_MISMATCHED_ALLOCATOR_MESSAGE': macro redefinition [c:\originalhr2\HoverRaceAI\NetTarget\Util\Util.vcxproj]
  (compiling source file 'StrRes.cpp')
  C:\Program Files\Microsoft Visual Studio\2022\Community\SDK\ScopeCppSDK\vc15\VC\include\yvals.h(303,1):
  see previous definition of '_MISMATCHED_ALLOCATOR_MESSAGE'
  
  WorldCoordinates.cpp
  _WIN32_WINNT not defined. Defaulting to _WIN32_WINNT_MAXVER (see WinSDKVer.h)
C:\Program Files\Microsoft Visual Studio\2022\Community\VC\Tools\MSVC\14.39.33519\include\yvals_core.h(880,1): warning C4005: '_MSVC_STL_VERSION': macro redefinition [c:\originalhr2\HoverRaceAI\NetTarget\Util\Util.vcxproj]
  (compiling source file 'WorldCoordinates.cpp')
  C:\Program Files\Microsoft Visual Studio\2022\Community\SDK\ScopeCppSDK\vc15\VC\include\yvals.h(156,1):
  see previous definition of '_MSVC_STL_VERSION'
  
C:\Program Files\Microsoft Visual Studio\2022\Community\VC\Tools\MSVC\14.39.33519\include\yvals_core.h(881,1): warning C4005: '_MSVC_STL_UPDATE': macro redefinition [c:\originalhr2\HoverRaceAI\NetTarget\Util\Util.vcxproj]
  (compiling source file 'WorldCoordinates.cpp')
  C:\Program Files\Microsoft Visual Studio\2022\Community\SDK\ScopeCppSDK\vc15\VC\include\yvals.h(157,1):
  see previous definition of '_MSVC_STL_UPDATE'
  
C:\Program Files\Microsoft Visual Studio\2022\Community\VC\Tools\MSVC\14.39.33519\include\yvals_core.h(1000,1): warning C4005: '_DEPRECATE_TR1_NAMESPACE': macro redefinition [c:\originalhr2\HoverRaceAI\NetTarget\Util\Util.vcxproj]
  (compiling source file 'WorldCoordinates.cpp')
  C:\Program Files\Microsoft Visual Studio\2022\Community\SDK\ScopeCppSDK\vc15\VC\include\yvals.h(247,1):
  see previous definition of '_DEPRECATE_TR1_NAMESPACE'
  
C:\Program Files\Microsoft Visual Studio\2022\Community\VC\Tools\MSVC\14.39.33519\include\yvals_core.h(1014,1): warning C4005: '_MISMATCHED_ALLOCATOR_MESSAGE': macro redefinition [c:\originalhr2\HoverRaceAI\NetTarget\Util\Util.vcxproj]
  (compiling source file 'WorldCoordinates.cpp')
  C:\Program Files\Microsoft Visual Studio\2022\Community\SDK\ScopeCppSDK\vc15\VC\include\yvals.h(303,1):
  see previous definition of '_MISMATCHED_ALLOCATOR_MESSAGE'
  
  Generating Code...
     Creating library c:\originalhr2\HoverRaceAI\NetTarget\Util\..\..\Release\Util.lib and object c:\originalhr2\HoverRaceAI\NetTarget\Util\..\..\Release\Util.exp
  Util.vcxproj -> c:\originalhr2\HoverRaceAI\Release\Util.dll
  2DViewPort.cpp
  _WIN32_WINNT not defined. Defaulting to _WIN32_WINNT_MAXVER (see WinSDKVer.h)
C:\Program Files\Microsoft Visual Studio\2022\Community\VC\Tools\MSVC\14.39.33519\include\yvals_core.h(880,1): warning C4005: '_MSVC_STL_VERSION': macro redefinition [c:\originalhr2\HoverRaceAI\NetTarget\VideoServices\VideoServices.vcxproj]
  (compiling source file '2DViewPort.cpp')
  C:\Program Files\Microsoft Visual Studio\2022\Community\SDK\ScopeCppSDK\vc15\VC\include\yvals.h(156,1):
  see previous definition of '_MSVC_STL_VERSION'
  
C:\Program Files\Microsoft Visual Studio\2022\Community\VC\Tools\MSVC\14.39.33519\include\yvals_core.h(881,1): warning C4005: '_MSVC_STL_UPDATE': macro redefinition [c:\originalhr2\HoverRaceAI\NetTarget\VideoServices\VideoServices.vcxproj]
  (compiling source file '2DViewPort.cpp')
  C:\Program Files\Microsoft Visual Studio\2022\Community\SDK\ScopeCppSDK\vc15\VC\include\yvals.h(157,1):
  see previous definition of '_MSVC_STL_UPDATE'
  
C:\Program Files\Microsoft Visual Studio\2022\Community\VC\Tools\MSVC\14.39.33519\include\yvals_core.h(1000,1): warning C4005: '_DEPRECATE_TR1_NAMESPACE': macro redefinition [c:\originalhr2\HoverRaceAI\NetTarget\VideoServices\VideoServices.vcxproj]
  (compiling source file '2DViewPort.cpp')
  C:\Program Files\Microsoft Visual Studio\2022\Community\SDK\ScopeCppSDK\vc15\VC\include\yvals.h(247,1):
  see previous definition of '_DEPRECATE_TR1_NAMESPACE'
  
C:\Program Files\Microsoft Visual Studio\2022\Community\VC\Tools\MSVC\14.39.33519\include\yvals_core.h(1014,1): warning C4005: '_MISMATCHED_ALLOCATOR_MESSAGE': macro redefinition [c:\originalhr2\HoverRaceAI\NetTarget\VideoServices\VideoServices.vcxproj]
  (compiling source file '2DViewPort.cpp')
  C:\Program Files\Microsoft Visual Studio\2022\Community\SDK\ScopeCppSDK\vc15\VC\include\yvals.h(303,1):
  see previous definition of '_MISMATCHED_ALLOCATOR_MESSAGE'
  
  3DViewport.cpp
  _WIN32_WINNT not defined. Defaulting to _WIN32_WINNT_MAXVER (see WinSDKVer.h)
C:\Program Files\Microsoft Visual Studio\2022\Community\VC\Tools\MSVC\14.39.33519\include\yvals_core.h(880,1): warning C4005: '_MSVC_STL_VERSION': macro redefinition [c:\originalhr2\HoverRaceAI\NetTarget\VideoServices\VideoServices.vcxproj]
  (compiling source file '3DViewport.cpp')
  C:\Program Files\Microsoft Visual Studio\2022\Community\SDK\ScopeCppSDK\vc15\VC\include\yvals.h(156,1):
  see previous definition of '_MSVC_STL_VERSION'
  
C:\Program Files\Microsoft Visual Studio\2022\Community\VC\Tools\MSVC\14.39.33519\include\yvals_core.h(881,1): warning C4005: '_MSVC_STL_UPDATE': macro redefinition [c:\originalhr2\HoverRaceAI\NetTarget\VideoServices\VideoServices.vcxproj]
  (compiling source file '3DViewport.cpp')
  C:\Program Files\Microsoft Visual Studio\2022\Community\SDK\ScopeCppSDK\vc15\VC\include\yvals.h(157,1):
  see previous definition of '_MSVC_STL_UPDATE'
  
C:\Program Files\Microsoft Visual Studio\2022\Community\VC\Tools\MSVC\14.39.33519\include\yvals_core.h(1000,1): warning C4005: '_DEPRECATE_TR1_NAMESPACE': macro redefinition [c:\originalhr2\HoverRaceAI\NetTarget\VideoServices\VideoServices.vcxproj]
  (compiling source file '3DViewport.cpp')
  C:\Program Files\Microsoft Visual Studio\2022\Community\SDK\ScopeCppSDK\vc15\VC\include\yvals.h(247,1):
  see previous definition of '_DEPRECATE_TR1_NAMESPACE'
  
C:\Program Files\Microsoft Visual Studio\2022\Community\VC\Tools\MSVC\14.39.33519\include\yvals_core.h(1014,1): warning C4005: '_MISMATCHED_ALLOCATOR_MESSAGE': macro redefinition [c:\originalhr2\HoverRaceAI\NetTarget\VideoServices\VideoServices.vcxproj]
  (compiling source file '3DViewport.cpp')
  C:\Program Files\Microsoft Visual Studio\2022\Community\SDK\ScopeCppSDK\vc15\VC\include\yvals.h(303,1):
  see previous definition of '_MISMATCHED_ALLOCATOR_MESSAGE'
  
c:\originalhr2\HoverRaceAI\NetTarget\VideoServices\3DViewport.cpp(143,156): warning C4244: '=': conversion from 'double' to 'MR_Int32', possible loss of data [c:\originalhr2\HoverRaceAI\NetTarget\VideoServices\VideoServices.vcxproj]
c:\originalhr2\HoverRaceAI\NetTarget\VideoServices\3DViewport.cpp(144,84): warning C4244: '=': conversion from 'double' to 'MR_Int32', possible loss of data [c:\originalhr2\HoverRaceAI\NetTarget\VideoServices\VideoServices.vcxproj]
  3DViewportRendering.cpp
  _WIN32_WINNT not defined. Defaulting to _WIN32_WINNT_MAXVER (see WinSDKVer.h)
C:\Program Files\Microsoft Visual Studio\2022\Community\VC\Tools\MSVC\14.39.33519\include\yvals_core.h(880,1): warning C4005: '_MSVC_STL_VERSION': macro redefinition [c:\originalhr2\HoverRaceAI\NetTarget\VideoServices\VideoServices.vcxproj]
  (compiling source file '3DViewportRendering.cpp')
  C:\Program Files\Microsoft Visual Studio\2022\Community\SDK\ScopeCppSDK\vc15\VC\include\yvals.h(156,1):
  see previous definition of '_MSVC_STL_VERSION'
  
C:\Program Files\Microsoft Visual Studio\2022\Community\VC\Tools\MSVC\14.39.33519\include\yvals_core.h(881,1): warning C4005: '_MSVC_STL_UPDATE': macro redefinition [c:\originalhr2\HoverRaceAI\NetTarget\VideoServices\VideoServices.vcxproj]
  (compiling source file '3DViewportRendering.cpp')
  C:\Program Files\Microsoft Visual Studio\2022\Community\SDK\ScopeCppSDK\vc15\VC\include\yvals.h(157,1):
  see previous definition of '_MSVC_STL_UPDATE'
  
C:\Program Files\Microsoft Visual Studio\2022\Community\VC\Tools\MSVC\14.39.33519\include\yvals_core.h(1000,1): warning C4005: '_DEPRECATE_TR1_NAMESPACE': macro redefinition [c:\originalhr2\HoverRaceAI\NetTarget\VideoServices\VideoServices.vcxproj]
  (compiling source file '3DViewportRendering.cpp')
  C:\Program Files\Microsoft Visual Studio\2022\Community\SDK\ScopeCppSDK\vc15\VC\include\yvals.h(247,1):
  see previous definition of '_DEPRECATE_TR1_NAMESPACE'
  
C:\Program Files\Microsoft Visual Studio\2022\Community\VC\Tools\MSVC\14.39.33519\include\yvals_core.h(1014,1): warning C4005: '_MISMATCHED_ALLOCATOR_MESSAGE': macro redefinition [c:\originalhr2\HoverRaceAI\NetTarget\VideoServices\VideoServices.vcxproj]
  (compiling source file '3DViewportRendering.cpp')
  C:\Program Files\Microsoft Visual Studio\2022\Community\SDK\ScopeCppSDK\vc15\VC\include\yvals.h(303,1):
  see previous definition of '_MISMATCHED_ALLOCATOR_MESSAGE'
  
c:\originalhr2\HoverRaceAI\NetTarget\VideoServices\3DViewportRendering.cpp(415,21): warning C4244: 'initializing': conversion from 'LONGLONG' to 'int', possible loss of data [c:\originalhr2\HoverRaceAI\NetTarget\VideoServices\VideoServices.vcxproj]
c:\originalhr2\HoverRaceAI\NetTarget\VideoServices\3DViewportRendering.cpp(1214,56): warning C4244: '=': conversion from 'int' to 'MR_UInt16', possible loss of data [c:\originalhr2\HoverRaceAI\NetTarget\VideoServices\VideoServices.vcxproj]
c:\originalhr2\HoverRaceAI\NetTarget\VideoServices\3DViewportRendering.cpp(1937,61): warning C4244: '=': conversion from 'int' to 'MR_UInt16', possible loss of data [c:\originalhr2\HoverRaceAI\NetTarget\VideoServices\VideoServices.vcxproj]
c:\originalhr2\HoverRaceAI\NetTarget\VideoServices\3DViewportRendering.cpp(2132,55): warning C4244: '=': conversion from 'int' to 'MR_UInt16', possible loss of data [c:\originalhr2\HoverRaceAI\NetTarget\VideoServices\VideoServices.vcxproj]
  Bitmap.cpp
  _WIN32_WINNT not defined. Defaulting to _WIN32_WINNT_MAXVER (see WinSDKVer.h)
C:\Program Files\Microsoft Visual Studio\2022\Community\VC\Tools\MSVC\14.39.33519\include\yvals_core.h(880,1): warning C4005: '_MSVC_STL_VERSION': macro redefinition [c:\originalhr2\HoverRaceAI\NetTarget\VideoServices\VideoServices.vcxproj]
  (compiling source file 'Bitmap.cpp')
  C:\Program Files\Microsoft Visual Studio\2022\Community\SDK\ScopeCppSDK\vc15\VC\include\yvals.h(156,1):
  see previous definition of '_MSVC_STL_VERSION'
  
C:\Program Files\Microsoft Visual Studio\2022\Community\VC\Tools\MSVC\14.39.33519\include\yvals_core.h(881,1): warning C4005: '_MSVC_STL_UPDATE': macro redefinition [c:\originalhr2\HoverRaceAI\NetTarget\VideoServices\VideoServices.vcxproj]
  (compiling source file 'Bitmap.cpp')
  C:\Program Files\Microsoft Visual Studio\2022\Community\SDK\ScopeCppSDK\vc15\VC\include\yvals.h(157,1):
  see previous definition of '_MSVC_STL_UPDATE'
  
C:\Program Files\Microsoft Visual Studio\2022\Community\VC\Tools\MSVC\14.39.33519\include\yvals_core.h(1000,1): warning C4005: '_DEPRECATE_TR1_NAMESPACE': macro redefinition [c:\originalhr2\HoverRaceAI\NetTarget\VideoServices\VideoServices.vcxproj]
  (compiling source file 'Bitmap.cpp')
  C:\Program Files\Microsoft Visual Studio\2022\Community\SDK\ScopeCppSDK\vc15\VC\include\yvals.h(247,1):
  see previous definition of '_DEPRECATE_TR1_NAMESPACE'
  
C:\Program Files\Microsoft Visual Studio\2022\Community\VC\Tools\MSVC\14.39.33519\include\yvals_core.h(1014,1): warning C4005: '_MISMATCHED_ALLOCATOR_MESSAGE': macro redefinition [c:\originalhr2\HoverRaceAI\NetTarget\VideoServices\VideoServices.vcxproj]
  (compiling source file 'Bitmap.cpp')
  C:\Program Files\Microsoft Visual Studio\2022\Community\SDK\ScopeCppSDK\vc15\VC\include\yvals.h(303,1):
  see previous definition of '_MISMATCHED_ALLOCATOR_MESSAGE'
  
  ColorPalette.cpp
  _WIN32_WINNT not defined. Defaulting to _WIN32_WINNT_MAXVER (see WinSDKVer.h)
C:\Program Files\Microsoft Visual Studio\2022\Community\VC\Tools\MSVC\14.39.33519\include\yvals_core.h(880,1): warning C4005: '_MSVC_STL_VERSION': macro redefinition [c:\originalhr2\HoverRaceAI\NetTarget\VideoServices\VideoServices.vcxproj]
  (compiling source file 'ColorPalette.cpp')
  C:\Program Files\Microsoft Visual Studio\2022\Community\SDK\ScopeCppSDK\vc15\VC\include\yvals.h(156,1):
  see previous definition of '_MSVC_STL_VERSION'
  
C:\Program Files\Microsoft Visual Studio\2022\Community\VC\Tools\MSVC\14.39.33519\include\yvals_core.h(881,1): warning C4005: '_MSVC_STL_UPDATE': macro redefinition [c:\originalhr2\HoverRaceAI\NetTarget\VideoServices\VideoServices.vcxproj]
  (compiling source file 'ColorPalette.cpp')
  C:\Program Files\Microsoft Visual Studio\2022\Community\SDK\ScopeCppSDK\vc15\VC\include\yvals.h(157,1):
  see previous definition of '_MSVC_STL_UPDATE'
  
C:\Program Files\Microsoft Visual Studio\2022\Community\VC\Tools\MSVC\14.39.33519\include\yvals_core.h(1000,1): warning C4005: '_DEPRECATE_TR1_NAMESPACE': macro redefinition [c:\originalhr2\HoverRaceAI\NetTarget\VideoServices\VideoServices.vcxproj]
  (compiling source file 'ColorPalette.cpp')
  C:\Program Files\Microsoft Visual Studio\2022\Community\SDK\ScopeCppSDK\vc15\VC\include\yvals.h(247,1):
  see previous definition of '_DEPRECATE_TR1_NAMESPACE'
  
C:\Program Files\Microsoft Visual Studio\2022\Community\VC\Tools\MSVC\14.39.33519\include\yvals_core.h(1014,1): warning C4005: '_MISMATCHED_ALLOCATOR_MESSAGE': macro redefinition [c:\originalhr2\HoverRaceAI\NetTarget\VideoServices\VideoServices.vcxproj]
  (compiling source file 'ColorPalette.cpp')
  C:\Program Files\Microsoft Visual Studio\2022\Community\SDK\ScopeCppSDK\vc15\VC\include\yvals.h(303,1):
  see previous definition of '_MISMATCHED_ALLOCATOR_MESSAGE'
  
c:\originalhr2\HoverRaceAI\NetTarget\VideoServices\ColorPalette.cpp(83,56): warning C4244: '=': conversion from 'int' to 'BYTE', possible loss of data [c:\originalhr2\HoverRaceAI\NetTarget\VideoServices\VideoServices.vcxproj]
  ColorTab.cpp
  _WIN32_WINNT not defined. Defaulting to _WIN32_WINNT_MAXVER (see WinSDKVer.h)
C:\Program Files\Microsoft Visual Studio\2022\Community\VC\Tools\MSVC\14.39.33519\include\yvals_core.h(880,1): warning C4005: '_MSVC_STL_VERSION': macro redefinition [c:\originalhr2\HoverRaceAI\NetTarget\VideoServices\VideoServices.vcxproj]
  (compiling source file 'ColorTab.cpp')
  C:\Program Files\Microsoft Visual Studio\2022\Community\SDK\ScopeCppSDK\vc15\VC\include\yvals.h(156,1):
  see previous definition of '_MSVC_STL_VERSION'
  
C:\Program Files\Microsoft Visual Studio\2022\Community\VC\Tools\MSVC\14.39.33519\include\yvals_core.h(881,1): warning C4005: '_MSVC_STL_UPDATE': macro redefinition [c:\originalhr2\HoverRaceAI\NetTarget\VideoServices\VideoServices.vcxproj]
  (compiling source file 'ColorTab.cpp')
  C:\Program Files\Microsoft Visual Studio\2022\Community\SDK\ScopeCppSDK\vc15\VC\include\yvals.h(157,1):
  see previous definition of '_MSVC_STL_UPDATE'
  
C:\Program Files\Microsoft Visual Studio\2022\Community\VC\Tools\MSVC\14.39.33519\include\yvals_core.h(1000,1): warning C4005: '_DEPRECATE_TR1_NAMESPACE': macro redefinition [c:\originalhr2\HoverRaceAI\NetTarget\VideoServices\VideoServices.vcxproj]
  (compiling source file 'ColorTab.cpp')
  C:\Program Files\Microsoft Visual Studio\2022\Community\SDK\ScopeCppSDK\vc15\VC\include\yvals.h(247,1):
  see previous definition of '_DEPRECATE_TR1_NAMESPACE'
  
C:\Program Files\Microsoft Visual Studio\2022\Community\VC\Tools\MSVC\14.39.33519\include\yvals_core.h(1014,1): warning C4005: '_MISMATCHED_ALLOCATOR_MESSAGE': macro redefinition [c:\originalhr2\HoverRaceAI\NetTarget\VideoServices\VideoServices.vcxproj]
  (compiling source file 'ColorTab.cpp')
  C:\Program Files\Microsoft Visual Studio\2022\Community\SDK\ScopeCppSDK\vc15\VC\include\yvals.h(303,1):
  see previous definition of '_MISMATCHED_ALLOCATOR_MESSAGE'
  
  Patch.cpp
C:\Program Files\Microsoft Visual Studio\2022\Community\VC\Tools\MSVC\14.39.33519\include\yvals_core.h(880,1): warning C4005: '_MSVC_STL_VERSION': macro redefinition [c:\originalhr2\HoverRaceAI\NetTarget\VideoServices\VideoServices.vcxproj]
  (compiling source file 'Patch.cpp')
  C:\Program Files\Microsoft Visual Studio\2022\Community\SDK\ScopeCppSDK\vc15\VC\include\yvals.h(156,1):
  see previous definition of '_MSVC_STL_VERSION'
  
C:\Program Files\Microsoft Visual Studio\2022\Community\VC\Tools\MSVC\14.39.33519\include\yvals_core.h(881,1): warning C4005: '_MSVC_STL_UPDATE': macro redefinition [c:\originalhr2\HoverRaceAI\NetTarget\VideoServices\VideoServices.vcxproj]
  (compiling source file 'Patch.cpp')
  C:\Program Files\Microsoft Visual Studio\2022\Community\SDK\ScopeCppSDK\vc15\VC\include\yvals.h(157,1):
  see previous definition of '_MSVC_STL_UPDATE'
  
C:\Program Files\Microsoft Visual Studio\2022\Community\VC\Tools\MSVC\14.39.33519\include\yvals_core.h(1000,1): warning C4005: '_DEPRECATE_TR1_NAMESPACE': macro redefinition [c:\originalhr2\HoverRaceAI\NetTarget\VideoServices\VideoServices.vcxproj]
  (compiling source file 'Patch.cpp')
  C:\Program Files\Microsoft Visual Studio\2022\Community\SDK\ScopeCppSDK\vc15\VC\include\yvals.h(247,1):
  see previous definition of '_DEPRECATE_TR1_NAMESPACE'
  
C:\Program Files\Microsoft Visual Studio\2022\Community\VC\Tools\MSVC\14.39.33519\include\yvals_core.h(1014,1): warning C4005: '_MISMATCHED_ALLOCATOR_MESSAGE': macro redefinition [c:\originalhr2\HoverRaceAI\NetTarget\VideoServices\VideoServices.vcxproj]
  (compiling source file 'Patch.cpp')
  C:\Program Files\Microsoft Visual Studio\2022\Community\SDK\ScopeCppSDK\vc15\VC\include\yvals.h(303,1):
  see previous definition of '_MISMATCHED_ALLOCATOR_MESSAGE'
  
  SoundServer.cpp
  _WIN32_WINNT not defined. Defaulting to _WIN32_WINNT_MAXVER (see WinSDKVer.h)
C:\Program Files\Microsoft Visual Studio\2022\Community\VC\Tools\MSVC\14.39.33519\include\yvals_core.h(880,1): warning C4005: '_MSVC_STL_VERSION': macro redefinition [c:\originalhr2\HoverRaceAI\NetTarget\VideoServices\VideoServices.vcxproj]
  (compiling source file 'SoundServer.cpp')
  C:\Program Files\Microsoft Visual Studio\2022\Community\SDK\ScopeCppSDK\vc15\VC\include\yvals.h(156,1):
  see previous definition of '_MSVC_STL_VERSION'
  
C:\Program Files\Microsoft Visual Studio\2022\Community\VC\Tools\MSVC\14.39.33519\include\yvals_core.h(881,1): warning C4005: '_MSVC_STL_UPDATE': macro redefinition [c:\originalhr2\HoverRaceAI\NetTarget\VideoServices\VideoServices.vcxproj]
  (compiling source file 'SoundServer.cpp')
  C:\Program Files\Microsoft Visual Studio\2022\Community\SDK\ScopeCppSDK\vc15\VC\include\yvals.h(157,1):
  see previous definition of '_MSVC_STL_UPDATE'
  
C:\Program Files\Microsoft Visual Studio\2022\Community\VC\Tools\MSVC\14.39.33519\include\yvals_core.h(1000,1): warning C4005: '_DEPRECATE_TR1_NAMESPACE': macro redefinition [c:\originalhr2\HoverRaceAI\NetTarget\VideoServices\VideoServices.vcxproj]
  (compiling source file 'SoundServer.cpp')
  C:\Program Files\Microsoft Visual Studio\2022\Community\SDK\ScopeCppSDK\vc15\VC\include\yvals.h(247,1):
  see previous definition of '_DEPRECATE_TR1_NAMESPACE'
  
C:\Program Files\Microsoft Visual Studio\2022\Community\VC\Tools\MSVC\14.39.33519\include\yvals_core.h(1014,1): warning C4005: '_MISMATCHED_ALLOCATOR_MESSAGE': macro redefinition [c:\originalhr2\HoverRaceAI\NetTarget\VideoServices\VideoServices.vcxproj]
  (compiling source file 'SoundServer.cpp')
  C:\Program Files\Microsoft Visual Studio\2022\Community\SDK\ScopeCppSDK\vc15\VC\include\yvals.h(303,1):
  see previous definition of '_MISMATCHED_ALLOCATOR_MESSAGE'
  
c:\originalhr2\HoverRaceAI\NetTarget\VideoServices\SoundServer.cpp(264,23): warning C4996: 'fopen': This function or variable may be unsafe. Consider using fopen_s instead. To disable deprecation, use _CRT_SECURE_NO_WARNINGS. See online help for details. [c:\originalhr2\HoverRaceAI\NetTarget\VideoServices\VideoServices.vcxproj]
c:\originalhr2\HoverRaceAI\NetTarget\VideoServices\SoundServer.cpp(358,26): warning C4996: 'fopen': This function or variable may be unsafe. Consider using fopen_s instead. To disable deprecation, use _CRT_SECURE_NO_WARNINGS. See online help for details. [c:\originalhr2\HoverRaceAI\NetTarget\VideoServices\VideoServices.vcxproj]
c:\originalhr2\HoverRaceAI\NetTarget\VideoServices\SoundServer.cpp(505,24): warning C4996: 'fopen': This function or variable may be unsafe. Consider using fopen_s instead. To disable deprecation, use _CRT_SECURE_NO_WARNINGS. See online help for details. [c:\originalhr2\HoverRaceAI\NetTarget\VideoServices\VideoServices.vcxproj]
c:\originalhr2\HoverRaceAI\NetTarget\VideoServices\SoundServer.cpp(598,23): warning C4996: 'fopen': This function or variable may be unsafe. Consider using fopen_s instead. To disable deprecation, use _CRT_SECURE_NO_WARNINGS. See online help for details. [c:\originalhr2\HoverRaceAI\NetTarget\VideoServices\VideoServices.vcxproj]
c:\originalhr2\HoverRaceAI\NetTarget\VideoServices\SoundServer.cpp(501,33): warning C4100: 'pWindow': unreferenced formal parameter [c:\originalhr2\HoverRaceAI\NetTarget\VideoServices\VideoServices.vcxproj]
c:\originalhr2\HoverRaceAI\NetTarget\VideoServices\SoundServer.cpp(723,26): warning C4996: 'fopen': This function or variable may be unsafe. Consider using fopen_s instead. To disable deprecation, use _CRT_SECURE_NO_WARNINGS. See online help for details. [c:\originalhr2\HoverRaceAI\NetTarget\VideoServices\VideoServices.vcxproj]
c:\originalhr2\HoverRaceAI\NetTarget\VideoServices\SoundServer.cpp(744,29): warning C4996: 'fopen': This function or variable may be unsafe. Consider using fopen_s instead. To disable deprecation, use _CRT_SECURE_NO_WARNINGS. See online help for details. [c:\originalhr2\HoverRaceAI\NetTarget\VideoServices\VideoServices.vcxproj]
  Sprite.cpp
  _WIN32_WINNT not defined. Defaulting to _WIN32_WINNT_MAXVER (see WinSDKVer.h)
C:\Program Files\Microsoft Visual Studio\2022\Community\VC\Tools\MSVC\14.39.33519\include\yvals_core.h(880,1): warning C4005: '_MSVC_STL_VERSION': macro redefinition [c:\originalhr2\HoverRaceAI\NetTarget\VideoServices\VideoServices.vcxproj]
  (compiling source file 'Sprite.cpp')
  C:\Program Files\Microsoft Visual Studio\2022\Community\SDK\ScopeCppSDK\vc15\VC\include\yvals.h(156,1):
  see previous definition of '_MSVC_STL_VERSION'
  
C:\Program Files\Microsoft Visual Studio\2022\Community\VC\Tools\MSVC\14.39.33519\include\yvals_core.h(881,1): warning C4005: '_MSVC_STL_UPDATE': macro redefinition [c:\originalhr2\HoverRaceAI\NetTarget\VideoServices\VideoServices.vcxproj]
  (compiling source file 'Sprite.cpp')
  C:\Program Files\Microsoft Visual Studio\2022\Community\SDK\ScopeCppSDK\vc15\VC\include\yvals.h(157,1):
  see previous definition of '_MSVC_STL_UPDATE'
  
C:\Program Files\Microsoft Visual Studio\2022\Community\VC\Tools\MSVC\14.39.33519\include\yvals_core.h(1000,1): warning C4005: '_DEPRECATE_TR1_NAMESPACE': macro redefinition [c:\originalhr2\HoverRaceAI\NetTarget\VideoServices\VideoServices.vcxproj]
  (compiling source file 'Sprite.cpp')
  C:\Program Files\Microsoft Visual Studio\2022\Community\SDK\ScopeCppSDK\vc15\VC\include\yvals.h(247,1):
  see previous definition of '_DEPRECATE_TR1_NAMESPACE'
  
C:\Program Files\Microsoft Visual Studio\2022\Community\VC\Tools\MSVC\14.39.33519\include\yvals_core.h(1014,1): warning C4005: '_MISMATCHED_ALLOCATOR_MESSAGE': macro redefinition [c:\originalhr2\HoverRaceAI\NetTarget\VideoServices\VideoServices.vcxproj]
  (compiling source file 'Sprite.cpp')
  C:\Program Files\Microsoft Visual Studio\2022\Community\SDK\ScopeCppSDK\vc15\VC\include\yvals.h(303,1):
  see previous definition of '_MISMATCHED_ALLOCATOR_MESSAGE'
  
  StdAfx.cpp
  _WIN32_WINNT not defined. Defaulting to _WIN32_WINNT_MAXVER (see WinSDKVer.h)
C:\Program Files\Microsoft Visual Studio\2022\Community\VC\Tools\MSVC\14.39.33519\include\yvals_core.h(880,1): warning C4005: '_MSVC_STL_VERSION': macro redefinition [c:\originalhr2\HoverRaceAI\NetTarget\VideoServices\VideoServices.vcxproj]
  (compiling source file 'StdAfx.cpp')
  C:\Program Files\Microsoft Visual Studio\2022\Community\SDK\ScopeCppSDK\vc15\VC\include\yvals.h(156,1):
  see previous definition of '_MSVC_STL_VERSION'
  
C:\Program Files\Microsoft Visual Studio\2022\Community\VC\Tools\MSVC\14.39.33519\include\yvals_core.h(881,1): warning C4005: '_MSVC_STL_UPDATE': macro redefinition [c:\originalhr2\HoverRaceAI\NetTarget\VideoServices\VideoServices.vcxproj]
  (compiling source file 'StdAfx.cpp')
  C:\Program Files\Microsoft Visual Studio\2022\Community\SDK\ScopeCppSDK\vc15\VC\include\yvals.h(157,1):
  see previous definition of '_MSVC_STL_UPDATE'
  
C:\Program Files\Microsoft Visual Studio\2022\Community\VC\Tools\MSVC\14.39.33519\include\yvals_core.h(1000,1): warning C4005: '_DEPRECATE_TR1_NAMESPACE': macro redefinition [c:\originalhr2\HoverRaceAI\NetTarget\VideoServices\VideoServices.vcxproj]
  (compiling source file 'StdAfx.cpp')
  C:\Program Files\Microsoft Visual Studio\2022\Community\SDK\ScopeCppSDK\vc15\VC\include\yvals.h(247,1):
  see previous definition of '_DEPRECATE_TR1_NAMESPACE'
  
C:\Program Files\Microsoft Visual Studio\2022\Community\VC\Tools\MSVC\14.39.33519\include\yvals_core.h(1014,1): warning C4005: '_MISMATCHED_ALLOCATOR_MESSAGE': macro redefinition [c:\originalhr2\HoverRaceAI\NetTarget\VideoServices\VideoServices.vcxproj]
  (compiling source file 'StdAfx.cpp')
  C:\Program Files\Microsoft Visual Studio\2022\Community\SDK\ScopeCppSDK\vc15\VC\include\yvals.h(303,1):
  see previous definition of '_MISMATCHED_ALLOCATOR_MESSAGE'
  
  VideoBuffer.cpp
  _WIN32_WINNT not defined. Defaulting to _WIN32_WINNT_MAXVER (see WinSDKVer.h)
C:\Program Files\Microsoft Visual Studio\2022\Community\VC\Tools\MSVC\14.39.33519\include\yvals_core.h(880,1): warning C4005: '_MSVC_STL_VERSION': macro redefinition [c:\originalhr2\HoverRaceAI\NetTarget\VideoServices\VideoServices.vcxproj]
  (compiling source file 'VideoBuffer.cpp')
  C:\Program Files\Microsoft Visual Studio\2022\Community\SDK\ScopeCppSDK\vc15\VC\include\yvals.h(156,1):
  see previous definition of '_MSVC_STL_VERSION'
  
C:\Program Files\Microsoft Visual Studio\2022\Community\VC\Tools\MSVC\14.39.33519\include\yvals_core.h(881,1): warning C4005: '_MSVC_STL_UPDATE': macro redefinition [c:\originalhr2\HoverRaceAI\NetTarget\VideoServices\VideoServices.vcxproj]
  (compiling source file 'VideoBuffer.cpp')
  C:\Program Files\Microsoft Visual Studio\2022\Community\SDK\ScopeCppSDK\vc15\VC\include\yvals.h(157,1):
  see previous definition of '_MSVC_STL_UPDATE'
  
C:\Program Files\Microsoft Visual Studio\2022\Community\VC\Tools\MSVC\14.39.33519\include\yvals_core.h(1000,1): warning C4005: '_DEPRECATE_TR1_NAMESPACE': macro redefinition [c:\originalhr2\HoverRaceAI\NetTarget\VideoServices\VideoServices.vcxproj]
  (compiling source file 'VideoBuffer.cpp')
  C:\Program Files\Microsoft Visual Studio\2022\Community\SDK\ScopeCppSDK\vc15\VC\include\yvals.h(247,1):
  see previous definition of '_DEPRECATE_TR1_NAMESPACE'
  
C:\Program Files\Microsoft Visual Studio\2022\Community\VC\Tools\MSVC\14.39.33519\include\yvals_core.h(1014,1): warning C4005: '_MISMATCHED_ALLOCATOR_MESSAGE': macro redefinition [c:\originalhr2\HoverRaceAI\NetTarget\VideoServices\VideoServices.vcxproj]
  (compiling source file 'VideoBuffer.cpp')
  C:\Program Files\Microsoft Visual Studio\2022\Community\SDK\ScopeCppSDK\vc15\VC\include\yvals.h(303,1):
  see previous definition of '_MISMATCHED_ALLOCATOR_MESSAGE'
  
c:\originalhr2\HoverRaceAI\NetTarget\VideoServices\VideoBuffer.cpp(515,26): warning C4996: 'fopen': This function or variable may be unsafe. Consider using fopen_s instead. To disable deprecation, use _CRT_SECURE_NO_WARNINGS. See online help for details. [c:\originalhr2\HoverRaceAI\NetTarget\VideoServices\VideoServices.vcxproj]
c:\originalhr2\HoverRaceAI\NetTarget\VideoServices\VideoBuffer.cpp(693,20): warning C4996: 'fopen': This function or variable may be unsafe. Consider using fopen_s instead. To disable deprecation, use _CRT_SECURE_NO_WARNINGS. See online help for details. [c:\originalhr2\HoverRaceAI\NetTarget\VideoServices\VideoServices.vcxproj]
c:\originalhr2\HoverRaceAI\NetTarget\VideoServices\VideoBuffer.cpp(672,20): warning C4101: 'lReturnValue': unreferenced local variable [c:\originalhr2\HoverRaceAI\NetTarget\VideoServices\VideoServices.vcxproj]
c:\originalhr2\HoverRaceAI\NetTarget\VideoServices\VideoBuffer.cpp(673,20): warning C4101: 'lSurfaceDesc': unreferenced local variable [c:\originalhr2\HoverRaceAI\NetTarget\VideoServices\VideoServices.vcxproj]
c:\originalhr2\HoverRaceAI\NetTarget\VideoServices\VideoBuffer.cpp(1011,23): warning C4996: 'fopen': This function or variable may be unsafe. Consider using fopen_s instead. To disable deprecation, use _CRT_SECURE_NO_WARNINGS. See online help for details. [c:\originalhr2\HoverRaceAI\NetTarget\VideoServices\VideoServices.vcxproj]
c:\originalhr2\HoverRaceAI\NetTarget\VideoServices\VideoBuffer.cpp(1024,23): warning C4996: 'fopen': This function or variable may be unsafe. Consider using fopen_s instead. To disable deprecation, use _CRT_SECURE_NO_WARNINGS. See online help for details. [c:\originalhr2\HoverRaceAI\NetTarget\VideoServices\VideoServices.vcxproj]
c:\originalhr2\HoverRaceAI\NetTarget\VideoServices\VideoBuffer.cpp(1037,23): warning C4996: 'fopen': This function or variable may be unsafe. Consider using fopen_s instead. To disable deprecation, use _CRT_SECURE_NO_WARNINGS. See online help for details. [c:\originalhr2\HoverRaceAI\NetTarget\VideoServices\VideoServices.vcxproj]
c:\originalhr2\HoverRaceAI\NetTarget\VideoServices\VideoBuffer.cpp(1045,20): warning C4996: 'fopen': This function or variable may be unsafe. Consider using fopen_s instead. To disable deprecation, use _CRT_SECURE_NO_WARNINGS. See online help for details. [c:\originalhr2\HoverRaceAI\NetTarget\VideoServices\VideoServices.vcxproj]
c:\originalhr2\HoverRaceAI\NetTarget\VideoServices\VideoBuffer.cpp(1000,12): warning C4101: 'lErrorCode': unreferenced local variable [c:\originalhr2\HoverRaceAI\NetTarget\VideoServices\VideoServices.vcxproj]
c:\originalhr2\HoverRaceAI\NetTarget\VideoServices\VideoBuffer.cpp(1136,21): warning C4996: 'fopen': This function or variable may be unsafe. Consider using fopen_s instead. To disable deprecation, use _CRT_SECURE_NO_WARNINGS. See online help for details. [c:\originalhr2\HoverRaceAI\NetTarget\VideoServices\VideoServices.vcxproj]
c:\originalhr2\HoverRaceAI\NetTarget\VideoServices\VideoBuffer.cpp(1151,20): warning C4996: 'fopen': This function or variable may be unsafe. Consider using fopen_s instead. To disable deprecation, use _CRT_SECURE_NO_WARNINGS. See online help for details. [c:\originalhr2\HoverRaceAI\NetTarget\VideoServices\VideoServices.vcxproj]
c:\originalhr2\HoverRaceAI\NetTarget\VideoServices\VideoBuffer.cpp(1168,24): warning C4996: 'fopen': This function or variable may be unsafe. Consider using fopen_s instead. To disable deprecation, use _CRT_SECURE_NO_WARNINGS. See online help for details. [c:\originalhr2\HoverRaceAI\NetTarget\VideoServices\VideoServices.vcxproj]
c:\originalhr2\HoverRaceAI\NetTarget\VideoServices\VideoBuffer.cpp(1180,27): warning C4996: 'fopen': This function or variable may be unsafe. Consider using fopen_s instead. To disable deprecation, use _CRT_SECURE_NO_WARNINGS. See online help for details. [c:\originalhr2\HoverRaceAI\NetTarget\VideoServices\VideoServices.vcxproj]
c:\originalhr2\HoverRaceAI\NetTarget\VideoServices\VideoBuffer.cpp(1190,27): warning C4996: 'fopen': This function or variable may be unsafe. Consider using fopen_s instead. To disable deprecation, use _CRT_SECURE_NO_WARNINGS. See online help for details. [c:\originalhr2\HoverRaceAI\NetTarget\VideoServices\VideoServices.vcxproj]
c:\originalhr2\HoverRaceAI\NetTarget\VideoServices\VideoBuffer.cpp(1199,27): warning C4996: 'fopen': This function or variable may be unsafe. Consider using fopen_s instead. To disable deprecation, use _CRT_SECURE_NO_WARNINGS. See online help for details. [c:\originalhr2\HoverRaceAI\NetTarget\VideoServices\VideoServices.vcxproj]
  VideoBuffer2DDraw.cpp
  _WIN32_WINNT not defined. Defaulting to _WIN32_WINNT_MAXVER (see WinSDKVer.h)
C:\Program Files\Microsoft Visual Studio\2022\Community\VC\Tools\MSVC\14.39.33519\include\yvals_core.h(880,1): warning C4005: '_MSVC_STL_VERSION': macro redefinition [c:\originalhr2\HoverRaceAI\NetTarget\VideoServices\VideoServices.vcxproj]
  (compiling source file 'VideoBuffer2DDraw.cpp')
  C:\Program Files\Microsoft Visual Studio\2022\Community\SDK\ScopeCppSDK\vc15\VC\include\yvals.h(156,1):
  see previous definition of '_MSVC_STL_VERSION'
  
C:\Program Files\Microsoft Visual Studio\2022\Community\VC\Tools\MSVC\14.39.33519\include\yvals_core.h(881,1): warning C4005: '_MSVC_STL_UPDATE': macro redefinition [c:\originalhr2\HoverRaceAI\NetTarget\VideoServices\VideoServices.vcxproj]
  (compiling source file 'VideoBuffer2DDraw.cpp')
  C:\Program Files\Microsoft Visual Studio\2022\Community\SDK\ScopeCppSDK\vc15\VC\include\yvals.h(157,1):
  see previous definition of '_MSVC_STL_UPDATE'
  
C:\Program Files\Microsoft Visual Studio\2022\Community\VC\Tools\MSVC\14.39.33519\include\yvals_core.h(1000,1): warning C4005: '_DEPRECATE_TR1_NAMESPACE': macro redefinition [c:\originalhr2\HoverRaceAI\NetTarget\VideoServices\VideoServices.vcxproj]
  (compiling source file 'VideoBuffer2DDraw.cpp')
  C:\Program Files\Microsoft Visual Studio\2022\Community\SDK\ScopeCppSDK\vc15\VC\include\yvals.h(247,1):
  see previous definition of '_DEPRECATE_TR1_NAMESPACE'
  
C:\Program Files\Microsoft Visual Studio\2022\Community\VC\Tools\MSVC\14.39.33519\include\yvals_core.h(1014,1): warning C4005: '_MISMATCHED_ALLOCATOR_MESSAGE': macro redefinition [c:\originalhr2\HoverRaceAI\NetTarget\VideoServices\VideoServices.vcxproj]
  (compiling source file 'VideoBuffer2DDraw.cpp')
  C:\Program Files\Microsoft Visual Studio\2022\Community\SDK\ScopeCppSDK\vc15\VC\include\yvals.h(303,1):
  see previous definition of '_MISMATCHED_ALLOCATOR_MESSAGE'
  
  SDL2Graphics.cpp
c:\originalhr2\HoverRaceAI\NetTarget\GraphicsSDL2\SDL2Graphics.cpp(114,21): warning C4996: 'fopen': This function or variable may be unsafe. Consider using fopen_s instead. To disable deprecation, use _CRT_SECURE_NO_WARNINGS. See online help for details. [c:\originalhr2\HoverRaceAI\NetTarget\VideoServices\VideoServices.vcxproj]
c:\originalhr2\HoverRaceAI\NetTarget\GraphicsSDL2\SDL2Graphics.cpp(124,17): warning C4996: 'fopen': This function or variable may be unsafe. Consider using fopen_s instead. To disable deprecation, use _CRT_SECURE_NO_WARNINGS. See online help for details. [c:\originalhr2\HoverRaceAI\NetTarget\VideoServices\VideoServices.vcxproj]
c:\originalhr2\HoverRaceAI\NetTarget\GraphicsSDL2\SDL2Graphics.cpp(165,26): warning C4996: 'fopen': This function or variable may be unsafe. Consider using fopen_s instead. To disable deprecation, use _CRT_SECURE_NO_WARNINGS. See online help for details. [c:\originalhr2\HoverRaceAI\NetTarget\VideoServices\VideoServices.vcxproj]
c:\originalhr2\HoverRaceAI\NetTarget\GraphicsSDL2\SDL2Graphics.cpp(186,26): warning C4996: 'fopen': This function or variable may be unsafe. Consider using fopen_s instead. To disable deprecation, use _CRT_SECURE_NO_WARNINGS. See online help for details. [c:\originalhr2\HoverRaceAI\NetTarget\VideoServices\VideoServices.vcxproj]
c:\originalhr2\HoverRaceAI\NetTarget\GraphicsSDL2\SDL2Graphics.cpp(218,21): warning C4996: 'fopen': This function or variable may be unsafe. Consider using fopen_s instead. To disable deprecation, use _CRT_SECURE_NO_WARNINGS. See online help for details. [c:\originalhr2\HoverRaceAI\NetTarget\VideoServices\VideoServices.vcxproj]
c:\originalhr2\HoverRaceAI\NetTarget\GraphicsSDL2\SDL2Graphics.cpp(298,25): warning C4996: 'fopen': This function or variable may be unsafe. Consider using fopen_s instead. To disable deprecation, use _CRT_SECURE_NO_WARNINGS. See online help for details. [c:\originalhr2\HoverRaceAI\NetTarget\VideoServices\VideoServices.vcxproj]
  VideoBufferSDL2Adapter.cpp
  VideoBufferSDL2Integration.cpp
  _WIN32_WINNT not defined. Defaulting to _WIN32_WINNT_MAXVER (see WinSDKVer.h)
C:\Program Files\Microsoft Visual Studio\2022\Community\VC\Tools\MSVC\14.39.33519\include\yvals_core.h(880,1): warning C4005: '_MSVC_STL_VERSION': macro redefinition [c:\originalhr2\HoverRaceAI\NetTarget\VideoServices\VideoServices.vcxproj]
  (compiling source file 'VideoBufferSDL2Integration.cpp')
  C:\Program Files\Microsoft Visual Studio\2022\Community\SDK\ScopeCppSDK\vc15\VC\include\yvals.h(156,1):
  see previous definition of '_MSVC_STL_VERSION'
  
C:\Program Files\Microsoft Visual Studio\2022\Community\VC\Tools\MSVC\14.39.33519\include\yvals_core.h(881,1): warning C4005: '_MSVC_STL_UPDATE': macro redefinition [c:\originalhr2\HoverRaceAI\NetTarget\VideoServices\VideoServices.vcxproj]
  (compiling source file 'VideoBufferSDL2Integration.cpp')
  C:\Program Files\Microsoft Visual Studio\2022\Community\SDK\ScopeCppSDK\vc15\VC\include\yvals.h(157,1):
  see previous definition of '_MSVC_STL_UPDATE'
  
C:\Program Files\Microsoft Visual Studio\2022\Community\VC\Tools\MSVC\14.39.33519\include\yvals_core.h(1000,1): warning C4005: '_DEPRECATE_TR1_NAMESPACE': macro redefinition [c:\originalhr2\HoverRaceAI\NetTarget\VideoServices\VideoServices.vcxproj]
  (compiling source file 'VideoBufferSDL2Integration.cpp')
  C:\Program Files\Microsoft Visual Studio\2022\Community\SDK\ScopeCppSDK\vc15\VC\include\yvals.h(247,1):
  see previous definition of '_DEPRECATE_TR1_NAMESPACE'
  
C:\Program Files\Microsoft Visual Studio\2022\Community\VC\Tools\MSVC\14.39.33519\include\yvals_core.h(1014,1): warning C4005: '_MISMATCHED_ALLOCATOR_MESSAGE': macro redefinition [c:\originalhr2\HoverRaceAI\NetTarget\VideoServices\VideoServices.vcxproj]
  (compiling source file 'VideoBufferSDL2Integration.cpp')
  C:\Program Files\Microsoft Visual Studio\2022\Community\SDK\ScopeCppSDK\vc15\VC\include\yvals.h(303,1):
  see previous definition of '_MISMATCHED_ALLOCATOR_MESSAGE'
  
  alstub.cpp
c:\originalhr2\HoverRaceAI\OpenAL\alstub.cpp(26,15): warning C4996: 'fopen': This function or variable may be unsafe. Consider using fopen_s instead. To disable deprecation, use _CRT_SECURE_NO_WARNINGS. See online help for details. [c:\originalhr2\HoverRaceAI\NetTarget\VideoServices\VideoServices.vcxproj]
c:\originalhr2\HoverRaceAI\OpenAL\alstub.cpp(143,21): warning C4244: '=': conversion from 'int' to 'WORD', possible loss of data [c:\originalhr2\HoverRaceAI\NetTarget\VideoServices\VideoServices.vcxproj]
c:\originalhr2\HoverRaceAI\OpenAL\alstub.cpp(145,26): warning C4244: '=': conversion from 'int' to 'WORD', possible loss of data [c:\originalhr2\HoverRaceAI\NetTarget\VideoServices\VideoServices.vcxproj]
c:\originalhr2\HoverRaceAI\OpenAL\alstub.cpp(335,88): warning C4100: 'value3': unreferenced formal parameter [c:\originalhr2\HoverRaceAI\NetTarget\VideoServices\VideoServices.vcxproj]
c:\originalhr2\HoverRaceAI\OpenAL\alstub.cpp(335,72): warning C4100: 'value2': unreferenced formal parameter [c:\originalhr2\HoverRaceAI\NetTarget\VideoServices\VideoServices.vcxproj]
c:\originalhr2\HoverRaceAI\OpenAL\alstub.cpp(335,56): warning C4100: 'value1': unreferenced formal parameter [c:\originalhr2\HoverRaceAI\NetTarget\VideoServices\VideoServices.vcxproj]
c:\originalhr2\HoverRaceAI\OpenAL\alstub.cpp(335,41): warning C4100: 'param': unreferenced formal parameter [c:\originalhr2\HoverRaceAI\NetTarget\VideoServices\VideoServices.vcxproj]
c:\originalhr2\HoverRaceAI\OpenAL\alstub.cpp(335,26): warning C4100: 'source': unreferenced formal parameter [c:\originalhr2\HoverRaceAI\NetTarget\VideoServices\VideoServices.vcxproj]
c:\originalhr2\HoverRaceAI\OpenAL\alstub.cpp(524,41): warning C4100: 'devicename': unreferenced formal parameter [c:\originalhr2\HoverRaceAI\NetTarget\VideoServices\VideoServices.vcxproj]
c:\originalhr2\HoverRaceAI\OpenAL\alstub.cpp(535,38): warning C4100: 'device': unreferenced formal parameter [c:\originalhr2\HoverRaceAI\NetTarget\VideoServices\VideoServices.vcxproj]
c:\originalhr2\HoverRaceAI\OpenAL\alstub.cpp(544,63): warning C4100: 'attrlist': unreferenced formal parameter [c:\originalhr2\HoverRaceAI\NetTarget\VideoServices\VideoServices.vcxproj]
c:\originalhr2\HoverRaceAI\OpenAL\alstub.cpp(554,42): warning C4100: 'context': unreferenced formal parameter [c:\originalhr2\HoverRaceAI\NetTarget\VideoServices\VideoServices.vcxproj]
c:\originalhr2\HoverRaceAI\OpenAL\alstub.cpp(569,75): warning C4100: 'value3': unreferenced formal parameter [c:\originalhr2\HoverRaceAI\NetTarget\VideoServices\VideoServices.vcxproj]
c:\originalhr2\HoverRaceAI\OpenAL\alstub.cpp(569,59): warning C4100: 'value2': unreferenced formal parameter [c:\originalhr2\HoverRaceAI\NetTarget\VideoServices\VideoServices.vcxproj]
c:\originalhr2\HoverRaceAI\OpenAL\alstub.cpp(569,43): warning C4100: 'value1': unreferenced formal parameter [c:\originalhr2\HoverRaceAI\NetTarget\VideoServices\VideoServices.vcxproj]
c:\originalhr2\HoverRaceAI\OpenAL\alstub.cpp(569,28): warning C4100: 'param': unreferenced formal parameter [c:\originalhr2\HoverRaceAI\NetTarget\VideoServices\VideoServices.vcxproj]
c:\originalhr2\HoverRaceAI\OpenAL\alstub.cpp(570,50): warning C4100: 'values': unreferenced formal parameter [c:\originalhr2\HoverRaceAI\NetTarget\VideoServices\VideoServices.vcxproj]
c:\originalhr2\HoverRaceAI\OpenAL\alstub.cpp(570,28): warning C4100: 'param': unreferenced formal parameter [c:\originalhr2\HoverRaceAI\NetTarget\VideoServices\VideoServices.vcxproj]
c:\originalhr2\HoverRaceAI\OpenAL\alstub.cpp(571,42): warning C4100: 'value': unreferenced formal parameter [c:\originalhr2\HoverRaceAI\NetTarget\VideoServices\VideoServices.vcxproj]
c:\originalhr2\HoverRaceAI\OpenAL\alstub.cpp(571,27): warning C4100: 'param': unreferenced formal parameter [c:\originalhr2\HoverRaceAI\NetTarget\VideoServices\VideoServices.vcxproj]
c:\originalhr2\HoverRaceAI\OpenAL\alstub.cpp(572,40): warning C4100: 'value': unreferenced formal parameter [c:\originalhr2\HoverRaceAI\NetTarget\VideoServices\VideoServices.vcxproj]
c:\originalhr2\HoverRaceAI\OpenAL\alstub.cpp(572,27): warning C4100: 'param': unreferenced formal parameter [c:\originalhr2\HoverRaceAI\NetTarget\VideoServices\VideoServices.vcxproj]
c:\originalhr2\HoverRaceAI\OpenAL\alstub.cpp(573,69): warning C4100: 'value3': unreferenced formal parameter [c:\originalhr2\HoverRaceAI\NetTarget\VideoServices\VideoServices.vcxproj]
c:\originalhr2\HoverRaceAI\OpenAL\alstub.cpp(573,55): warning C4100: 'value2': unreferenced formal parameter [c:\originalhr2\HoverRaceAI\NetTarget\VideoServices\VideoServices.vcxproj]
c:\originalhr2\HoverRaceAI\OpenAL\alstub.cpp(573,41): warning C4100: 'value1': unreferenced formal parameter [c:\originalhr2\HoverRaceAI\NetTarget\VideoServices\VideoServices.vcxproj]
c:\originalhr2\HoverRaceAI\OpenAL\alstub.cpp(573,28): warning C4100: 'param': unreferenced formal parameter [c:\originalhr2\HoverRaceAI\NetTarget\VideoServices\VideoServices.vcxproj]
c:\originalhr2\HoverRaceAI\OpenAL\alstub.cpp(574,48): warning C4100: 'values': unreferenced formal parameter [c:\originalhr2\HoverRaceAI\NetTarget\VideoServices\VideoServices.vcxproj]
c:\originalhr2\HoverRaceAI\OpenAL\alstub.cpp(574,28): warning C4100: 'param': unreferenced formal parameter [c:\originalhr2\HoverRaceAI\NetTarget\VideoServices\VideoServices.vcxproj]
c:\originalhr2\HoverRaceAI\OpenAL\alstub.cpp(576,30): warning C4100: 'param': unreferenced formal parameter [c:\originalhr2\HoverRaceAI\NetTarget\VideoServices\VideoServices.vcxproj]
c:\originalhr2\HoverRaceAI\OpenAL\alstub.cpp(580,31): warning C4100: 'param': unreferenced formal parameter [c:\originalhr2\HoverRaceAI\NetTarget\VideoServices\VideoServices.vcxproj]
c:\originalhr2\HoverRaceAI\OpenAL\alstub.cpp(586,31): warning C4100: 'param': unreferenced formal parameter [c:\originalhr2\HoverRaceAI\NetTarget\VideoServices\VideoServices.vcxproj]
c:\originalhr2\HoverRaceAI\OpenAL\alstub.cpp(590,30): warning C4100: 'param': unreferenced formal parameter [c:\originalhr2\HoverRaceAI\NetTarget\VideoServices\VideoServices.vcxproj]
c:\originalhr2\HoverRaceAI\OpenAL\alstub.cpp(594,31): warning C4100: 'param': unreferenced formal parameter [c:\originalhr2\HoverRaceAI\NetTarget\VideoServices\VideoServices.vcxproj]
c:\originalhr2\HoverRaceAI\OpenAL\alstub.cpp(600,31): warning C4100: 'param': unreferenced formal parameter [c:\originalhr2\HoverRaceAI\NetTarget\VideoServices\VideoServices.vcxproj]
c:\originalhr2\HoverRaceAI\OpenAL\alstub.cpp(605,47): warning C4100: 'sources': unreferenced formal parameter [c:\originalhr2\HoverRaceAI\NetTarget\VideoServices\VideoServices.vcxproj]
c:\originalhr2\HoverRaceAI\OpenAL\alstub.cpp(605,30): warning C4100: 'n': unreferenced formal parameter [c:\originalhr2\HoverRaceAI\NetTarget\VideoServices\VideoServices.vcxproj]
c:\originalhr2\HoverRaceAI\OpenAL\alstub.cpp(606,47): warning C4100: 'sources': unreferenced formal parameter [c:\originalhr2\HoverRaceAI\NetTarget\VideoServices\VideoServices.vcxproj]
c:\originalhr2\HoverRaceAI\OpenAL\alstub.cpp(606,30): warning C4100: 'n': unreferenced formal parameter [c:\originalhr2\HoverRaceAI\NetTarget\VideoServices\VideoServices.vcxproj]
c:\originalhr2\HoverRaceAI\OpenAL\alstub.cpp(607,49): warning C4100: 'sources': unreferenced formal parameter [c:\originalhr2\HoverRaceAI\NetTarget\VideoServices\VideoServices.vcxproj]
c:\originalhr2\HoverRaceAI\OpenAL\alstub.cpp(607,32): warning C4100: 'n': unreferenced formal parameter [c:\originalhr2\HoverRaceAI\NetTarget\VideoServices\VideoServices.vcxproj]
c:\originalhr2\HoverRaceAI\OpenAL\alstub.cpp(608,48): warning C4100: 'sources': unreferenced formal parameter [c:\originalhr2\HoverRaceAI\NetTarget\VideoServices\VideoServices.vcxproj]
c:\originalhr2\HoverRaceAI\OpenAL\alstub.cpp(608,31): warning C4100: 'n': unreferenced formal parameter [c:\originalhr2\HoverRaceAI\NetTarget\VideoServices\VideoServices.vcxproj]
c:\originalhr2\HoverRaceAI\OpenAL\alstub.cpp(609,70): warning C4100: 'buffers': unreferenced formal parameter [c:\originalhr2\HoverRaceAI\NetTarget\VideoServices\VideoServices.vcxproj]
c:\originalhr2\HoverRaceAI\OpenAL\alstub.cpp(609,52): warning C4100: 'nb': unreferenced formal parameter [c:\originalhr2\HoverRaceAI\NetTarget\VideoServices\VideoServices.vcxproj]
c:\originalhr2\HoverRaceAI\OpenAL\alstub.cpp(609,36): warning C4100: 'source': unreferenced formal parameter [c:\originalhr2\HoverRaceAI\NetTarget\VideoServices\VideoServices.vcxproj]
c:\originalhr2\HoverRaceAI\OpenAL\alstub.cpp(610,66): warning C4100: 'buffers': unreferenced formal parameter [c:\originalhr2\HoverRaceAI\NetTarget\VideoServices\VideoServices.vcxproj]
c:\originalhr2\HoverRaceAI\OpenAL\alstub.cpp(610,54): warning C4100: 'nb': unreferenced formal parameter [c:\originalhr2\HoverRaceAI\NetTarget\VideoServices\VideoServices.vcxproj]
c:\originalhr2\HoverRaceAI\OpenAL\alstub.cpp(610,38): warning C4100: 'source': unreferenced formal parameter [c:\originalhr2\HoverRaceAI\NetTarget\VideoServices\VideoServices.vcxproj]
c:\originalhr2\HoverRaceAI\OpenAL\alstub.cpp(612,43): warning C4100: 'param': unreferenced formal parameter [c:\originalhr2\HoverRaceAI\NetTarget\VideoServices\VideoServices.vcxproj]
c:\originalhr2\HoverRaceAI\OpenAL\alstub.cpp(612,28): warning C4100: 'source': unreferenced formal parameter [c:\originalhr2\HoverRaceAI\NetTarget\VideoServices\VideoServices.vcxproj]
c:\originalhr2\HoverRaceAI\OpenAL\alstub.cpp(613,86): warning C4100: 'v3': unreferenced formal parameter [c:\originalhr2\HoverRaceAI\NetTarget\VideoServices\VideoServices.vcxproj]
c:\originalhr2\HoverRaceAI\OpenAL\alstub.cpp(613,73): warning C4100: 'v2': unreferenced formal parameter [c:\originalhr2\HoverRaceAI\NetTarget\VideoServices\VideoServices.vcxproj]
c:\originalhr2\HoverRaceAI\OpenAL\alstub.cpp(613,60): warning C4100: 'v1': unreferenced formal parameter [c:\originalhr2\HoverRaceAI\NetTarget\VideoServices\VideoServices.vcxproj]
c:\originalhr2\HoverRaceAI\OpenAL\alstub.cpp(613,44): warning C4100: 'param': unreferenced formal parameter [c:\originalhr2\HoverRaceAI\NetTarget\VideoServices\VideoServices.vcxproj]
c:\originalhr2\HoverRaceAI\OpenAL\alstub.cpp(613,29): warning C4100: 'source': unreferenced formal parameter [c:\originalhr2\HoverRaceAI\NetTarget\VideoServices\VideoServices.vcxproj]
c:\originalhr2\HoverRaceAI\OpenAL\alstub.cpp(614,60): warning C4100: 'values': unreferenced formal parameter [c:\originalhr2\HoverRaceAI\NetTarget\VideoServices\VideoServices.vcxproj]
c:\originalhr2\HoverRaceAI\OpenAL\alstub.cpp(614,44): warning C4100: 'param': unreferenced formal parameter [c:\originalhr2\HoverRaceAI\NetTarget\VideoServices\VideoServices.vcxproj]
c:\originalhr2\HoverRaceAI\OpenAL\alstub.cpp(614,29): warning C4100: 'source': unreferenced formal parameter [c:\originalhr2\HoverRaceAI\NetTarget\VideoServices\VideoServices.vcxproj]
c:\originalhr2\HoverRaceAI\OpenAL\alstub.cpp(690,80): warning C4100: 'v3': unreferenced formal parameter [c:\originalhr2\HoverRaceAI\NetTarget\VideoServices\VideoServices.vcxproj]
c:\originalhr2\HoverRaceAI\OpenAL\alstub.cpp(690,69): warning C4100: 'v2': unreferenced formal parameter [c:\originalhr2\HoverRaceAI\NetTarget\VideoServices\VideoServices.vcxproj]
c:\originalhr2\HoverRaceAI\OpenAL\alstub.cpp(690,58): warning C4100: 'v1': unreferenced formal parameter [c:\originalhr2\HoverRaceAI\NetTarget\VideoServices\VideoServices.vcxproj]
c:\originalhr2\HoverRaceAI\OpenAL\alstub.cpp(690,44): warning C4100: 'param': unreferenced formal parameter [c:\originalhr2\HoverRaceAI\NetTarget\VideoServices\VideoServices.vcxproj]
c:\originalhr2\HoverRaceAI\OpenAL\alstub.cpp(690,29): warning C4100: 'source': unreferenced formal parameter [c:\originalhr2\HoverRaceAI\NetTarget\VideoServices\VideoServices.vcxproj]
c:\originalhr2\HoverRaceAI\OpenAL\alstub.cpp(691,58): warning C4100: 'values': unreferenced formal parameter [c:\originalhr2\HoverRaceAI\NetTarget\VideoServices\VideoServices.vcxproj]
c:\originalhr2\HoverRaceAI\OpenAL\alstub.cpp(691,44): warning C4100: 'param': unreferenced formal parameter [c:\originalhr2\HoverRaceAI\NetTarget\VideoServices\VideoServices.vcxproj]
c:\originalhr2\HoverRaceAI\OpenAL\alstub.cpp(691,29): warning C4100: 'source': unreferenced formal parameter [c:\originalhr2\HoverRaceAI\NetTarget\VideoServices\VideoServices.vcxproj]
c:\originalhr2\HoverRaceAI\OpenAL\alstub.cpp(693,55): warning C4100: 'value': unreferenced formal parameter [c:\originalhr2\HoverRaceAI\NetTarget\VideoServices\VideoServices.vcxproj]
c:\originalhr2\HoverRaceAI\OpenAL\alstub.cpp(693,40): warning C4100: 'param': unreferenced formal parameter [c:\originalhr2\HoverRaceAI\NetTarget\VideoServices\VideoServices.vcxproj]
c:\originalhr2\HoverRaceAI\OpenAL\alstub.cpp(693,25): warning C4100: 'buffer': unreferenced formal parameter [c:\originalhr2\HoverRaceAI\NetTarget\VideoServices\VideoServices.vcxproj]
c:\originalhr2\HoverRaceAI\OpenAL\alstub.cpp(694,88): warning C4100: 'value3': unreferenced formal parameter [c:\originalhr2\HoverRaceAI\NetTarget\VideoServices\VideoServices.vcxproj]
c:\originalhr2\HoverRaceAI\OpenAL\alstub.cpp(694,72): warning C4100: 'value2': unreferenced formal parameter [c:\originalhr2\HoverRaceAI\NetTarget\VideoServices\VideoServices.vcxproj]
c:\originalhr2\HoverRaceAI\OpenAL\alstub.cpp(694,56): warning C4100: 'value1': unreferenced formal parameter [c:\originalhr2\HoverRaceAI\NetTarget\VideoServices\VideoServices.vcxproj]
c:\originalhr2\HoverRaceAI\OpenAL\alstub.cpp(694,41): warning C4100: 'param': unreferenced formal parameter [c:\originalhr2\HoverRaceAI\NetTarget\VideoServices\VideoServices.vcxproj]
c:\originalhr2\HoverRaceAI\OpenAL\alstub.cpp(694,26): warning C4100: 'buffer': unreferenced formal parameter [c:\originalhr2\HoverRaceAI\NetTarget\VideoServices\VideoServices.vcxproj]
c:\originalhr2\HoverRaceAI\OpenAL\alstub.cpp(695,63): warning C4100: 'values': unreferenced formal parameter [c:\originalhr2\HoverRaceAI\NetTarget\VideoServices\VideoServices.vcxproj]
c:\originalhr2\HoverRaceAI\OpenAL\alstub.cpp(695,41): warning C4100: 'param': unreferenced formal parameter [c:\originalhr2\HoverRaceAI\NetTarget\VideoServices\VideoServices.vcxproj]
c:\originalhr2\HoverRaceAI\OpenAL\alstub.cpp(695,26): warning C4100: 'buffer': unreferenced formal parameter [c:\originalhr2\HoverRaceAI\NetTarget\VideoServices\VideoServices.vcxproj]
c:\originalhr2\HoverRaceAI\OpenAL\alstub.cpp(696,53): warning C4100: 'value': unreferenced formal parameter [c:\originalhr2\HoverRaceAI\NetTarget\VideoServices\VideoServices.vcxproj]
c:\originalhr2\HoverRaceAI\OpenAL\alstub.cpp(696,40): warning C4100: 'param': unreferenced formal parameter [c:\originalhr2\HoverRaceAI\NetTarget\VideoServices\VideoServices.vcxproj]
c:\originalhr2\HoverRaceAI\OpenAL\alstub.cpp(696,25): warning C4100: 'buffer': unreferenced formal parameter [c:\originalhr2\HoverRaceAI\NetTarget\VideoServices\VideoServices.vcxproj]
c:\originalhr2\HoverRaceAI\OpenAL\alstub.cpp(697,82): warning C4100: 'value3': unreferenced formal parameter [c:\originalhr2\HoverRaceAI\NetTarget\VideoServices\VideoServices.vcxproj]
c:\originalhr2\HoverRaceAI\OpenAL\alstub.cpp(697,68): warning C4100: 'value2': unreferenced formal parameter [c:\originalhr2\HoverRaceAI\NetTarget\VideoServices\VideoServices.vcxproj]
c:\originalhr2\HoverRaceAI\OpenAL\alstub.cpp(697,54): warning C4100: 'value1': unreferenced formal parameter [c:\originalhr2\HoverRaceAI\NetTarget\VideoServices\VideoServices.vcxproj]
c:\originalhr2\HoverRaceAI\OpenAL\alstub.cpp(697,41): warning C4100: 'param': unreferenced formal parameter [c:\originalhr2\HoverRaceAI\NetTarget\VideoServices\VideoServices.vcxproj]
c:\originalhr2\HoverRaceAI\OpenAL\alstub.cpp(697,26): warning C4100: 'buffer': unreferenced formal parameter [c:\originalhr2\HoverRaceAI\NetTarget\VideoServices\VideoServices.vcxproj]
c:\originalhr2\HoverRaceAI\OpenAL\alstub.cpp(698,61): warning C4100: 'values': unreferenced formal parameter [c:\originalhr2\HoverRaceAI\NetTarget\VideoServices\VideoServices.vcxproj]
c:\originalhr2\HoverRaceAI\OpenAL\alstub.cpp(698,41): warning C4100: 'param': unreferenced formal parameter [c:\originalhr2\HoverRaceAI\NetTarget\VideoServices\VideoServices.vcxproj]
c:\originalhr2\HoverRaceAI\OpenAL\alstub.cpp(698,26): warning C4100: 'buffer': unreferenced formal parameter [c:\originalhr2\HoverRaceAI\NetTarget\VideoServices\VideoServices.vcxproj]
c:\originalhr2\HoverRaceAI\OpenAL\alstub.cpp(700,59): warning C4100: 'value': unreferenced formal parameter [c:\originalhr2\HoverRaceAI\NetTarget\VideoServices\VideoServices.vcxproj]
c:\originalhr2\HoverRaceAI\OpenAL\alstub.cpp(700,43): warning C4100: 'param': unreferenced formal parameter [c:\originalhr2\HoverRaceAI\NetTarget\VideoServices\VideoServices.vcxproj]
c:\originalhr2\HoverRaceAI\OpenAL\alstub.cpp(700,28): warning C4100: 'buffer': unreferenced formal parameter [c:\originalhr2\HoverRaceAI\NetTarget\VideoServices\VideoServices.vcxproj]
c:\originalhr2\HoverRaceAI\OpenAL\alstub.cpp(701,94): warning C4100: 'value3': unreferenced formal parameter [c:\originalhr2\HoverRaceAI\NetTarget\VideoServices\VideoServices.vcxproj]
c:\originalhr2\HoverRaceAI\OpenAL\alstub.cpp(701,77): warning C4100: 'value2': unreferenced formal parameter [c:\originalhr2\HoverRaceAI\NetTarget\VideoServices\VideoServices.vcxproj]
c:\originalhr2\HoverRaceAI\OpenAL\alstub.cpp(701,60): warning C4100: 'value1': unreferenced formal parameter [c:\originalhr2\HoverRaceAI\NetTarget\VideoServices\VideoServices.vcxproj]
c:\originalhr2\HoverRaceAI\OpenAL\alstub.cpp(701,44): warning C4100: 'param': unreferenced formal parameter [c:\originalhr2\HoverRaceAI\NetTarget\VideoServices\VideoServices.vcxproj]
c:\originalhr2\HoverRaceAI\OpenAL\alstub.cpp(701,29): warning C4100: 'buffer': unreferenced formal parameter [c:\originalhr2\HoverRaceAI\NetTarget\VideoServices\VideoServices.vcxproj]
c:\originalhr2\HoverRaceAI\OpenAL\alstub.cpp(702,60): warning C4100: 'values': unreferenced formal parameter [c:\originalhr2\HoverRaceAI\NetTarget\VideoServices\VideoServices.vcxproj]
c:\originalhr2\HoverRaceAI\OpenAL\alstub.cpp(702,44): warning C4100: 'param': unreferenced formal parameter [c:\originalhr2\HoverRaceAI\NetTarget\VideoServices\VideoServices.vcxproj]
c:\originalhr2\HoverRaceAI\OpenAL\alstub.cpp(702,29): warning C4100: 'buffer': unreferenced formal parameter [c:\originalhr2\HoverRaceAI\NetTarget\VideoServices\VideoServices.vcxproj]
c:\originalhr2\HoverRaceAI\OpenAL\alstub.cpp(703,57): warning C4100: 'value': unreferenced formal parameter [c:\originalhr2\HoverRaceAI\NetTarget\VideoServices\VideoServices.vcxproj]
c:\originalhr2\HoverRaceAI\OpenAL\alstub.cpp(703,43): warning C4100: 'param': unreferenced formal parameter [c:\originalhr2\HoverRaceAI\NetTarget\VideoServices\VideoServices.vcxproj]
c:\originalhr2\HoverRaceAI\OpenAL\alstub.cpp(703,28): warning C4100: 'buffer': unreferenced formal parameter [c:\originalhr2\HoverRaceAI\NetTarget\VideoServices\VideoServices.vcxproj]
c:\originalhr2\HoverRaceAI\OpenAL\alstub.cpp(704,88): warning C4100: 'value3': unreferenced formal parameter [c:\originalhr2\HoverRaceAI\NetTarget\VideoServices\VideoServices.vcxproj]
c:\originalhr2\HoverRaceAI\OpenAL\alstub.cpp(704,73): warning C4100: 'value2': unreferenced formal parameter [c:\originalhr2\HoverRaceAI\NetTarget\VideoServices\VideoServices.vcxproj]
c:\originalhr2\HoverRaceAI\OpenAL\alstub.cpp(704,58): warning C4100: 'value1': unreferenced formal parameter [c:\originalhr2\HoverRaceAI\NetTarget\VideoServices\VideoServices.vcxproj]
c:\originalhr2\HoverRaceAI\OpenAL\alstub.cpp(704,44): warning C4100: 'param': unreferenced formal parameter [c:\originalhr2\HoverRaceAI\NetTarget\VideoServices\VideoServices.vcxproj]
c:\originalhr2\HoverRaceAI\OpenAL\alstub.cpp(704,29): warning C4100: 'buffer': unreferenced formal parameter [c:\originalhr2\HoverRaceAI\NetTarget\VideoServices\VideoServices.vcxproj]
c:\originalhr2\HoverRaceAI\OpenAL\alstub.cpp(705,58): warning C4100: 'values': unreferenced formal parameter [c:\originalhr2\HoverRaceAI\NetTarget\VideoServices\VideoServices.vcxproj]
c:\originalhr2\HoverRaceAI\OpenAL\alstub.cpp(705,44): warning C4100: 'param': unreferenced formal parameter [c:\originalhr2\HoverRaceAI\NetTarget\VideoServices\VideoServices.vcxproj]
c:\originalhr2\HoverRaceAI\OpenAL\alstub.cpp(705,29): warning C4100: 'buffer': unreferenced formal parameter [c:\originalhr2\HoverRaceAI\NetTarget\VideoServices\VideoServices.vcxproj]
c:\originalhr2\HoverRaceAI\OpenAL\alstub.cpp(708,68): warning C4100: 'extname': unreferenced formal parameter [c:\originalhr2\HoverRaceAI\NetTarget\VideoServices\VideoServices.vcxproj]
c:\originalhr2\HoverRaceAI\OpenAL\alstub.cpp(708,45): warning C4100: 'device': unreferenced formal parameter [c:\originalhr2\HoverRaceAI\NetTarget\VideoServices\VideoServices.vcxproj]
c:\originalhr2\HoverRaceAI\OpenAL\alstub.cpp(709,62): warning C4100: 'funcname': unreferenced formal parameter [c:\originalhr2\HoverRaceAI\NetTarget\VideoServices\VideoServices.vcxproj]
c:\originalhr2\HoverRaceAI\OpenAL\alstub.cpp(709,39): warning C4100: 'device': unreferenced formal parameter [c:\originalhr2\HoverRaceAI\NetTarget\VideoServices\VideoServices.vcxproj]
c:\originalhr2\HoverRaceAI\OpenAL\alstub.cpp(710,59): warning C4100: 'enumname': unreferenced formal parameter [c:\originalhr2\HoverRaceAI\NetTarget\VideoServices\VideoServices.vcxproj]
c:\originalhr2\HoverRaceAI\OpenAL\alstub.cpp(710,36): warning C4100: 'device': unreferenced formal parameter [c:\originalhr2\HoverRaceAI\NetTarget\VideoServices\VideoServices.vcxproj]
c:\originalhr2\HoverRaceAI\OpenAL\alstub.cpp(711,56): warning C4100: 'param': unreferenced formal parameter [c:\originalhr2\HoverRaceAI\NetTarget\VideoServices\VideoServices.vcxproj]
c:\originalhr2\HoverRaceAI\OpenAL\alstub.cpp(711,40): warning C4100: 'device': unreferenced formal parameter [c:\originalhr2\HoverRaceAI\NetTarget\VideoServices\VideoServices.vcxproj]
c:\originalhr2\HoverRaceAI\OpenAL\alstub.cpp(712,81): warning C4100: 'dest': unreferenced formal parameter [c:\originalhr2\HoverRaceAI\NetTarget\VideoServices\VideoServices.vcxproj]
c:\originalhr2\HoverRaceAI\OpenAL\alstub.cpp(712,67): warning C4100: 'size': unreferenced formal parameter [c:\originalhr2\HoverRaceAI\NetTarget\VideoServices\VideoServices.vcxproj]
c:\originalhr2\HoverRaceAI\OpenAL\alstub.cpp(712,51): warning C4100: 'param': unreferenced formal parameter [c:\originalhr2\HoverRaceAI\NetTarget\VideoServices\VideoServices.vcxproj]
c:\originalhr2\HoverRaceAI\OpenAL\alstub.cpp(712,35): warning C4100: 'device': unreferenced formal parameter [c:\originalhr2\HoverRaceAI\NetTarget\VideoServices\VideoServices.vcxproj]
c:\originalhr2\HoverRaceAI\OpenAL\alstub.cpp(713,32): warning C4100: 'device': unreferenced formal parameter [c:\originalhr2\HoverRaceAI\NetTarget\VideoServices\VideoServices.vcxproj]
c:\originalhr2\HoverRaceAI\OpenAL\alstub.cpp(714,39): warning C4100: 'context': unreferenced formal parameter [c:\originalhr2\HoverRaceAI\NetTarget\VideoServices\VideoServices.vcxproj]
c:\originalhr2\HoverRaceAI\OpenAL\alstub.cpp(716,45): warning C4100: 'context': unreferenced formal parameter [c:\originalhr2\HoverRaceAI\NetTarget\VideoServices\VideoServices.vcxproj]
c:\originalhr2\HoverRaceAI\OpenAL\alstub.cpp(78,14): warning C4505: 'dbToGain': unreferenced function with internal linkage has been removed [c:\originalhr2\HoverRaceAI\NetTarget\VideoServices\VideoServices.vcxproj]
  RenderingEngine.cpp
  _WIN32_WINNT not defined. Defaulting to _WIN32_WINNT_MAXVER (see WinSDKVer.h)
C:\Program Files\Microsoft Visual Studio\2022\Community\VC\Tools\MSVC\14.39.33519\include\yvals_core.h(880,1): warning C4005: '_MSVC_STL_VERSION': macro redefinition [c:\originalhr2\HoverRaceAI\NetTarget\VideoServices\VideoServices.vcxproj]
  (compiling source file 'RenderingEngine.cpp')
  C:\Program Files\Microsoft Visual Studio\2022\Community\SDK\ScopeCppSDK\vc15\VC\include\yvals.h(156,1):
  see previous definition of '_MSVC_STL_VERSION'
  
C:\Program Files\Microsoft Visual Studio\2022\Community\VC\Tools\MSVC\14.39.33519\include\yvals_core.h(881,1): warning C4005: '_MSVC_STL_UPDATE': macro redefinition [c:\originalhr2\HoverRaceAI\NetTarget\VideoServices\VideoServices.vcxproj]
  (compiling source file 'RenderingEngine.cpp')
  C:\Program Files\Microsoft Visual Studio\2022\Community\SDK\ScopeCppSDK\vc15\VC\include\yvals.h(157,1):
  see previous definition of '_MSVC_STL_UPDATE'
  
C:\Program Files\Microsoft Visual Studio\2022\Community\VC\Tools\MSVC\14.39.33519\include\yvals_core.h(1000,1): warning C4005: '_DEPRECATE_TR1_NAMESPACE': macro redefinition [c:\originalhr2\HoverRaceAI\NetTarget\VideoServices\VideoServices.vcxproj]
  (compiling source file 'RenderingEngine.cpp')
  C:\Program Files\Microsoft Visual Studio\2022\Community\SDK\ScopeCppSDK\vc15\VC\include\yvals.h(247,1):
  see previous definition of '_DEPRECATE_TR1_NAMESPACE'
  
C:\Program Files\Microsoft Visual Studio\2022\Community\VC\Tools\MSVC\14.39.33519\include\yvals_core.h(1014,1): warning C4005: '_MISMATCHED_ALLOCATOR_MESSAGE': macro redefinition [c:\originalhr2\HoverRaceAI\NetTarget\VideoServices\VideoServices.vcxproj]
  (compiling source file 'RenderingEngine.cpp')
  C:\Program Files\Microsoft Visual Studio\2022\Community\SDK\ScopeCppSDK\vc15\VC\include\yvals.h(303,1):
  see previous definition of '_MISMATCHED_ALLOCATOR_MESSAGE'
  
  GraphicsUtilities.cpp
  _WIN32_WINNT not defined. Defaulting to _WIN32_WINNT_MAXVER (see WinSDKVer.h)
C:\Program Files\Microsoft Visual Studio\2022\Community\VC\Tools\MSVC\14.39.33519\include\yvals_core.h(880,1): warning C4005: '_MSVC_STL_VERSION': macro redefinition [c:\originalhr2\HoverRaceAI\NetTarget\VideoServices\VideoServices.vcxproj]
  (compiling source file 'GraphicsUtilities.cpp')
  C:\Program Files\Microsoft Visual Studio\2022\Community\SDK\ScopeCppSDK\vc15\VC\include\yvals.h(156,1):
  see previous definition of '_MSVC_STL_VERSION'
  
C:\Program Files\Microsoft Visual Studio\2022\Community\VC\Tools\MSVC\14.39.33519\include\yvals_core.h(881,1): warning C4005: '_MSVC_STL_UPDATE': macro redefinition [c:\originalhr2\HoverRaceAI\NetTarget\VideoServices\VideoServices.vcxproj]
  (compiling source file 'GraphicsUtilities.cpp')
  C:\Program Files\Microsoft Visual Studio\2022\Community\SDK\ScopeCppSDK\vc15\VC\include\yvals.h(157,1):
  see previous definition of '_MSVC_STL_UPDATE'
  
C:\Program Files\Microsoft Visual Studio\2022\Community\VC\Tools\MSVC\14.39.33519\include\yvals_core.h(1000,1): warning C4005: '_DEPRECATE_TR1_NAMESPACE': macro redefinition [c:\originalhr2\HoverRaceAI\NetTarget\VideoServices\VideoServices.vcxproj]
  (compiling source file 'GraphicsUtilities.cpp')
  C:\Program Files\Microsoft Visual Studio\2022\Community\SDK\ScopeCppSDK\vc15\VC\include\yvals.h(247,1):
  see previous definition of '_DEPRECATE_TR1_NAMESPACE'
  
C:\Program Files\Microsoft Visual Studio\2022\Community\VC\Tools\MSVC\14.39.33519\include\yvals_core.h(1014,1): warning C4005: '_MISMATCHED_ALLOCATOR_MESSAGE': macro redefinition [c:\originalhr2\HoverRaceAI\NetTarget\VideoServices\VideoServices.vcxproj]
  (compiling source file 'GraphicsUtilities.cpp')
  C:\Program Files\Microsoft Visual Studio\2022\Community\SDK\ScopeCppSDK\vc15\VC\include\yvals.h(303,1):
  see previous definition of '_MISMATCHED_ALLOCATOR_MESSAGE'
  
  ModernVideoBuffer.cpp
  _WIN32_WINNT not defined. Defaulting to _WIN32_WINNT_MAXVER (see WinSDKVer.h)
C:\Program Files\Microsoft Visual Studio\2022\Community\VC\Tools\MSVC\14.39.33519\include\yvals_core.h(880,1): warning C4005: '_MSVC_STL_VERSION': macro redefinition [c:\originalhr2\HoverRaceAI\NetTarget\VideoServices\VideoServices.vcxproj]
  (compiling source file 'ModernVideoBuffer.cpp')
  C:\Program Files\Microsoft Visual Studio\2022\Community\SDK\ScopeCppSDK\vc15\VC\include\yvals.h(156,1):
  see previous definition of '_MSVC_STL_VERSION'
  
C:\Program Files\Microsoft Visual Studio\2022\Community\VC\Tools\MSVC\14.39.33519\include\yvals_core.h(881,1): warning C4005: '_MSVC_STL_UPDATE': macro redefinition [c:\originalhr2\HoverRaceAI\NetTarget\VideoServices\VideoServices.vcxproj]
  (compiling source file 'ModernVideoBuffer.cpp')
  C:\Program Files\Microsoft Visual Studio\2022\Community\SDK\ScopeCppSDK\vc15\VC\include\yvals.h(157,1):
  see previous definition of '_MSVC_STL_UPDATE'
  
C:\Program Files\Microsoft Visual Studio\2022\Community\VC\Tools\MSVC\14.39.33519\include\yvals_core.h(1000,1): warning C4005: '_DEPRECATE_TR1_NAMESPACE': macro redefinition [c:\originalhr2\HoverRaceAI\NetTarget\VideoServices\VideoServices.vcxproj]
  (compiling source file 'ModernVideoBuffer.cpp')
  C:\Program Files\Microsoft Visual Studio\2022\Community\SDK\ScopeCppSDK\vc15\VC\include\yvals.h(247,1):
  see previous definition of '_DEPRECATE_TR1_NAMESPACE'
  
C:\Program Files\Microsoft Visual Studio\2022\Community\VC\Tools\MSVC\14.39.33519\include\yvals_core.h(1014,1): warning C4005: '_MISMATCHED_ALLOCATOR_MESSAGE': macro redefinition [c:\originalhr2\HoverRaceAI\NetTarget\VideoServices\VideoServices.vcxproj]
  (compiling source file 'ModernVideoBuffer.cpp')
  C:\Program Files\Microsoft Visual Studio\2022\Community\SDK\ScopeCppSDK\vc15\VC\include\yvals.h(303,1):
  see previous definition of '_MISMATCHED_ALLOCATOR_MESSAGE'
  
  ModernRenderer.cpp
  _WIN32_WINNT not defined. Defaulting to _WIN32_WINNT_MAXVER (see WinSDKVer.h)
C:\Program Files\Microsoft Visual Studio\2022\Community\VC\Tools\MSVC\14.39.33519\include\yvals_core.h(880,1): warning C4005: '_MSVC_STL_VERSION': macro redefinition [c:\originalhr2\HoverRaceAI\NetTarget\VideoServices\VideoServices.vcxproj]
  (compiling source file 'ModernRenderer.cpp')
  C:\Program Files\Microsoft Visual Studio\2022\Community\SDK\ScopeCppSDK\vc15\VC\include\yvals.h(156,1):
  see previous definition of '_MSVC_STL_VERSION'
  
C:\Program Files\Microsoft Visual Studio\2022\Community\VC\Tools\MSVC\14.39.33519\include\yvals_core.h(881,1): warning C4005: '_MSVC_STL_UPDATE': macro redefinition [c:\originalhr2\HoverRaceAI\NetTarget\VideoServices\VideoServices.vcxproj]
  (compiling source file 'ModernRenderer.cpp')
  C:\Program Files\Microsoft Visual Studio\2022\Community\SDK\ScopeCppSDK\vc15\VC\include\yvals.h(157,1):
  see previous definition of '_MSVC_STL_UPDATE'
  
C:\Program Files\Microsoft Visual Studio\2022\Community\VC\Tools\MSVC\14.39.33519\include\yvals_core.h(1000,1): warning C4005: '_DEPRECATE_TR1_NAMESPACE': macro redefinition [c:\originalhr2\HoverRaceAI\NetTarget\VideoServices\VideoServices.vcxproj]
  (compiling source file 'ModernRenderer.cpp')
  C:\Program Files\Microsoft Visual Studio\2022\Community\SDK\ScopeCppSDK\vc15\VC\include\yvals.h(247,1):
  see previous definition of '_DEPRECATE_TR1_NAMESPACE'
  
C:\Program Files\Microsoft Visual Studio\2022\Community\VC\Tools\MSVC\14.39.33519\include\yvals_core.h(1014,1): warning C4005: '_MISMATCHED_ALLOCATOR_MESSAGE': macro redefinition [c:\originalhr2\HoverRaceAI\NetTarget\VideoServices\VideoServices.vcxproj]
  (compiling source file 'ModernRenderer.cpp')
  C:\Program Files\Microsoft Visual Studio\2022\Community\SDK\ScopeCppSDK\vc15\VC\include\yvals.h(303,1):
  see previous definition of '_MISMATCHED_ALLOCATOR_MESSAGE'
  
c:\originalhr2\HoverRaceAI\NetTarget\VideoServices\ModernRenderer.cpp(88,43): warning C4100: 'pAlpha': unreferenced formal parameter [c:\originalhr2\HoverRaceAI\NetTarget\VideoServices\VideoServices.vcxproj]
c:\originalhr2\HoverRaceAI\NetTarget\VideoServices\ModernRenderer.cpp(87,41): warning C4100: 'pRotation': unreferenced formal parameter [c:\originalhr2\HoverRaceAI\NetTarget\VideoServices\VideoServices.vcxproj]
c:\originalhr2\HoverRaceAI\NetTarget\VideoServices\ModernRenderer.cpp(86,56): warning C4100: 'pScaleY': unreferenced formal parameter [c:\originalhr2\HoverRaceAI\NetTarget\VideoServices\VideoServices.vcxproj]
c:\originalhr2\HoverRaceAI\NetTarget\VideoServices\ModernRenderer.cpp(86,41): warning C4100: 'pScaleX': unreferenced formal parameter [c:\originalhr2\HoverRaceAI\NetTarget\VideoServices\VideoServices.vcxproj]
c:\originalhr2\HoverRaceAI\NetTarget\VideoServices\ModernRenderer.cpp(300,42): warning C4100: 'pChar': unreferenced formal parameter [c:\originalhr2\HoverRaceAI\NetTarget\VideoServices\VideoServices.vcxproj]
  Generating Code...
  Compiling...
  ModernActorRenderer.cpp
  _WIN32_WINNT not defined. Defaulting to _WIN32_WINNT_MAXVER (see WinSDKVer.h)
C:\Program Files\Microsoft Visual Studio\2022\Community\VC\Tools\MSVC\14.39.33519\include\yvals_core.h(880,1): warning C4005: '_MSVC_STL_VERSION': macro redefinition [c:\originalhr2\HoverRaceAI\NetTarget\VideoServices\VideoServices.vcxproj]
  (compiling source file 'ModernActorRenderer.cpp')
  C:\Program Files\Microsoft Visual Studio\2022\Community\SDK\ScopeCppSDK\vc15\VC\include\yvals.h(156,1):
  see previous definition of '_MSVC_STL_VERSION'
  
C:\Program Files\Microsoft Visual Studio\2022\Community\VC\Tools\MSVC\14.39.33519\include\yvals_core.h(881,1): warning C4005: '_MSVC_STL_UPDATE': macro redefinition [c:\originalhr2\HoverRaceAI\NetTarget\VideoServices\VideoServices.vcxproj]
  (compiling source file 'ModernActorRenderer.cpp')
  C:\Program Files\Microsoft Visual Studio\2022\Community\SDK\ScopeCppSDK\vc15\VC\include\yvals.h(157,1):
  see previous definition of '_MSVC_STL_UPDATE'
  
C:\Program Files\Microsoft Visual Studio\2022\Community\VC\Tools\MSVC\14.39.33519\include\yvals_core.h(1000,1): warning C4005: '_DEPRECATE_TR1_NAMESPACE': macro redefinition [c:\originalhr2\HoverRaceAI\NetTarget\VideoServices\VideoServices.vcxproj]
  (compiling source file 'ModernActorRenderer.cpp')
  C:\Program Files\Microsoft Visual Studio\2022\Community\SDK\ScopeCppSDK\vc15\VC\include\yvals.h(247,1):
  see previous definition of '_DEPRECATE_TR1_NAMESPACE'
  
C:\Program Files\Microsoft Visual Studio\2022\Community\VC\Tools\MSVC\14.39.33519\include\yvals_core.h(1014,1): warning C4005: '_MISMATCHED_ALLOCATOR_MESSAGE': macro redefinition [c:\originalhr2\HoverRaceAI\NetTarget\VideoServices\VideoServices.vcxproj]
  (compiling source file 'ModernActorRenderer.cpp')
  C:\Program Files\Microsoft Visual Studio\2022\Community\SDK\ScopeCppSDK\vc15\VC\include\yvals.h(303,1):
  see previous definition of '_MISMATCHED_ALLOCATOR_MESSAGE'
  
c:\originalhr2\HoverRaceAI\NetTarget\VideoServices\ModernActorRenderer.cpp(128,47): warning C4100: 'pScale': unreferenced formal parameter [c:\originalhr2\HoverRaceAI\NetTarget\VideoServices\VideoServices.vcxproj]
c:\originalhr2\HoverRaceAI\NetTarget\VideoServices\ModernActorRenderer.cpp(127,60): warning C4100: 'pFrame': unreferenced formal parameter [c:\originalhr2\HoverRaceAI\NetTarget\VideoServices\VideoServices.vcxproj]
c:\originalhr2\HoverRaceAI\NetTarget\VideoServices\ModernActorRenderer.cpp(127,45): warning C4100: 'pSequence': unreferenced formal parameter [c:\originalhr2\HoverRaceAI\NetTarget\VideoServices\VideoServices.vcxproj]
c:\originalhr2\HoverRaceAI\NetTarget\VideoServices\ModernActorRenderer.cpp(144,90): warning C4100: 'pZ': unreferenced formal parameter [c:\originalhr2\HoverRaceAI\NetTarget\VideoServices\VideoServices.vcxproj]
c:\originalhr2\HoverRaceAI\NetTarget\VideoServices\ModernActorRenderer.cpp(144,79): warning C4100: 'pY': unreferenced formal parameter [c:\originalhr2\HoverRaceAI\NetTarget\VideoServices\VideoServices.vcxproj]
c:\originalhr2\HoverRaceAI\NetTarget\VideoServices\ModernActorRenderer.cpp(144,68): warning C4100: 'pX': unreferenced formal parameter [c:\originalhr2\HoverRaceAI\NetTarget\VideoServices\VideoServices.vcxproj]
c:\originalhr2\HoverRaceAI\NetTarget\VideoServices\ModernActorRenderer.cpp(153,99): warning C4100: 'pRoll': unreferenced formal parameter [c:\originalhr2\HoverRaceAI\NetTarget\VideoServices\VideoServices.vcxproj]
c:\originalhr2\HoverRaceAI\NetTarget\VideoServices\ModernActorRenderer.cpp(153,84): warning C4100: 'pPitch': unreferenced formal parameter [c:\originalhr2\HoverRaceAI\NetTarget\VideoServices\VideoServices.vcxproj]
c:\originalhr2\HoverRaceAI\NetTarget\VideoServices\ModernActorRenderer.cpp(153,71): warning C4100: 'pYaw': unreferenced formal parameter [c:\originalhr2\HoverRaceAI\NetTarget\VideoServices\VideoServices.vcxproj]
c:\originalhr2\HoverRaceAI\NetTarget\VideoServices\ModernActorRenderer.cpp(198,65): warning C4100: 'pTintColor': unreferenced formal parameter [c:\originalhr2\HoverRaceAI\NetTarget\VideoServices\VideoServices.vcxproj]
c:\originalhr2\HoverRaceAI\NetTarget\VideoServices\ModernActorRenderer.cpp(217,70): warning C4100: 'pVertical': unreferenced formal parameter [c:\originalhr2\HoverRaceAI\NetTarget\VideoServices\VideoServices.vcxproj]
c:\originalhr2\HoverRaceAI\NetTarget\VideoServices\ModernActorRenderer.cpp(217,52): warning C4100: 'pHorizontal': unreferenced formal parameter [c:\originalhr2\HoverRaceAI\NetTarget\VideoServices\VideoServices.vcxproj]
c:\originalhr2\HoverRaceAI\NetTarget\VideoServices\ModernActorRenderer.cpp(230,65): warning C4100: 'pTransparencyKey': unreferenced formal parameter [c:\originalhr2\HoverRaceAI\NetTarget\VideoServices\VideoServices.vcxproj]
  GraphicsTest.cpp
  _WIN32_WINNT not defined. Defaulting to _WIN32_WINNT_MAXVER (see WinSDKVer.h)
C:\Program Files\Microsoft Visual Studio\2022\Community\VC\Tools\MSVC\14.39.33519\include\yvals_core.h(880,1): warning C4005: '_MSVC_STL_VERSION': macro redefinition [c:\originalhr2\HoverRaceAI\NetTarget\VideoServices\VideoServices.vcxproj]
  (compiling source file 'GraphicsTest.cpp')
  C:\Program Files\Microsoft Visual Studio\2022\Community\SDK\ScopeCppSDK\vc15\VC\include\yvals.h(156,1):
  see previous definition of '_MSVC_STL_VERSION'
  
C:\Program Files\Microsoft Visual Studio\2022\Community\VC\Tools\MSVC\14.39.33519\include\yvals_core.h(881,1): warning C4005: '_MSVC_STL_UPDATE': macro redefinition [c:\originalhr2\HoverRaceAI\NetTarget\VideoServices\VideoServices.vcxproj]
  (compiling source file 'GraphicsTest.cpp')
  C:\Program Files\Microsoft Visual Studio\2022\Community\SDK\ScopeCppSDK\vc15\VC\include\yvals.h(157,1):
  see previous definition of '_MSVC_STL_UPDATE'
  
C:\Program Files\Microsoft Visual Studio\2022\Community\VC\Tools\MSVC\14.39.33519\include\yvals_core.h(1000,1): warning C4005: '_DEPRECATE_TR1_NAMESPACE': macro redefinition [c:\originalhr2\HoverRaceAI\NetTarget\VideoServices\VideoServices.vcxproj]
  (compiling source file 'GraphicsTest.cpp')
  C:\Program Files\Microsoft Visual Studio\2022\Community\SDK\ScopeCppSDK\vc15\VC\include\yvals.h(247,1):
  see previous definition of '_DEPRECATE_TR1_NAMESPACE'
  
C:\Program Files\Microsoft Visual Studio\2022\Community\VC\Tools\MSVC\14.39.33519\include\yvals_core.h(1014,1): warning C4005: '_MISMATCHED_ALLOCATOR_MESSAGE': macro redefinition [c:\originalhr2\HoverRaceAI\NetTarget\VideoServices\VideoServices.vcxproj]
  (compiling source file 'GraphicsTest.cpp')
  C:\Program Files\Microsoft Visual Studio\2022\Community\SDK\ScopeCppSDK\vc15\VC\include\yvals.h(303,1):
  see previous definition of '_MISMATCHED_ALLOCATOR_MESSAGE'
  
  Generating Code...
     Creating library c:\originalhr2\HoverRaceAI\NetTarget\VideoServices\..\..\Release\VideoServices.lib and object c:\originalhr2\HoverRaceAI\NetTarget\VideoServices\..\..\Release\VideoServices.exp
GraphicsTest.obj : warning LNK4099: PDB '' was not found with 'GraphicsTest.obj' or at ''; linking object as if no debug info [c:\originalhr2\HoverRaceAI\NetTarget\VideoServices\VideoServices.vcxproj]
ModernActorRenderer.obj : warning LNK4099: PDB '' was not found with 'ModernActorRenderer.obj' or at ''; linking object as if no debug info [c:\originalhr2\HoverRaceAI\NetTarget\VideoServices\VideoServices.vcxproj]
ModernRenderer.obj : warning LNK4099: PDB '' was not found with 'ModernRenderer.obj' or at ''; linking object as if no debug info [c:\originalhr2\HoverRaceAI\NetTarget\VideoServices\VideoServices.vcxproj]
ModernVideoBuffer.obj : warning LNK4099: PDB '' was not found with 'ModernVideoBuffer.obj' or at ''; linking object as if no debug info [c:\originalhr2\HoverRaceAI\NetTarget\VideoServices\VideoServices.vcxproj]
GraphicsUtilities.obj : warning LNK4099: PDB '' was not found with 'GraphicsUtilities.obj' or at ''; linking object as if no debug info [c:\originalhr2\HoverRaceAI\NetTarget\VideoServices\VideoServices.vcxproj]
RenderingEngine.obj : warning LNK4099: PDB '' was not found with 'RenderingEngine.obj' or at ''; linking object as if no debug info [c:\originalhr2\HoverRaceAI\NetTarget\VideoServices\VideoServices.vcxproj]
alstub.obj : warning LNK4099: PDB '' was not found with 'alstub.obj' or at ''; linking object as if no debug info [c:\originalhr2\HoverRaceAI\NetTarget\VideoServices\VideoServices.vcxproj]
VideoBufferSDL2Integration.obj : warning LNK4099: PDB '' was not found with 'VideoBufferSDL2Integration.obj' or at ''; linking object as if no debug info [c:\originalhr2\HoverRaceAI\NetTarget\VideoServices\VideoServices.vcxproj]
VideoBufferSDL2Adapter.obj : warning LNK4099: PDB '' was not found with 'VideoBufferSDL2Adapter.obj' or at ''; linking object as if no debug info [c:\originalhr2\HoverRaceAI\NetTarget\VideoServices\VideoServices.vcxproj]
SDL2Graphics.obj : warning LNK4099: PDB '' was not found with 'SDL2Graphics.obj' or at ''; linking object as if no debug info [c:\originalhr2\HoverRaceAI\NetTarget\VideoServices\VideoServices.vcxproj]
VideoBuffer2DDraw.obj : warning LNK4099: PDB '' was not found with 'VideoBuffer2DDraw.obj' or at ''; linking object as if no debug info [c:\originalhr2\HoverRaceAI\NetTarget\VideoServices\VideoServices.vcxproj]
VideoBuffer.obj : warning LNK4099: PDB '' was not found with 'VideoBuffer.obj' or at ''; linking object as if no debug info [c:\originalhr2\HoverRaceAI\NetTarget\VideoServices\VideoServices.vcxproj]
StdAfx.obj : warning LNK4099: PDB '' was not found with 'StdAfx.obj' or at ''; linking object as if no debug info [c:\originalhr2\HoverRaceAI\NetTarget\VideoServices\VideoServices.vcxproj]
Sprite.obj : warning LNK4099: PDB '' was not found with 'Sprite.obj' or at ''; linking object as if no debug info [c:\originalhr2\HoverRaceAI\NetTarget\VideoServices\VideoServices.vcxproj]
SoundServer.obj : warning LNK4099: PDB '' was not found with 'SoundServer.obj' or at ''; linking object as if no debug info [c:\originalhr2\HoverRaceAI\NetTarget\VideoServices\VideoServices.vcxproj]
Patch.obj : warning LNK4099: PDB '' was not found with 'Patch.obj' or at ''; linking object as if no debug info [c:\originalhr2\HoverRaceAI\NetTarget\VideoServices\VideoServices.vcxproj]
ColorTab.obj : warning LNK4099: PDB '' was not found with 'ColorTab.obj' or at ''; linking object as if no debug info [c:\originalhr2\HoverRaceAI\NetTarget\VideoServices\VideoServices.vcxproj]
ColorPalette.obj : warning LNK4099: PDB '' was not found with 'ColorPalette.obj' or at ''; linking object as if no debug info [c:\originalhr2\HoverRaceAI\NetTarget\VideoServices\VideoServices.vcxproj]
Bitmap.obj : warning LNK4099: PDB '' was not found with 'Bitmap.obj' or at ''; linking object as if no debug info [c:\originalhr2\HoverRaceAI\NetTarget\VideoServices\VideoServices.vcxproj]
3DViewportRendering.obj : warning LNK4099: PDB '' was not found with '3DViewportRendering.obj' or at ''; linking object as if no debug info [c:\originalhr2\HoverRaceAI\NetTarget\VideoServices\VideoServices.vcxproj]
3DViewport.obj : warning LNK4099: PDB '' was not found with '3DViewport.obj' or at ''; linking object as if no debug info [c:\originalhr2\HoverRaceAI\NetTarget\VideoServices\VideoServices.vcxproj]
2DViewPort.obj : warning LNK4099: PDB '' was not found with '2DViewPort.obj' or at ''; linking object as if no debug info [c:\originalhr2\HoverRaceAI\NetTarget\VideoServices\VideoServices.vcxproj]
  VideoServices.vcxproj -> c:\originalhr2\HoverRaceAI\Release\VideoServices.dll
  ConcreteShape.cpp
  _WIN32_WINNT not defined. Defaulting to _WIN32_WINNT_MAXVER (see WinSDKVer.h)
C:\Program Files\Microsoft Visual Studio\2022\Community\VC\Tools\MSVC\14.39.33519\include\yvals_core.h(880,1): warning C4005: '_MSVC_STL_VERSION': macro redefinition [c:\originalhr2\HoverRaceAI\NetTarget\Model\Model.vcxproj]
  (compiling source file 'ConcreteShape.cpp')
  C:\Program Files\Microsoft Visual Studio\2022\Community\SDK\ScopeCppSDK\vc15\VC\include\yvals.h(156,1):
  see previous definition of '_MSVC_STL_VERSION'
  
C:\Program Files\Microsoft Visual Studio\2022\Community\VC\Tools\MSVC\14.39.33519\include\yvals_core.h(881,1): warning C4005: '_MSVC_STL_UPDATE': macro redefinition [c:\originalhr2\HoverRaceAI\NetTarget\Model\Model.vcxproj]
  (compiling source file 'ConcreteShape.cpp')
  C:\Program Files\Microsoft Visual Studio\2022\Community\SDK\ScopeCppSDK\vc15\VC\include\yvals.h(157,1):
  see previous definition of '_MSVC_STL_UPDATE'
  
C:\Program Files\Microsoft Visual Studio\2022\Community\VC\Tools\MSVC\14.39.33519\include\yvals_core.h(1000,1): warning C4005: '_DEPRECATE_TR1_NAMESPACE': macro redefinition [c:\originalhr2\HoverRaceAI\NetTarget\Model\Model.vcxproj]
  (compiling source file 'ConcreteShape.cpp')
  C:\Program Files\Microsoft Visual Studio\2022\Community\SDK\ScopeCppSDK\vc15\VC\include\yvals.h(247,1):
  see previous definition of '_DEPRECATE_TR1_NAMESPACE'
  
C:\Program Files\Microsoft Visual Studio\2022\Community\VC\Tools\MSVC\14.39.33519\include\yvals_core.h(1014,1): warning C4005: '_MISMATCHED_ALLOCATOR_MESSAGE': macro redefinition [c:\originalhr2\HoverRaceAI\NetTarget\Model\Model.vcxproj]
  (compiling source file 'ConcreteShape.cpp')
  C:\Program Files\Microsoft Visual Studio\2022\Community\SDK\ScopeCppSDK\vc15\VC\include\yvals.h(303,1):
  see previous definition of '_MISMATCHED_ALLOCATOR_MESSAGE'
  
  ContactEffect.cpp
  _WIN32_WINNT not defined. Defaulting to _WIN32_WINNT_MAXVER (see WinSDKVer.h)
C:\Program Files\Microsoft Visual Studio\2022\Community\VC\Tools\MSVC\14.39.33519\include\yvals_core.h(880,1): warning C4005: '_MSVC_STL_VERSION': macro redefinition [c:\originalhr2\HoverRaceAI\NetTarget\Model\Model.vcxproj]
  (compiling source file 'ContactEffect.cpp')
  C:\Program Files\Microsoft Visual Studio\2022\Community\SDK\ScopeCppSDK\vc15\VC\include\yvals.h(156,1):
  see previous definition of '_MSVC_STL_VERSION'
  
C:\Program Files\Microsoft Visual Studio\2022\Community\VC\Tools\MSVC\14.39.33519\include\yvals_core.h(881,1): warning C4005: '_MSVC_STL_UPDATE': macro redefinition [c:\originalhr2\HoverRaceAI\NetTarget\Model\Model.vcxproj]
  (compiling source file 'ContactEffect.cpp')
  C:\Program Files\Microsoft Visual Studio\2022\Community\SDK\ScopeCppSDK\vc15\VC\include\yvals.h(157,1):
  see previous definition of '_MSVC_STL_UPDATE'
  
C:\Program Files\Microsoft Visual Studio\2022\Community\VC\Tools\MSVC\14.39.33519\include\yvals_core.h(1000,1): warning C4005: '_DEPRECATE_TR1_NAMESPACE': macro redefinition [c:\originalhr2\HoverRaceAI\NetTarget\Model\Model.vcxproj]
  (compiling source file 'ContactEffect.cpp')
  C:\Program Files\Microsoft Visual Studio\2022\Community\SDK\ScopeCppSDK\vc15\VC\include\yvals.h(247,1):
  see previous definition of '_DEPRECATE_TR1_NAMESPACE'
  
C:\Program Files\Microsoft Visual Studio\2022\Community\VC\Tools\MSVC\14.39.33519\include\yvals_core.h(1014,1): warning C4005: '_MISMATCHED_ALLOCATOR_MESSAGE': macro redefinition [c:\originalhr2\HoverRaceAI\NetTarget\Model\Model.vcxproj]
  (compiling source file 'ContactEffect.cpp')
  C:\Program Files\Microsoft Visual Studio\2022\Community\SDK\ScopeCppSDK\vc15\VC\include\yvals.h(303,1):
  see previous definition of '_MISMATCHED_ALLOCATOR_MESSAGE'
  
  FreeElementMovingHelper.cpp
  _WIN32_WINNT not defined. Defaulting to _WIN32_WINNT_MAXVER (see WinSDKVer.h)
C:\Program Files\Microsoft Visual Studio\2022\Community\VC\Tools\MSVC\14.39.33519\include\yvals_core.h(880,1): warning C4005: '_MSVC_STL_VERSION': macro redefinition [c:\originalhr2\HoverRaceAI\NetTarget\Model\Model.vcxproj]
  (compiling source file 'FreeElementMovingHelper.cpp')
  C:\Program Files\Microsoft Visual Studio\2022\Community\SDK\ScopeCppSDK\vc15\VC\include\yvals.h(156,1):
  see previous definition of '_MSVC_STL_VERSION'
  
C:\Program Files\Microsoft Visual Studio\2022\Community\VC\Tools\MSVC\14.39.33519\include\yvals_core.h(881,1): warning C4005: '_MSVC_STL_UPDATE': macro redefinition [c:\originalhr2\HoverRaceAI\NetTarget\Model\Model.vcxproj]
  (compiling source file 'FreeElementMovingHelper.cpp')
  C:\Program Files\Microsoft Visual Studio\2022\Community\SDK\ScopeCppSDK\vc15\VC\include\yvals.h(157,1):
  see previous definition of '_MSVC_STL_UPDATE'
  
C:\Program Files\Microsoft Visual Studio\2022\Community\VC\Tools\MSVC\14.39.33519\include\yvals_core.h(1000,1): warning C4005: '_DEPRECATE_TR1_NAMESPACE': macro redefinition [c:\originalhr2\HoverRaceAI\NetTarget\Model\Model.vcxproj]
  (compiling source file 'FreeElementMovingHelper.cpp')
  C:\Program Files\Microsoft Visual Studio\2022\Community\SDK\ScopeCppSDK\vc15\VC\include\yvals.h(247,1):
  see previous definition of '_DEPRECATE_TR1_NAMESPACE'
  
C:\Program Files\Microsoft Visual Studio\2022\Community\VC\Tools\MSVC\14.39.33519\include\yvals_core.h(1014,1): warning C4005: '_MISMATCHED_ALLOCATOR_MESSAGE': macro redefinition [c:\originalhr2\HoverRaceAI\NetTarget\Model\Model.vcxproj]
  (compiling source file 'FreeElementMovingHelper.cpp')
  C:\Program Files\Microsoft Visual Studio\2022\Community\SDK\ScopeCppSDK\vc15\VC\include\yvals.h(303,1):
  see previous definition of '_MISMATCHED_ALLOCATOR_MESSAGE'
  
  GameSession.cpp
  _WIN32_WINNT not defined. Defaulting to _WIN32_WINNT_MAXVER (see WinSDKVer.h)
C:\Program Files\Microsoft Visual Studio\2022\Community\VC\Tools\MSVC\14.39.33519\include\yvals_core.h(880,1): warning C4005: '_MSVC_STL_VERSION': macro redefinition [c:\originalhr2\HoverRaceAI\NetTarget\Model\Model.vcxproj]
  (compiling source file 'GameSession.cpp')
  C:\Program Files\Microsoft Visual Studio\2022\Community\SDK\ScopeCppSDK\vc15\VC\include\yvals.h(156,1):
  see previous definition of '_MSVC_STL_VERSION'
  
C:\Program Files\Microsoft Visual Studio\2022\Community\VC\Tools\MSVC\14.39.33519\include\yvals_core.h(881,1): warning C4005: '_MSVC_STL_UPDATE': macro redefinition [c:\originalhr2\HoverRaceAI\NetTarget\Model\Model.vcxproj]
  (compiling source file 'GameSession.cpp')
  C:\Program Files\Microsoft Visual Studio\2022\Community\SDK\ScopeCppSDK\vc15\VC\include\yvals.h(157,1):
  see previous definition of '_MSVC_STL_UPDATE'
  
C:\Program Files\Microsoft Visual Studio\2022\Community\VC\Tools\MSVC\14.39.33519\include\yvals_core.h(1000,1): warning C4005: '_DEPRECATE_TR1_NAMESPACE': macro redefinition [c:\originalhr2\HoverRaceAI\NetTarget\Model\Model.vcxproj]
  (compiling source file 'GameSession.cpp')
  C:\Program Files\Microsoft Visual Studio\2022\Community\SDK\ScopeCppSDK\vc15\VC\include\yvals.h(247,1):
  see previous definition of '_DEPRECATE_TR1_NAMESPACE'
  
C:\Program Files\Microsoft Visual Studio\2022\Community\VC\Tools\MSVC\14.39.33519\include\yvals_core.h(1014,1): warning C4005: '_MISMATCHED_ALLOCATOR_MESSAGE': macro redefinition [c:\originalhr2\HoverRaceAI\NetTarget\Model\Model.vcxproj]
  (compiling source file 'GameSession.cpp')
  C:\Program Files\Microsoft Visual Studio\2022\Community\SDK\ScopeCppSDK\vc15\VC\include\yvals.h(303,1):
  see previous definition of '_MISMATCHED_ALLOCATOR_MESSAGE'
  
c:\originalhr2\HoverRaceAI\NetTarget\Model\GameSession.cpp(53,20): warning C4996: 'fopen': This function or variable may be unsafe. Consider using fopen_s instead. To disable deprecation, use _CRT_SECURE_NO_WARNINGS. See online help for details. [c:\originalhr2\HoverRaceAI\NetTarget\Model\Model.vcxproj]
c:\originalhr2\HoverRaceAI\NetTarget\Model\GameSession.cpp(180,20): warning C4996: 'fopen': This function or variable may be unsafe. Consider using fopen_s instead. To disable deprecation, use _CRT_SECURE_NO_WARNINGS. See online help for details. [c:\originalhr2\HoverRaceAI\NetTarget\Model\Model.vcxproj]
c:\originalhr2\HoverRaceAI\NetTarget\Model\GameSession.cpp(230,31): warning C4101: 'e': unreferenced local variable [c:\originalhr2\HoverRaceAI\NetTarget\Model\Model.vcxproj]
c:\originalhr2\HoverRaceAI\NetTarget\Model\GameSession.cpp(235,32): warning C4101: 'e': unreferenced local variable [c:\originalhr2\HoverRaceAI\NetTarget\Model\Model.vcxproj]
c:\originalhr2\HoverRaceAI\NetTarget\Model\GameSession.cpp(240,29): warning C4101: 'e': unreferenced local variable [c:\originalhr2\HoverRaceAI\NetTarget\Model\Model.vcxproj]
c:\originalhr2\HoverRaceAI\NetTarget\Model\GameSession.cpp(245,25): warning C4101: 'e': unreferenced local variable [c:\originalhr2\HoverRaceAI\NetTarget\Model\Model.vcxproj]
c:\originalhr2\HoverRaceAI\NetTarget\Model\GameSession.cpp(600,32): warning C4456: declaration of 'lSpec' hides previous local declaration [c:\originalhr2\HoverRaceAI\NetTarget\Model\Model.vcxproj]
  c:\originalhr2\HoverRaceAI\NetTarget\Model\GameSession.cpp(483,19):
  see declaration of 'lSpec'
  
  Level.cpp
  _WIN32_WINNT not defined. Defaulting to _WIN32_WINNT_MAXVER (see WinSDKVer.h)
C:\Program Files\Microsoft Visual Studio\2022\Community\VC\Tools\MSVC\14.39.33519\include\yvals_core.h(880,1): warning C4005: '_MSVC_STL_VERSION': macro redefinition [c:\originalhr2\HoverRaceAI\NetTarget\Model\Model.vcxproj]
  (compiling source file 'Level.cpp')
  C:\Program Files\Microsoft Visual Studio\2022\Community\SDK\ScopeCppSDK\vc15\VC\include\yvals.h(156,1):
  see previous definition of '_MSVC_STL_VERSION'
  
C:\Program Files\Microsoft Visual Studio\2022\Community\VC\Tools\MSVC\14.39.33519\include\yvals_core.h(881,1): warning C4005: '_MSVC_STL_UPDATE': macro redefinition [c:\originalhr2\HoverRaceAI\NetTarget\Model\Model.vcxproj]
  (compiling source file 'Level.cpp')
  C:\Program Files\Microsoft Visual Studio\2022\Community\SDK\ScopeCppSDK\vc15\VC\include\yvals.h(157,1):
  see previous definition of '_MSVC_STL_UPDATE'
  
C:\Program Files\Microsoft Visual Studio\2022\Community\VC\Tools\MSVC\14.39.33519\include\yvals_core.h(1000,1): warning C4005: '_DEPRECATE_TR1_NAMESPACE': macro redefinition [c:\originalhr2\HoverRaceAI\NetTarget\Model\Model.vcxproj]
  (compiling source file 'Level.cpp')
  C:\Program Files\Microsoft Visual Studio\2022\Community\SDK\ScopeCppSDK\vc15\VC\include\yvals.h(247,1):
  see previous definition of '_DEPRECATE_TR1_NAMESPACE'
  
C:\Program Files\Microsoft Visual Studio\2022\Community\VC\Tools\MSVC\14.39.33519\include\yvals_core.h(1014,1): warning C4005: '_MISMATCHED_ALLOCATOR_MESSAGE': macro redefinition [c:\originalhr2\HoverRaceAI\NetTarget\Model\Model.vcxproj]
  (compiling source file 'Level.cpp')
  C:\Program Files\Microsoft Visual Studio\2022\Community\SDK\ScopeCppSDK\vc15\VC\include\yvals.h(303,1):
  see previous definition of '_MISMATCHED_ALLOCATOR_MESSAGE'
  
c:\originalhr2\HoverRaceAI\NetTarget\Model\Level.cpp(468,20): warning C4996: 'fopen': This function or variable may be unsafe. Consider using fopen_s instead. To disable deprecation, use _CRT_SECURE_NO_WARNINGS. See online help for details. [c:\originalhr2\HoverRaceAI\NetTarget\Model\Model.vcxproj]
c:\originalhr2\HoverRaceAI\NetTarget\Model\Level.cpp(566,47): warning C4238: nonstandard extension used: class rvalue used as lvalue [c:\originalhr2\HoverRaceAI\NetTarget\Model\Model.vcxproj]
c:\originalhr2\HoverRaceAI\NetTarget\Model\Level.cpp(574,58): warning C4238: nonstandard extension used: class rvalue used as lvalue [c:\originalhr2\HoverRaceAI\NetTarget\Model\Model.vcxproj]
c:\originalhr2\HoverRaceAI\NetTarget\Model\Level.cpp(585,57): warning C4238: nonstandard extension used: class rvalue used as lvalue [c:\originalhr2\HoverRaceAI\NetTarget\Model\Model.vcxproj]
c:\originalhr2\HoverRaceAI\NetTarget\Model\Level.cpp(592,61): warning C4238: nonstandard extension used: class rvalue used as lvalue [c:\originalhr2\HoverRaceAI\NetTarget\Model\Model.vcxproj]
  MazeElement.cpp
  _WIN32_WINNT not defined. Defaulting to _WIN32_WINNT_MAXVER (see WinSDKVer.h)
C:\Program Files\Microsoft Visual Studio\2022\Community\VC\Tools\MSVC\14.39.33519\include\yvals_core.h(880,1): warning C4005: '_MSVC_STL_VERSION': macro redefinition [c:\originalhr2\HoverRaceAI\NetTarget\Model\Model.vcxproj]
  (compiling source file 'MazeElement.cpp')
  C:\Program Files\Microsoft Visual Studio\2022\Community\SDK\ScopeCppSDK\vc15\VC\include\yvals.h(156,1):
  see previous definition of '_MSVC_STL_VERSION'
  
C:\Program Files\Microsoft Visual Studio\2022\Community\VC\Tools\MSVC\14.39.33519\include\yvals_core.h(881,1): warning C4005: '_MSVC_STL_UPDATE': macro redefinition [c:\originalhr2\HoverRaceAI\NetTarget\Model\Model.vcxproj]
  (compiling source file 'MazeElement.cpp')
  C:\Program Files\Microsoft Visual Studio\2022\Community\SDK\ScopeCppSDK\vc15\VC\include\yvals.h(157,1):
  see previous definition of '_MSVC_STL_UPDATE'
  
C:\Program Files\Microsoft Visual Studio\2022\Community\VC\Tools\MSVC\14.39.33519\include\yvals_core.h(1000,1): warning C4005: '_DEPRECATE_TR1_NAMESPACE': macro redefinition [c:\originalhr2\HoverRaceAI\NetTarget\Model\Model.vcxproj]
  (compiling source file 'MazeElement.cpp')
  C:\Program Files\Microsoft Visual Studio\2022\Community\SDK\ScopeCppSDK\vc15\VC\include\yvals.h(247,1):
  see previous definition of '_DEPRECATE_TR1_NAMESPACE'
  
C:\Program Files\Microsoft Visual Studio\2022\Community\VC\Tools\MSVC\14.39.33519\include\yvals_core.h(1014,1): warning C4005: '_MISMATCHED_ALLOCATOR_MESSAGE': macro redefinition [c:\originalhr2\HoverRaceAI\NetTarget\Model\Model.vcxproj]
  (compiling source file 'MazeElement.cpp')
  C:\Program Files\Microsoft Visual Studio\2022\Community\SDK\ScopeCppSDK\vc15\VC\include\yvals.h(303,1):
  see previous definition of '_MISMATCHED_ALLOCATOR_MESSAGE'
  
c:\originalhr2\HoverRaceAI\NetTarget\Model\MazeElement.cpp(141,39): warning C4100: 'pDataLen': unreferenced formal parameter [c:\originalhr2\HoverRaceAI\NetTarget\Model\Model.vcxproj]
  PhysicalCollision.cpp
  _WIN32_WINNT not defined. Defaulting to _WIN32_WINNT_MAXVER (see WinSDKVer.h)
C:\Program Files\Microsoft Visual Studio\2022\Community\VC\Tools\MSVC\14.39.33519\include\yvals_core.h(880,1): warning C4005: '_MSVC_STL_VERSION': macro redefinition [c:\originalhr2\HoverRaceAI\NetTarget\Model\Model.vcxproj]
  (compiling source file 'PhysicalCollision.cpp')
  C:\Program Files\Microsoft Visual Studio\2022\Community\SDK\ScopeCppSDK\vc15\VC\include\yvals.h(156,1):
  see previous definition of '_MSVC_STL_VERSION'
  
C:\Program Files\Microsoft Visual Studio\2022\Community\VC\Tools\MSVC\14.39.33519\include\yvals_core.h(881,1): warning C4005: '_MSVC_STL_UPDATE': macro redefinition [c:\originalhr2\HoverRaceAI\NetTarget\Model\Model.vcxproj]
  (compiling source file 'PhysicalCollision.cpp')
  C:\Program Files\Microsoft Visual Studio\2022\Community\SDK\ScopeCppSDK\vc15\VC\include\yvals.h(157,1):
  see previous definition of '_MSVC_STL_UPDATE'
  
C:\Program Files\Microsoft Visual Studio\2022\Community\VC\Tools\MSVC\14.39.33519\include\yvals_core.h(1000,1): warning C4005: '_DEPRECATE_TR1_NAMESPACE': macro redefinition [c:\originalhr2\HoverRaceAI\NetTarget\Model\Model.vcxproj]
  (compiling source file 'PhysicalCollision.cpp')
  C:\Program Files\Microsoft Visual Studio\2022\Community\SDK\ScopeCppSDK\vc15\VC\include\yvals.h(247,1):
  see previous definition of '_DEPRECATE_TR1_NAMESPACE'
  
C:\Program Files\Microsoft Visual Studio\2022\Community\VC\Tools\MSVC\14.39.33519\include\yvals_core.h(1014,1): warning C4005: '_MISMATCHED_ALLOCATOR_MESSAGE': macro redefinition [c:\originalhr2\HoverRaceAI\NetTarget\Model\Model.vcxproj]
  (compiling source file 'PhysicalCollision.cpp')
  C:\Program Files\Microsoft Visual Studio\2022\Community\SDK\ScopeCppSDK\vc15\VC\include\yvals.h(303,1):
  see previous definition of '_MISMATCHED_ALLOCATOR_MESSAGE'
  
  ShapeCollisions.cpp
  _WIN32_WINNT not defined. Defaulting to _WIN32_WINNT_MAXVER (see WinSDKVer.h)
C:\Program Files\Microsoft Visual Studio\2022\Community\VC\Tools\MSVC\14.39.33519\include\yvals_core.h(880,1): warning C4005: '_MSVC_STL_VERSION': macro redefinition [c:\originalhr2\HoverRaceAI\NetTarget\Model\Model.vcxproj]
  (compiling source file 'ShapeCollisions.cpp')
  C:\Program Files\Microsoft Visual Studio\2022\Community\SDK\ScopeCppSDK\vc15\VC\include\yvals.h(156,1):
  see previous definition of '_MSVC_STL_VERSION'
  
C:\Program Files\Microsoft Visual Studio\2022\Community\VC\Tools\MSVC\14.39.33519\include\yvals_core.h(881,1): warning C4005: '_MSVC_STL_UPDATE': macro redefinition [c:\originalhr2\HoverRaceAI\NetTarget\Model\Model.vcxproj]
  (compiling source file 'ShapeCollisions.cpp')
  C:\Program Files\Microsoft Visual Studio\2022\Community\SDK\ScopeCppSDK\vc15\VC\include\yvals.h(157,1):
  see previous definition of '_MSVC_STL_UPDATE'
  
C:\Program Files\Microsoft Visual Studio\2022\Community\VC\Tools\MSVC\14.39.33519\include\yvals_core.h(1000,1): warning C4005: '_DEPRECATE_TR1_NAMESPACE': macro redefinition [c:\originalhr2\HoverRaceAI\NetTarget\Model\Model.vcxproj]
  (compiling source file 'ShapeCollisions.cpp')
  C:\Program Files\Microsoft Visual Studio\2022\Community\SDK\ScopeCppSDK\vc15\VC\include\yvals.h(247,1):
  see previous definition of '_DEPRECATE_TR1_NAMESPACE'
  
C:\Program Files\Microsoft Visual Studio\2022\Community\VC\Tools\MSVC\14.39.33519\include\yvals_core.h(1014,1): warning C4005: '_MISMATCHED_ALLOCATOR_MESSAGE': macro redefinition [c:\originalhr2\HoverRaceAI\NetTarget\Model\Model.vcxproj]
  (compiling source file 'ShapeCollisions.cpp')
  C:\Program Files\Microsoft Visual Studio\2022\Community\SDK\ScopeCppSDK\vc15\VC\include\yvals.h(303,1):
  see previous definition of '_MISMATCHED_ALLOCATOR_MESSAGE'
  
  Shapes.cpp
  _WIN32_WINNT not defined. Defaulting to _WIN32_WINNT_MAXVER (see WinSDKVer.h)
C:\Program Files\Microsoft Visual Studio\2022\Community\VC\Tools\MSVC\14.39.33519\include\yvals_core.h(880,1): warning C4005: '_MSVC_STL_VERSION': macro redefinition [c:\originalhr2\HoverRaceAI\NetTarget\Model\Model.vcxproj]
  (compiling source file 'Shapes.cpp')
  C:\Program Files\Microsoft Visual Studio\2022\Community\SDK\ScopeCppSDK\vc15\VC\include\yvals.h(156,1):
  see previous definition of '_MSVC_STL_VERSION'
  
C:\Program Files\Microsoft Visual Studio\2022\Community\VC\Tools\MSVC\14.39.33519\include\yvals_core.h(881,1): warning C4005: '_MSVC_STL_UPDATE': macro redefinition [c:\originalhr2\HoverRaceAI\NetTarget\Model\Model.vcxproj]
  (compiling source file 'Shapes.cpp')
  C:\Program Files\Microsoft Visual Studio\2022\Community\SDK\ScopeCppSDK\vc15\VC\include\yvals.h(157,1):
  see previous definition of '_MSVC_STL_UPDATE'
  
C:\Program Files\Microsoft Visual Studio\2022\Community\VC\Tools\MSVC\14.39.33519\include\yvals_core.h(1000,1): warning C4005: '_DEPRECATE_TR1_NAMESPACE': macro redefinition [c:\originalhr2\HoverRaceAI\NetTarget\Model\Model.vcxproj]
  (compiling source file 'Shapes.cpp')
  C:\Program Files\Microsoft Visual Studio\2022\Community\SDK\ScopeCppSDK\vc15\VC\include\yvals.h(247,1):
  see previous definition of '_DEPRECATE_TR1_NAMESPACE'
  
C:\Program Files\Microsoft Visual Studio\2022\Community\VC\Tools\MSVC\14.39.33519\include\yvals_core.h(1014,1): warning C4005: '_MISMATCHED_ALLOCATOR_MESSAGE': macro redefinition [c:\originalhr2\HoverRaceAI\NetTarget\Model\Model.vcxproj]
  (compiling source file 'Shapes.cpp')
  C:\Program Files\Microsoft Visual Studio\2022\Community\SDK\ScopeCppSDK\vc15\VC\include\yvals.h(303,1):
  see previous definition of '_MISMATCHED_ALLOCATOR_MESSAGE'
  
  StdAfx.cpp
  _WIN32_WINNT not defined. Defaulting to _WIN32_WINNT_MAXVER (see WinSDKVer.h)
C:\Program Files\Microsoft Visual Studio\2022\Community\VC\Tools\MSVC\14.39.33519\include\yvals_core.h(880,1): warning C4005: '_MSVC_STL_VERSION': macro redefinition [c:\originalhr2\HoverRaceAI\NetTarget\Model\Model.vcxproj]
  (compiling source file 'StdAfx.cpp')
  C:\Program Files\Microsoft Visual Studio\2022\Community\SDK\ScopeCppSDK\vc15\VC\include\yvals.h(156,1):
  see previous definition of '_MSVC_STL_VERSION'
  
C:\Program Files\Microsoft Visual Studio\2022\Community\VC\Tools\MSVC\14.39.33519\include\yvals_core.h(881,1): warning C4005: '_MSVC_STL_UPDATE': macro redefinition [c:\originalhr2\HoverRaceAI\NetTarget\Model\Model.vcxproj]
  (compiling source file 'StdAfx.cpp')
  C:\Program Files\Microsoft Visual Studio\2022\Community\SDK\ScopeCppSDK\vc15\VC\include\yvals.h(157,1):
  see previous definition of '_MSVC_STL_UPDATE'
  
C:\Program Files\Microsoft Visual Studio\2022\Community\VC\Tools\MSVC\14.39.33519\include\yvals_core.h(1000,1): warning C4005: '_DEPRECATE_TR1_NAMESPACE': macro redefinition [c:\originalhr2\HoverRaceAI\NetTarget\Model\Model.vcxproj]
  (compiling source file 'StdAfx.cpp')
  C:\Program Files\Microsoft Visual Studio\2022\Community\SDK\ScopeCppSDK\vc15\VC\include\yvals.h(247,1):
  see previous definition of '_DEPRECATE_TR1_NAMESPACE'
  
C:\Program Files\Microsoft Visual Studio\2022\Community\VC\Tools\MSVC\14.39.33519\include\yvals_core.h(1014,1): warning C4005: '_MISMATCHED_ALLOCATOR_MESSAGE': macro redefinition [c:\originalhr2\HoverRaceAI\NetTarget\Model\Model.vcxproj]
  (compiling source file 'StdAfx.cpp')
  C:\Program Files\Microsoft Visual Studio\2022\Community\SDK\ScopeCppSDK\vc15\VC\include\yvals.h(303,1):
  see previous definition of '_MISMATCHED_ALLOCATOR_MESSAGE'
  
  Generating Code...
c:\originalhr2\HoverRaceAI\NetTarget\Model\ShapeCollisions.cpp(198,1): warning C4700: uninitialized local variable 'lReturnValue' used [c:\originalhr2\HoverRaceAI\NetTarget\Model\Model.vcxproj]
  Model.vcxproj -> c:\originalhr2\HoverRaceAI\Release\Model.dll
  BitmapSurface.cpp
  _WIN32_WINNT not defined. Defaulting to _WIN32_WINNT_MAXVER (see WinSDKVer.h)
C:\Program Files\Microsoft Visual Studio\2022\Community\VC\Tools\MSVC\14.39.33519\include\yvals_core.h(880,1): warning C4005: '_MSVC_STL_VERSION': macro redefinition [c:\originalhr2\HoverRaceAI\NetTarget\ObjFacTools\ObjFacTools.vcxproj]
  (compiling source file 'BitmapSurface.cpp')
  C:\Program Files\Microsoft Visual Studio\2022\Community\SDK\ScopeCppSDK\vc15\VC\include\yvals.h(156,1):
  see previous definition of '_MSVC_STL_VERSION'
  
C:\Program Files\Microsoft Visual Studio\2022\Community\VC\Tools\MSVC\14.39.33519\include\yvals_core.h(881,1): warning C4005: '_MSVC_STL_UPDATE': macro redefinition [c:\originalhr2\HoverRaceAI\NetTarget\ObjFacTools\ObjFacTools.vcxproj]
  (compiling source file 'BitmapSurface.cpp')
  C:\Program Files\Microsoft Visual Studio\2022\Community\SDK\ScopeCppSDK\vc15\VC\include\yvals.h(157,1):
  see previous definition of '_MSVC_STL_UPDATE'
  
C:\Program Files\Microsoft Visual Studio\2022\Community\VC\Tools\MSVC\14.39.33519\include\yvals_core.h(1000,1): warning C4005: '_DEPRECATE_TR1_NAMESPACE': macro redefinition [c:\originalhr2\HoverRaceAI\NetTarget\ObjFacTools\ObjFacTools.vcxproj]
  (compiling source file 'BitmapSurface.cpp')
  C:\Program Files\Microsoft Visual Studio\2022\Community\SDK\ScopeCppSDK\vc15\VC\include\yvals.h(247,1):
  see previous definition of '_DEPRECATE_TR1_NAMESPACE'
  
C:\Program Files\Microsoft Visual Studio\2022\Community\VC\Tools\MSVC\14.39.33519\include\yvals_core.h(1014,1): warning C4005: '_MISMATCHED_ALLOCATOR_MESSAGE': macro redefinition [c:\originalhr2\HoverRaceAI\NetTarget\ObjFacTools\ObjFacTools.vcxproj]
  (compiling source file 'BitmapSurface.cpp')
  C:\Program Files\Microsoft Visual Studio\2022\Community\SDK\ScopeCppSDK\vc15\VC\include\yvals.h(303,1):
  see previous definition of '_MISMATCHED_ALLOCATOR_MESSAGE'
  
  FreeElementBase.cpp
  _WIN32_WINNT not defined. Defaulting to _WIN32_WINNT_MAXVER (see WinSDKVer.h)
C:\Program Files\Microsoft Visual Studio\2022\Community\VC\Tools\MSVC\14.39.33519\include\yvals_core.h(880,1): warning C4005: '_MSVC_STL_VERSION': macro redefinition [c:\originalhr2\HoverRaceAI\NetTarget\ObjFacTools\ObjFacTools.vcxproj]
  (compiling source file 'FreeElementBase.cpp')
  C:\Program Files\Microsoft Visual Studio\2022\Community\SDK\ScopeCppSDK\vc15\VC\include\yvals.h(156,1):
  see previous definition of '_MSVC_STL_VERSION'
  
C:\Program Files\Microsoft Visual Studio\2022\Community\VC\Tools\MSVC\14.39.33519\include\yvals_core.h(881,1): warning C4005: '_MSVC_STL_UPDATE': macro redefinition [c:\originalhr2\HoverRaceAI\NetTarget\ObjFacTools\ObjFacTools.vcxproj]
  (compiling source file 'FreeElementBase.cpp')
  C:\Program Files\Microsoft Visual Studio\2022\Community\SDK\ScopeCppSDK\vc15\VC\include\yvals.h(157,1):
  see previous definition of '_MSVC_STL_UPDATE'
  
C:\Program Files\Microsoft Visual Studio\2022\Community\VC\Tools\MSVC\14.39.33519\include\yvals_core.h(1000,1): warning C4005: '_DEPRECATE_TR1_NAMESPACE': macro redefinition [c:\originalhr2\HoverRaceAI\NetTarget\ObjFacTools\ObjFacTools.vcxproj]
  (compiling source file 'FreeElementBase.cpp')
  C:\Program Files\Microsoft Visual Studio\2022\Community\SDK\ScopeCppSDK\vc15\VC\include\yvals.h(247,1):
  see previous definition of '_DEPRECATE_TR1_NAMESPACE'
  
C:\Program Files\Microsoft Visual Studio\2022\Community\VC\Tools\MSVC\14.39.33519\include\yvals_core.h(1014,1): warning C4005: '_MISMATCHED_ALLOCATOR_MESSAGE': macro redefinition [c:\originalhr2\HoverRaceAI\NetTarget\ObjFacTools\ObjFacTools.vcxproj]
  (compiling source file 'FreeElementBase.cpp')
  C:\Program Files\Microsoft Visual Studio\2022\Community\SDK\ScopeCppSDK\vc15\VC\include\yvals.h(303,1):
  see previous definition of '_MISMATCHED_ALLOCATOR_MESSAGE'
  
  FreeElementBaseRenderer.cpp
  _WIN32_WINNT not defined. Defaulting to _WIN32_WINNT_MAXVER (see WinSDKVer.h)
C:\Program Files\Microsoft Visual Studio\2022\Community\VC\Tools\MSVC\14.39.33519\include\yvals_core.h(880,1): warning C4005: '_MSVC_STL_VERSION': macro redefinition [c:\originalhr2\HoverRaceAI\NetTarget\ObjFacTools\ObjFacTools.vcxproj]
  (compiling source file 'FreeElementBaseRenderer.cpp')
  C:\Program Files\Microsoft Visual Studio\2022\Community\SDK\ScopeCppSDK\vc15\VC\include\yvals.h(156,1):
  see previous definition of '_MSVC_STL_VERSION'
  
C:\Program Files\Microsoft Visual Studio\2022\Community\VC\Tools\MSVC\14.39.33519\include\yvals_core.h(881,1): warning C4005: '_MSVC_STL_UPDATE': macro redefinition [c:\originalhr2\HoverRaceAI\NetTarget\ObjFacTools\ObjFacTools.vcxproj]
  (compiling source file 'FreeElementBaseRenderer.cpp')
  C:\Program Files\Microsoft Visual Studio\2022\Community\SDK\ScopeCppSDK\vc15\VC\include\yvals.h(157,1):
  see previous definition of '_MSVC_STL_UPDATE'
  
C:\Program Files\Microsoft Visual Studio\2022\Community\VC\Tools\MSVC\14.39.33519\include\yvals_core.h(1000,1): warning C4005: '_DEPRECATE_TR1_NAMESPACE': macro redefinition [c:\originalhr2\HoverRaceAI\NetTarget\ObjFacTools\ObjFacTools.vcxproj]
  (compiling source file 'FreeElementBaseRenderer.cpp')
  C:\Program Files\Microsoft Visual Studio\2022\Community\SDK\ScopeCppSDK\vc15\VC\include\yvals.h(247,1):
  see previous definition of '_DEPRECATE_TR1_NAMESPACE'
  
C:\Program Files\Microsoft Visual Studio\2022\Community\VC\Tools\MSVC\14.39.33519\include\yvals_core.h(1014,1): warning C4005: '_MISMATCHED_ALLOCATOR_MESSAGE': macro redefinition [c:\originalhr2\HoverRaceAI\NetTarget\ObjFacTools\ObjFacTools.vcxproj]
  (compiling source file 'FreeElementBaseRenderer.cpp')
  C:\Program Files\Microsoft Visual Studio\2022\Community\SDK\ScopeCppSDK\vc15\VC\include\yvals.h(303,1):
  see previous definition of '_MISMATCHED_ALLOCATOR_MESSAGE'
  
  ObjectFactoryData.cpp
  _WIN32_WINNT not defined. Defaulting to _WIN32_WINNT_MAXVER (see WinSDKVer.h)
C:\Program Files\Microsoft Visual Studio\2022\Community\VC\Tools\MSVC\14.39.33519\include\yvals_core.h(880,1): warning C4005: '_MSVC_STL_VERSION': macro redefinition [c:\originalhr2\HoverRaceAI\NetTarget\ObjFacTools\ObjFacTools.vcxproj]
  (compiling source file 'ObjectFactoryData.cpp')
  C:\Program Files\Microsoft Visual Studio\2022\Community\SDK\ScopeCppSDK\vc15\VC\include\yvals.h(156,1):
  see previous definition of '_MSVC_STL_VERSION'
  
C:\Program Files\Microsoft Visual Studio\2022\Community\VC\Tools\MSVC\14.39.33519\include\yvals_core.h(881,1): warning C4005: '_MSVC_STL_UPDATE': macro redefinition [c:\originalhr2\HoverRaceAI\NetTarget\ObjFacTools\ObjFacTools.vcxproj]
  (compiling source file 'ObjectFactoryData.cpp')
  C:\Program Files\Microsoft Visual Studio\2022\Community\SDK\ScopeCppSDK\vc15\VC\include\yvals.h(157,1):
  see previous definition of '_MSVC_STL_UPDATE'
  
C:\Program Files\Microsoft Visual Studio\2022\Community\VC\Tools\MSVC\14.39.33519\include\yvals_core.h(1000,1): warning C4005: '_DEPRECATE_TR1_NAMESPACE': macro redefinition [c:\originalhr2\HoverRaceAI\NetTarget\ObjFacTools\ObjFacTools.vcxproj]
  (compiling source file 'ObjectFactoryData.cpp')
  C:\Program Files\Microsoft Visual Studio\2022\Community\SDK\ScopeCppSDK\vc15\VC\include\yvals.h(247,1):
  see previous definition of '_DEPRECATE_TR1_NAMESPACE'
  
C:\Program Files\Microsoft Visual Studio\2022\Community\VC\Tools\MSVC\14.39.33519\include\yvals_core.h(1014,1): warning C4005: '_MISMATCHED_ALLOCATOR_MESSAGE': macro redefinition [c:\originalhr2\HoverRaceAI\NetTarget\ObjFacTools\ObjFacTools.vcxproj]
  (compiling source file 'ObjectFactoryData.cpp')
  C:\Program Files\Microsoft Visual Studio\2022\Community\SDK\ScopeCppSDK\vc15\VC\include\yvals.h(303,1):
  see previous definition of '_MISMATCHED_ALLOCATOR_MESSAGE'
  
  ResActor.cpp
  _WIN32_WINNT not defined. Defaulting to _WIN32_WINNT_MAXVER (see WinSDKVer.h)
C:\Program Files\Microsoft Visual Studio\2022\Community\VC\Tools\MSVC\14.39.33519\include\yvals_core.h(880,1): warning C4005: '_MSVC_STL_VERSION': macro redefinition [c:\originalhr2\HoverRaceAI\NetTarget\ObjFacTools\ObjFacTools.vcxproj]
  (compiling source file 'ResActor.cpp')
  C:\Program Files\Microsoft Visual Studio\2022\Community\SDK\ScopeCppSDK\vc15\VC\include\yvals.h(156,1):
  see previous definition of '_MSVC_STL_VERSION'
  
C:\Program Files\Microsoft Visual Studio\2022\Community\VC\Tools\MSVC\14.39.33519\include\yvals_core.h(881,1): warning C4005: '_MSVC_STL_UPDATE': macro redefinition [c:\originalhr2\HoverRaceAI\NetTarget\ObjFacTools\ObjFacTools.vcxproj]
  (compiling source file 'ResActor.cpp')
  C:\Program Files\Microsoft Visual Studio\2022\Community\SDK\ScopeCppSDK\vc15\VC\include\yvals.h(157,1):
  see previous definition of '_MSVC_STL_UPDATE'
  
C:\Program Files\Microsoft Visual Studio\2022\Community\VC\Tools\MSVC\14.39.33519\include\yvals_core.h(1000,1): warning C4005: '_DEPRECATE_TR1_NAMESPACE': macro redefinition [c:\originalhr2\HoverRaceAI\NetTarget\ObjFacTools\ObjFacTools.vcxproj]
  (compiling source file 'ResActor.cpp')
  C:\Program Files\Microsoft Visual Studio\2022\Community\SDK\ScopeCppSDK\vc15\VC\include\yvals.h(247,1):
  see previous definition of '_DEPRECATE_TR1_NAMESPACE'
  
C:\Program Files\Microsoft Visual Studio\2022\Community\VC\Tools\MSVC\14.39.33519\include\yvals_core.h(1014,1): warning C4005: '_MISMATCHED_ALLOCATOR_MESSAGE': macro redefinition [c:\originalhr2\HoverRaceAI\NetTarget\ObjFacTools\ObjFacTools.vcxproj]
  (compiling source file 'ResActor.cpp')
  C:\Program Files\Microsoft Visual Studio\2022\Community\SDK\ScopeCppSDK\vc15\VC\include\yvals.h(303,1):
  see previous definition of '_MISMATCHED_ALLOCATOR_MESSAGE'
  
  ResBitmap.cpp
  _WIN32_WINNT not defined. Defaulting to _WIN32_WINNT_MAXVER (see WinSDKVer.h)
C:\Program Files\Microsoft Visual Studio\2022\Community\VC\Tools\MSVC\14.39.33519\include\yvals_core.h(880,1): warning C4005: '_MSVC_STL_VERSION': macro redefinition [c:\originalhr2\HoverRaceAI\NetTarget\ObjFacTools\ObjFacTools.vcxproj]
  (compiling source file 'ResBitmap.cpp')
  C:\Program Files\Microsoft Visual Studio\2022\Community\SDK\ScopeCppSDK\vc15\VC\include\yvals.h(156,1):
  see previous definition of '_MSVC_STL_VERSION'
  
C:\Program Files\Microsoft Visual Studio\2022\Community\VC\Tools\MSVC\14.39.33519\include\yvals_core.h(881,1): warning C4005: '_MSVC_STL_UPDATE': macro redefinition [c:\originalhr2\HoverRaceAI\NetTarget\ObjFacTools\ObjFacTools.vcxproj]
  (compiling source file 'ResBitmap.cpp')
  C:\Program Files\Microsoft Visual Studio\2022\Community\SDK\ScopeCppSDK\vc15\VC\include\yvals.h(157,1):
  see previous definition of '_MSVC_STL_UPDATE'
  
C:\Program Files\Microsoft Visual Studio\2022\Community\VC\Tools\MSVC\14.39.33519\include\yvals_core.h(1000,1): warning C4005: '_DEPRECATE_TR1_NAMESPACE': macro redefinition [c:\originalhr2\HoverRaceAI\NetTarget\ObjFacTools\ObjFacTools.vcxproj]
  (compiling source file 'ResBitmap.cpp')
  C:\Program Files\Microsoft Visual Studio\2022\Community\SDK\ScopeCppSDK\vc15\VC\include\yvals.h(247,1):
  see previous definition of '_DEPRECATE_TR1_NAMESPACE'
  
C:\Program Files\Microsoft Visual Studio\2022\Community\VC\Tools\MSVC\14.39.33519\include\yvals_core.h(1014,1): warning C4005: '_MISMATCHED_ALLOCATOR_MESSAGE': macro redefinition [c:\originalhr2\HoverRaceAI\NetTarget\ObjFacTools\ObjFacTools.vcxproj]
  (compiling source file 'ResBitmap.cpp')
  C:\Program Files\Microsoft Visual Studio\2022\Community\SDK\ScopeCppSDK\vc15\VC\include\yvals.h(303,1):
  see previous definition of '_MISMATCHED_ALLOCATOR_MESSAGE'
  
  ResSound.cpp
  _WIN32_WINNT not defined. Defaulting to _WIN32_WINNT_MAXVER (see WinSDKVer.h)
C:\Program Files\Microsoft Visual Studio\2022\Community\VC\Tools\MSVC\14.39.33519\include\yvals_core.h(880,1): warning C4005: '_MSVC_STL_VERSION': macro redefinition [c:\originalhr2\HoverRaceAI\NetTarget\ObjFacTools\ObjFacTools.vcxproj]
  (compiling source file 'ResSound.cpp')
  C:\Program Files\Microsoft Visual Studio\2022\Community\SDK\ScopeCppSDK\vc15\VC\include\yvals.h(156,1):
  see previous definition of '_MSVC_STL_VERSION'
  
C:\Program Files\Microsoft Visual Studio\2022\Community\VC\Tools\MSVC\14.39.33519\include\yvals_core.h(881,1): warning C4005: '_MSVC_STL_UPDATE': macro redefinition [c:\originalhr2\HoverRaceAI\NetTarget\ObjFacTools\ObjFacTools.vcxproj]
  (compiling source file 'ResSound.cpp')
  C:\Program Files\Microsoft Visual Studio\2022\Community\SDK\ScopeCppSDK\vc15\VC\include\yvals.h(157,1):
  see previous definition of '_MSVC_STL_UPDATE'
  
C:\Program Files\Microsoft Visual Studio\2022\Community\VC\Tools\MSVC\14.39.33519\include\yvals_core.h(1000,1): warning C4005: '_DEPRECATE_TR1_NAMESPACE': macro redefinition [c:\originalhr2\HoverRaceAI\NetTarget\ObjFacTools\ObjFacTools.vcxproj]
  (compiling source file 'ResSound.cpp')
  C:\Program Files\Microsoft Visual Studio\2022\Community\SDK\ScopeCppSDK\vc15\VC\include\yvals.h(247,1):
  see previous definition of '_DEPRECATE_TR1_NAMESPACE'
  
C:\Program Files\Microsoft Visual Studio\2022\Community\VC\Tools\MSVC\14.39.33519\include\yvals_core.h(1014,1): warning C4005: '_MISMATCHED_ALLOCATOR_MESSAGE': macro redefinition [c:\originalhr2\HoverRaceAI\NetTarget\ObjFacTools\ObjFacTools.vcxproj]
  (compiling source file 'ResSound.cpp')
  C:\Program Files\Microsoft Visual Studio\2022\Community\SDK\ScopeCppSDK\vc15\VC\include\yvals.h(303,1):
  see previous definition of '_MISMATCHED_ALLOCATOR_MESSAGE'
  
  ResSprite.cpp
  _WIN32_WINNT not defined. Defaulting to _WIN32_WINNT_MAXVER (see WinSDKVer.h)
C:\Program Files\Microsoft Visual Studio\2022\Community\VC\Tools\MSVC\14.39.33519\include\yvals_core.h(880,1): warning C4005: '_MSVC_STL_VERSION': macro redefinition [c:\originalhr2\HoverRaceAI\NetTarget\ObjFacTools\ObjFacTools.vcxproj]
  (compiling source file 'ResSprite.cpp')
  C:\Program Files\Microsoft Visual Studio\2022\Community\SDK\ScopeCppSDK\vc15\VC\include\yvals.h(156,1):
  see previous definition of '_MSVC_STL_VERSION'
  
C:\Program Files\Microsoft Visual Studio\2022\Community\VC\Tools\MSVC\14.39.33519\include\yvals_core.h(881,1): warning C4005: '_MSVC_STL_UPDATE': macro redefinition [c:\originalhr2\HoverRaceAI\NetTarget\ObjFacTools\ObjFacTools.vcxproj]
  (compiling source file 'ResSprite.cpp')
  C:\Program Files\Microsoft Visual Studio\2022\Community\SDK\ScopeCppSDK\vc15\VC\include\yvals.h(157,1):
  see previous definition of '_MSVC_STL_UPDATE'
  
C:\Program Files\Microsoft Visual Studio\2022\Community\VC\Tools\MSVC\14.39.33519\include\yvals_core.h(1000,1): warning C4005: '_DEPRECATE_TR1_NAMESPACE': macro redefinition [c:\originalhr2\HoverRaceAI\NetTarget\ObjFacTools\ObjFacTools.vcxproj]
  (compiling source file 'ResSprite.cpp')
  C:\Program Files\Microsoft Visual Studio\2022\Community\SDK\ScopeCppSDK\vc15\VC\include\yvals.h(247,1):
  see previous definition of '_DEPRECATE_TR1_NAMESPACE'
  
C:\Program Files\Microsoft Visual Studio\2022\Community\VC\Tools\MSVC\14.39.33519\include\yvals_core.h(1014,1): warning C4005: '_MISMATCHED_ALLOCATOR_MESSAGE': macro redefinition [c:\originalhr2\HoverRaceAI\NetTarget\ObjFacTools\ObjFacTools.vcxproj]
  (compiling source file 'ResSprite.cpp')
  C:\Program Files\Microsoft Visual Studio\2022\Community\SDK\ScopeCppSDK\vc15\VC\include\yvals.h(303,1):
  see previous definition of '_MISMATCHED_ALLOCATOR_MESSAGE'
  
  ResourceLib.cpp
  _WIN32_WINNT not defined. Defaulting to _WIN32_WINNT_MAXVER (see WinSDKVer.h)
C:\Program Files\Microsoft Visual Studio\2022\Community\VC\Tools\MSVC\14.39.33519\include\yvals_core.h(880,1): warning C4005: '_MSVC_STL_VERSION': macro redefinition [c:\originalhr2\HoverRaceAI\NetTarget\ObjFacTools\ObjFacTools.vcxproj]
  (compiling source file 'ResourceLib.cpp')
  C:\Program Files\Microsoft Visual Studio\2022\Community\SDK\ScopeCppSDK\vc15\VC\include\yvals.h(156,1):
  see previous definition of '_MSVC_STL_VERSION'
  
C:\Program Files\Microsoft Visual Studio\2022\Community\VC\Tools\MSVC\14.39.33519\include\yvals_core.h(881,1): warning C4005: '_MSVC_STL_UPDATE': macro redefinition [c:\originalhr2\HoverRaceAI\NetTarget\ObjFacTools\ObjFacTools.vcxproj]
  (compiling source file 'ResourceLib.cpp')
  C:\Program Files\Microsoft Visual Studio\2022\Community\SDK\ScopeCppSDK\vc15\VC\include\yvals.h(157,1):
  see previous definition of '_MSVC_STL_UPDATE'
  
C:\Program Files\Microsoft Visual Studio\2022\Community\VC\Tools\MSVC\14.39.33519\include\yvals_core.h(1000,1): warning C4005: '_DEPRECATE_TR1_NAMESPACE': macro redefinition [c:\originalhr2\HoverRaceAI\NetTarget\ObjFacTools\ObjFacTools.vcxproj]
  (compiling source file 'ResourceLib.cpp')
  C:\Program Files\Microsoft Visual Studio\2022\Community\SDK\ScopeCppSDK\vc15\VC\include\yvals.h(247,1):
  see previous definition of '_DEPRECATE_TR1_NAMESPACE'
  
C:\Program Files\Microsoft Visual Studio\2022\Community\VC\Tools\MSVC\14.39.33519\include\yvals_core.h(1014,1): warning C4005: '_MISMATCHED_ALLOCATOR_MESSAGE': macro redefinition [c:\originalhr2\HoverRaceAI\NetTarget\ObjFacTools\ObjFacTools.vcxproj]
  (compiling source file 'ResourceLib.cpp')
  C:\Program Files\Microsoft Visual Studio\2022\Community\SDK\ScopeCppSDK\vc15\VC\include\yvals.h(303,1):
  see previous definition of '_MISMATCHED_ALLOCATOR_MESSAGE'
  
c:\originalhr2\HoverRaceAI\NetTarget\ObjFacTools\ResourceLib.cpp(31,20): warning C4996: 'fopen': This function or variable may be unsafe. Consider using fopen_s instead. To disable deprecation, use _CRT_SECURE_NO_WARNINGS. See online help for details. [c:\originalhr2\HoverRaceAI\NetTarget\ObjFacTools\ObjFacTools.vcxproj]
c:\originalhr2\HoverRaceAI\NetTarget\ObjFacTools\ResourceLib.cpp(229,20): warning C4996: 'fopen': This function or variable may be unsafe. Consider using fopen_s instead. To disable deprecation, use _CRT_SECURE_NO_WARNINGS. See online help for details. [c:\originalhr2\HoverRaceAI\NetTarget\ObjFacTools\ObjFacTools.vcxproj]
c:\originalhr2\HoverRaceAI\NetTarget\ObjFacTools\ResourceLib.cpp(260,20): warning C4996: 'fopen': This function or variable may be unsafe. Consider using fopen_s instead. To disable deprecation, use _CRT_SECURE_NO_WARNINGS. See online help for details. [c:\originalhr2\HoverRaceAI\NetTarget\ObjFacTools\ObjFacTools.vcxproj]
c:\originalhr2\HoverRaceAI\NetTarget\ObjFacTools\ResourceLib.cpp(290,20): warning C4996: 'fopen': This function or variable may be unsafe. Consider using fopen_s instead. To disable deprecation, use _CRT_SECURE_NO_WARNINGS. See online help for details. [c:\originalhr2\HoverRaceAI\NetTarget\ObjFacTools\ObjFacTools.vcxproj]
  SpriteHandle.cpp
  _WIN32_WINNT not defined. Defaulting to _WIN32_WINNT_MAXVER (see WinSDKVer.h)
C:\Program Files\Microsoft Visual Studio\2022\Community\VC\Tools\MSVC\14.39.33519\include\yvals_core.h(880,1): warning C4005: '_MSVC_STL_VERSION': macro redefinition [c:\originalhr2\HoverRaceAI\NetTarget\ObjFacTools\ObjFacTools.vcxproj]
  (compiling source file 'SpriteHandle.cpp')
  C:\Program Files\Microsoft Visual Studio\2022\Community\SDK\ScopeCppSDK\vc15\VC\include\yvals.h(156,1):
  see previous definition of '_MSVC_STL_VERSION'
  
C:\Program Files\Microsoft Visual Studio\2022\Community\VC\Tools\MSVC\14.39.33519\include\yvals_core.h(881,1): warning C4005: '_MSVC_STL_UPDATE': macro redefinition [c:\originalhr2\HoverRaceAI\NetTarget\ObjFacTools\ObjFacTools.vcxproj]
  (compiling source file 'SpriteHandle.cpp')
  C:\Program Files\Microsoft Visual Studio\2022\Community\SDK\ScopeCppSDK\vc15\VC\include\yvals.h(157,1):
  see previous definition of '_MSVC_STL_UPDATE'
  
C:\Program Files\Microsoft Visual Studio\2022\Community\VC\Tools\MSVC\14.39.33519\include\yvals_core.h(1000,1): warning C4005: '_DEPRECATE_TR1_NAMESPACE': macro redefinition [c:\originalhr2\HoverRaceAI\NetTarget\ObjFacTools\ObjFacTools.vcxproj]
  (compiling source file 'SpriteHandle.cpp')
  C:\Program Files\Microsoft Visual Studio\2022\Community\SDK\ScopeCppSDK\vc15\VC\include\yvals.h(247,1):
  see previous definition of '_DEPRECATE_TR1_NAMESPACE'
  
C:\Program Files\Microsoft Visual Studio\2022\Community\VC\Tools\MSVC\14.39.33519\include\yvals_core.h(1014,1): warning C4005: '_MISMATCHED_ALLOCATOR_MESSAGE': macro redefinition [c:\originalhr2\HoverRaceAI\NetTarget\ObjFacTools\ObjFacTools.vcxproj]
  (compiling source file 'SpriteHandle.cpp')
  C:\Program Files\Microsoft Visual Studio\2022\Community\SDK\ScopeCppSDK\vc15\VC\include\yvals.h(303,1):
  see previous definition of '_MISMATCHED_ALLOCATOR_MESSAGE'
  
  StdAfx.cpp
  _WIN32_WINNT not defined. Defaulting to _WIN32_WINNT_MAXVER (see WinSDKVer.h)
C:\Program Files\Microsoft Visual Studio\2022\Community\VC\Tools\MSVC\14.39.33519\include\yvals_core.h(880,1): warning C4005: '_MSVC_STL_VERSION': macro redefinition [c:\originalhr2\HoverRaceAI\NetTarget\ObjFacTools\ObjFacTools.vcxproj]
  (compiling source file 'StdAfx.cpp')
  C:\Program Files\Microsoft Visual Studio\2022\Community\SDK\ScopeCppSDK\vc15\VC\include\yvals.h(156,1):
  see previous definition of '_MSVC_STL_VERSION'
  
C:\Program Files\Microsoft Visual Studio\2022\Community\VC\Tools\MSVC\14.39.33519\include\yvals_core.h(881,1): warning C4005: '_MSVC_STL_UPDATE': macro redefinition [c:\originalhr2\HoverRaceAI\NetTarget\ObjFacTools\ObjFacTools.vcxproj]
  (compiling source file 'StdAfx.cpp')
  C:\Program Files\Microsoft Visual Studio\2022\Community\SDK\ScopeCppSDK\vc15\VC\include\yvals.h(157,1):
  see previous definition of '_MSVC_STL_UPDATE'
  
C:\Program Files\Microsoft Visual Studio\2022\Community\VC\Tools\MSVC\14.39.33519\include\yvals_core.h(1000,1): warning C4005: '_DEPRECATE_TR1_NAMESPACE': macro redefinition [c:\originalhr2\HoverRaceAI\NetTarget\ObjFacTools\ObjFacTools.vcxproj]
  (compiling source file 'StdAfx.cpp')
  C:\Program Files\Microsoft Visual Studio\2022\Community\SDK\ScopeCppSDK\vc15\VC\include\yvals.h(247,1):
  see previous definition of '_DEPRECATE_TR1_NAMESPACE'
  
C:\Program Files\Microsoft Visual Studio\2022\Community\VC\Tools\MSVC\14.39.33519\include\yvals_core.h(1014,1): warning C4005: '_MISMATCHED_ALLOCATOR_MESSAGE': macro redefinition [c:\originalhr2\HoverRaceAI\NetTarget\ObjFacTools\ObjFacTools.vcxproj]
  (compiling source file 'StdAfx.cpp')
  C:\Program Files\Microsoft Visual Studio\2022\Community\SDK\ScopeCppSDK\vc15\VC\include\yvals.h(303,1):
  see previous definition of '_MISMATCHED_ALLOCATOR_MESSAGE'
  
  Generating Code...
  ObjFacTools.vcxproj -> c:\originalhr2\HoverRaceAI\Release\ObjFacTools.dll
  ColorTools.vcxproj -> c:\originalhr2\HoverRaceAI\Release\ColorTools.dll
  MainCharacter.vcxproj -> c:\originalhr2\HoverRaceAI\Release\MainCharacter.dll
cl : command line  warning D9025: overriding '/EHs' with '/EHa' [c:\originalhr2\HoverRaceAI\NetTarget\Game2\Game2.vcxproj]
  Banner.cpp
  _WIN32_WINNT not defined. Defaulting to _WIN32_WINNT_MAXVER (see WinSDKVer.h)
C:\Program Files\Microsoft Visual Studio\2022\Community\VC\Tools\MSVC\14.39.33519\include\yvals_core.h(880,1): warning C4005: '_MSVC_STL_VERSION': macro redefinition [c:\originalhr2\HoverRaceAI\NetTarget\Game2\Game2.vcxproj]
  (compiling source file 'Banner.cpp')
  C:\Program Files\Microsoft Visual Studio\2022\Community\SDK\ScopeCppSDK\vc15\VC\include\yvals.h(156,1):
  see previous definition of '_MSVC_STL_VERSION'
  
C:\Program Files\Microsoft Visual Studio\2022\Community\VC\Tools\MSVC\14.39.33519\include\yvals_core.h(881,1): warning C4005: '_MSVC_STL_UPDATE': macro redefinition [c:\originalhr2\HoverRaceAI\NetTarget\Game2\Game2.vcxproj]
  (compiling source file 'Banner.cpp')
  C:\Program Files\Microsoft Visual Studio\2022\Community\SDK\ScopeCppSDK\vc15\VC\include\yvals.h(157,1):
  see previous definition of '_MSVC_STL_UPDATE'
  
C:\Program Files\Microsoft Visual Studio\2022\Community\VC\Tools\MSVC\14.39.33519\include\yvals_core.h(1000,1): warning C4005: '_DEPRECATE_TR1_NAMESPACE': macro redefinition [c:\originalhr2\HoverRaceAI\NetTarget\Game2\Game2.vcxproj]
  (compiling source file 'Banner.cpp')
  C:\Program Files\Microsoft Visual Studio\2022\Community\SDK\ScopeCppSDK\vc15\VC\include\yvals.h(247,1):
  see previous definition of '_DEPRECATE_TR1_NAMESPACE'
  
C:\Program Files\Microsoft Visual Studio\2022\Community\VC\Tools\MSVC\14.39.33519\include\yvals_core.h(1014,1): warning C4005: '_MISMATCHED_ALLOCATOR_MESSAGE': macro redefinition [c:\originalhr2\HoverRaceAI\NetTarget\Game2\Game2.vcxproj]
  (compiling source file 'Banner.cpp')
  C:\Program Files\Microsoft Visual Studio\2022\Community\SDK\ScopeCppSDK\vc15\VC\include\yvals.h(303,1):
  see previous definition of '_MISMATCHED_ALLOCATOR_MESSAGE'
  
c:\originalhr2\HoverRaceAI\NetTarget\Game2\Banner.cpp(273,66): warning C4100: 'pStreamLen': unreferenced formal parameter [c:\originalhr2\HoverRaceAI\NetTarget\Game2\Game2.vcxproj]
c:\originalhr2\HoverRaceAI\NetTarget\Game2\Banner.cpp(273,50): warning C4100: 'pGifStream': unreferenced formal parameter [c:\originalhr2\HoverRaceAI\NetTarget\Game2\Game2.vcxproj]
c:\originalhr2\HoverRaceAI\NetTarget\Game2\Banner.cpp(314,4): warning C4996: 'strcat': This function or variable may be unsafe. Consider using strcat_s instead. To disable deprecation, use _CRT_SECURE_NO_WARNINGS. See online help for details. [c:\originalhr2\HoverRaceAI\NetTarget\Game2\Game2.vcxproj]
c:\originalhr2\HoverRaceAI\NetTarget\Game2\Banner.cpp(316,18): warning C4996: 'fopen': This function or variable may be unsafe. Consider using fopen_s instead. To disable deprecation, use _CRT_SECURE_NO_WARNINGS. See online help for details. [c:\originalhr2\HoverRaceAI\NetTarget\Game2\Game2.vcxproj]
c:\originalhr2\HoverRaceAI\NetTarget\Game2\Banner.cpp(371,7): warning C4996: 'strcpy': This function or variable may be unsafe. Consider using strcpy_s instead. To disable deprecation, use _CRT_SECURE_NO_WARNINGS. See online help for details. [c:\originalhr2\HoverRaceAI\NetTarget\Game2\Game2.vcxproj]
c:\originalhr2\HoverRaceAI\NetTarget\Game2\Banner.cpp(374,21): warning C4996: 'fopen': This function or variable may be unsafe. Consider using fopen_s instead. To disable deprecation, use _CRT_SECURE_NO_WARNINGS. See online help for details. [c:\originalhr2\HoverRaceAI\NetTarget\Game2\Game2.vcxproj]
c:\originalhr2\HoverRaceAI\NetTarget\Game2\Banner.cpp(382,13): warning C4996: 'sscanf': This function or variable may be unsafe. Consider using sscanf_s instead. To disable deprecation, use _CRT_SECURE_NO_WARNINGS. See online help for details. [c:\originalhr2\HoverRaceAI\NetTarget\Game2\Game2.vcxproj]
  ClientSession.cpp
  _WIN32_WINNT not defined. Defaulting to _WIN32_WINNT_MAXVER (see WinSDKVer.h)
C:\Program Files\Microsoft Visual Studio\2022\Community\VC\Tools\MSVC\14.39.33519\include\yvals_core.h(880,1): warning C4005: '_MSVC_STL_VERSION': macro redefinition [c:\originalhr2\HoverRaceAI\NetTarget\Game2\Game2.vcxproj]
  (compiling source file 'ClientSession.cpp')
  C:\Program Files\Microsoft Visual Studio\2022\Community\SDK\ScopeCppSDK\vc15\VC\include\yvals.h(156,1):
  see previous definition of '_MSVC_STL_VERSION'
  
C:\Program Files\Microsoft Visual Studio\2022\Community\VC\Tools\MSVC\14.39.33519\include\yvals_core.h(881,1): warning C4005: '_MSVC_STL_UPDATE': macro redefinition [c:\originalhr2\HoverRaceAI\NetTarget\Game2\Game2.vcxproj]
  (compiling source file 'ClientSession.cpp')
  C:\Program Files\Microsoft Visual Studio\2022\Community\SDK\ScopeCppSDK\vc15\VC\include\yvals.h(157,1):
  see previous definition of '_MSVC_STL_UPDATE'
  
C:\Program Files\Microsoft Visual Studio\2022\Community\VC\Tools\MSVC\14.39.33519\include\yvals_core.h(1000,1): warning C4005: '_DEPRECATE_TR1_NAMESPACE': macro redefinition [c:\originalhr2\HoverRaceAI\NetTarget\Game2\Game2.vcxproj]
  (compiling source file 'ClientSession.cpp')
  C:\Program Files\Microsoft Visual Studio\2022\Community\SDK\ScopeCppSDK\vc15\VC\include\yvals.h(247,1):
  see previous definition of '_DEPRECATE_TR1_NAMESPACE'
  
C:\Program Files\Microsoft Visual Studio\2022\Community\VC\Tools\MSVC\14.39.33519\include\yvals_core.h(1014,1): warning C4005: '_MISMATCHED_ALLOCATOR_MESSAGE': macro redefinition [c:\originalhr2\HoverRaceAI\NetTarget\Game2\Game2.vcxproj]
  (compiling source file 'ClientSession.cpp')
  C:\Program Files\Microsoft Visual Studio\2022\Community\SDK\ScopeCppSDK\vc15\VC\include\yvals.h(303,1):
  see previous definition of '_MISMATCHED_ALLOCATOR_MESSAGE'
  
c:\originalhr2\HoverRaceAI\NetTarget\Game2\ClientSession.cpp(51,37): warning C4100: 'pSpeedFactor': unreferenced formal parameter [c:\originalhr2\HoverRaceAI\NetTarget\Game2\Game2.vcxproj]
c:\originalhr2\HoverRaceAI\NetTarget\Game2\ClientSession.cpp(129,20): warning C4996: 'fopen': This function or variable may be unsafe. Consider using fopen_s instead. To disable deprecation, use _CRT_SECURE_NO_WARNINGS. See online help for details. [c:\originalhr2\HoverRaceAI\NetTarget\Game2\Game2.vcxproj]
c:\originalhr2\HoverRaceAI\NetTarget\Game2\ClientSession.cpp(194,20): warning C4996: 'fopen': This function or variable may be unsafe. Consider using fopen_s instead. To disable deprecation, use _CRT_SECURE_NO_WARNINGS. See online help for details. [c:\originalhr2\HoverRaceAI\NetTarget\Game2\Game2.vcxproj]
c:\originalhr2\HoverRaceAI\NetTarget\Game2\ClientSession.cpp(329,130): warning C4100: 'pNbHitHimself': unreferenced formal parameter [c:\originalhr2\HoverRaceAI\NetTarget\Game2\Game2.vcxproj]
c:\originalhr2\HoverRaceAI\NetTarget\Game2\ClientSession.cpp(329,112): warning C4100: 'pNbHitOther': unreferenced formal parameter [c:\originalhr2\HoverRaceAI\NetTarget\Game2\Game2.vcxproj]
c:\originalhr2\HoverRaceAI\NetTarget\Game2\ClientSession.cpp(329,95): warning C4100: 'pConnected': unreferenced formal parameter [c:\originalhr2\HoverRaceAI\NetTarget\Game2\Game2.vcxproj]
c:\originalhr2\HoverRaceAI\NetTarget\Game2\ClientSession.cpp(329,84): warning C4100: 'pId': unreferenced formal parameter [c:\originalhr2\HoverRaceAI\NetTarget\Game2\Game2.vcxproj]
c:\originalhr2\HoverRaceAI\NetTarget\Game2\ClientSession.cpp(329,42): warning C4100: 'pPosition': unreferenced formal parameter [c:\originalhr2\HoverRaceAI\NetTarget\Game2\Game2.vcxproj]
c:\originalhr2\HoverRaceAI\NetTarget\Game2\ClientSession.cpp(450,10): warning C4996: 'strcpy': This function or variable may be unsafe. Consider using strcpy_s instead. To disable deprecation, use _CRT_SECURE_NO_WARNINGS. See online help for details. [c:\originalhr2\HoverRaceAI\NetTarget\Game2\Game2.vcxproj]
  CommonDialog.cpp
  _WIN32_WINNT not defined. Defaulting to _WIN32_WINNT_MAXVER (see WinSDKVer.h)
C:\Program Files\Microsoft Visual Studio\2022\Community\VC\Tools\MSVC\14.39.33519\include\yvals_core.h(880,1): warning C4005: '_MSVC_STL_VERSION': macro redefinition [c:\originalhr2\HoverRaceAI\NetTarget\Game2\Game2.vcxproj]
  (compiling source file 'CommonDialog.cpp')
  C:\Program Files\Microsoft Visual Studio\2022\Community\SDK\ScopeCppSDK\vc15\VC\include\yvals.h(156,1):
  see previous definition of '_MSVC_STL_VERSION'
  
C:\Program Files\Microsoft Visual Studio\2022\Community\VC\Tools\MSVC\14.39.33519\include\yvals_core.h(881,1): warning C4005: '_MSVC_STL_UPDATE': macro redefinition [c:\originalhr2\HoverRaceAI\NetTarget\Game2\Game2.vcxproj]
  (compiling source file 'CommonDialog.cpp')
  C:\Program Files\Microsoft Visual Studio\2022\Community\SDK\ScopeCppSDK\vc15\VC\include\yvals.h(157,1):
  see previous definition of '_MSVC_STL_UPDATE'
  
C:\Program Files\Microsoft Visual Studio\2022\Community\VC\Tools\MSVC\14.39.33519\include\yvals_core.h(1000,1): warning C4005: '_DEPRECATE_TR1_NAMESPACE': macro redefinition [c:\originalhr2\HoverRaceAI\NetTarget\Game2\Game2.vcxproj]
  (compiling source file 'CommonDialog.cpp')
  C:\Program Files\Microsoft Visual Studio\2022\Community\SDK\ScopeCppSDK\vc15\VC\include\yvals.h(247,1):
  see previous definition of '_DEPRECATE_TR1_NAMESPACE'
  
C:\Program Files\Microsoft Visual Studio\2022\Community\VC\Tools\MSVC\14.39.33519\include\yvals_core.h(1014,1): warning C4005: '_MISMATCHED_ALLOCATOR_MESSAGE': macro redefinition [c:\originalhr2\HoverRaceAI\NetTarget\Game2\Game2.vcxproj]
  (compiling source file 'CommonDialog.cpp')
  C:\Program Files\Microsoft Visual Studio\2022\Community\SDK\ScopeCppSDK\vc15\VC\include\yvals.h(303,1):
  see previous definition of '_MISMATCHED_ALLOCATOR_MESSAGE'
  
  GameApp.cpp
  _WIN32_WINNT not defined. Defaulting to _WIN32_WINNT_MAXVER (see WinSDKVer.h)
C:\Program Files\Microsoft Visual Studio\2022\Community\VC\Tools\MSVC\14.39.33519\include\yvals_core.h(880,1): warning C4005: '_MSVC_STL_VERSION': macro redefinition [c:\originalhr2\HoverRaceAI\NetTarget\Game2\Game2.vcxproj]
  (compiling source file 'GameApp.cpp')
  C:\Program Files\Microsoft Visual Studio\2022\Community\SDK\ScopeCppSDK\vc15\VC\include\yvals.h(156,1):
  see previous definition of '_MSVC_STL_VERSION'
  
C:\Program Files\Microsoft Visual Studio\2022\Community\VC\Tools\MSVC\14.39.33519\include\yvals_core.h(881,1): warning C4005: '_MSVC_STL_UPDATE': macro redefinition [c:\originalhr2\HoverRaceAI\NetTarget\Game2\Game2.vcxproj]
  (compiling source file 'GameApp.cpp')
  C:\Program Files\Microsoft Visual Studio\2022\Community\SDK\ScopeCppSDK\vc15\VC\include\yvals.h(157,1):
  see previous definition of '_MSVC_STL_UPDATE'
  
C:\Program Files\Microsoft Visual Studio\2022\Community\VC\Tools\MSVC\14.39.33519\include\yvals_core.h(1000,1): warning C4005: '_DEPRECATE_TR1_NAMESPACE': macro redefinition [c:\originalhr2\HoverRaceAI\NetTarget\Game2\Game2.vcxproj]
  (compiling source file 'GameApp.cpp')
  C:\Program Files\Microsoft Visual Studio\2022\Community\SDK\ScopeCppSDK\vc15\VC\include\yvals.h(247,1):
  see previous definition of '_DEPRECATE_TR1_NAMESPACE'
  
C:\Program Files\Microsoft Visual Studio\2022\Community\VC\Tools\MSVC\14.39.33519\include\yvals_core.h(1014,1): warning C4005: '_MISMATCHED_ALLOCATOR_MESSAGE': macro redefinition [c:\originalhr2\HoverRaceAI\NetTarget\Game2\Game2.vcxproj]
  (compiling source file 'GameApp.cpp')
  C:\Program Files\Microsoft Visual Studio\2022\Community\SDK\ScopeCppSDK\vc15\VC\include\yvals.h(303,1):
  see previous definition of '_MISMATCHED_ALLOCATOR_MESSAGE'
  
c:\originalhr2\HoverRaceAI\NetTarget\Game2\Security.h(62,45): warning C4244: '+=': conversion from 'int' to 'unsigned short', possible loss of data [c:\originalhr2\HoverRaceAI\NetTarget\Game2\Game2.vcxproj]
  (compiling source file 'GameApp.cpp')
  
c:\originalhr2\HoverRaceAI\NetTarget\Game2\Security.h(63,45): warning C4244: '+=': conversion from 'int' to 'unsigned short', possible loss of data [c:\originalhr2\HoverRaceAI\NetTarget\Game2\Game2.vcxproj]
  (compiling source file 'GameApp.cpp')
  
c:\originalhr2\HoverRaceAI\NetTarget\Game2\Security.h(64,45): warning C4244: '+=': conversion from 'int' to 'unsigned short', possible loss of data [c:\originalhr2\HoverRaceAI\NetTarget\Game2\Game2.vcxproj]
  (compiling source file 'GameApp.cpp')
  
c:\originalhr2\HoverRaceAI\NetTarget\Game2\Security.h(65,40): warning C4244: '+=': conversion from 'int' to 'unsigned short', possible loss of data [c:\originalhr2\HoverRaceAI\NetTarget\Game2\Game2.vcxproj]
  (compiling source file 'GameApp.cpp')
  
c:\originalhr2\HoverRaceAI\NetTarget\Game2\Security.h(179,11): warning C4244: 'return': conversion from 'unsigned short' to 'unsigned char', possible loss of data [c:\originalhr2\HoverRaceAI\NetTarget\Game2\Game2.vcxproj]
  (compiling source file 'GameApp.cpp')
  
c:\originalhr2\HoverRaceAI\NetTarget\Game2\Security.h(192,11): warning C4244: 'return': conversion from 'unsigned short' to 'unsigned char', possible loss of data [c:\originalhr2\HoverRaceAI\NetTarget\Game2\Game2.vcxproj]
  (compiling source file 'GameApp.cpp')
  
c:\originalhr2\HoverRaceAI\NetTarget\Game2\Security.h(204,18): warning C4244: 'initializing': conversion from 'int' to 'char', possible loss of data [c:\originalhr2\HoverRaceAI\NetTarget\Game2\Game2.vcxproj]
  (compiling source file 'GameApp.cpp')
  
c:\originalhr2\HoverRaceAI\NetTarget\Game2\GameApp.cpp(198,28): warning C4996: 'fopen': This function or variable may be unsafe. Consider using fopen_s instead. To disable deprecation, use _CRT_SECURE_NO_WARNINGS. See online help for details. [c:\originalhr2\HoverRaceAI\NetTarget\Game2\Game2.vcxproj]
c:\originalhr2\HoverRaceAI\NetTarget\Game2\GameApp.cpp(213,30): warning C4996: 'fopen': This function or variable may be unsafe. Consider using fopen_s instead. To disable deprecation, use _CRT_SECURE_NO_WARNINGS. See online help for details. [c:\originalhr2\HoverRaceAI\NetTarget\Game2\Game2.vcxproj]
c:\originalhr2\HoverRaceAI\NetTarget\Game2\GameApp.cpp(759,28): warning C4244: '=': conversion from 'int' to 'MR_UInt8', possible loss of data [c:\originalhr2\HoverRaceAI\NetTarget\Game2\Game2.vcxproj]
c:\originalhr2\HoverRaceAI\NetTarget\Game2\GameApp.cpp(760,28): warning C4244: '=': conversion from 'int' to 'MR_UInt8', possible loss of data [c:\originalhr2\HoverRaceAI\NetTarget\Game2\Game2.vcxproj]
c:\originalhr2\HoverRaceAI\NetTarget\Game2\GameApp.cpp(761,28): warning C4244: '=': conversion from 'int' to 'MR_UInt8', possible loss of data [c:\originalhr2\HoverRaceAI\NetTarget\Game2\Game2.vcxproj]
c:\originalhr2\HoverRaceAI\NetTarget\Game2\GameApp.cpp(762,28): warning C4244: '=': conversion from 'int' to 'MR_UInt8', possible loss of data [c:\originalhr2\HoverRaceAI\NetTarget\Game2\Game2.vcxproj]
c:\originalhr2\HoverRaceAI\NetTarget\Game2\GameApp.cpp(763,28): warning C4244: '=': conversion from 'int' to 'MR_UInt8', possible loss of data [c:\originalhr2\HoverRaceAI\NetTarget\Game2\Game2.vcxproj]
c:\originalhr2\HoverRaceAI\NetTarget\Game2\GameApp.cpp(764,28): warning C4244: '=': conversion from 'int' to 'MR_UInt8', possible loss of data [c:\originalhr2\HoverRaceAI\NetTarget\Game2\Game2.vcxproj]
c:\originalhr2\HoverRaceAI\NetTarget\Game2\GameApp.cpp(765,28): warning C4244: '=': conversion from 'int' to 'MR_UInt8', possible loss of data [c:\originalhr2\HoverRaceAI\NetTarget\Game2\Game2.vcxproj]
c:\originalhr2\HoverRaceAI\NetTarget\Game2\GameApp.cpp(767,28): warning C4244: '=': conversion from 'int' to 'MR_UInt8', possible loss of data [c:\originalhr2\HoverRaceAI\NetTarget\Game2\Game2.vcxproj]
c:\originalhr2\HoverRaceAI\NetTarget\Game2\GameApp.cpp(768,28): warning C4244: '=': conversion from 'int' to 'MR_UInt8', possible loss of data [c:\originalhr2\HoverRaceAI\NetTarget\Game2\Game2.vcxproj]
c:\originalhr2\HoverRaceAI\NetTarget\Game2\GameApp.cpp(769,28): warning C4244: '=': conversion from 'int' to 'MR_UInt8', possible loss of data [c:\originalhr2\HoverRaceAI\NetTarget\Game2\Game2.vcxproj]
c:\originalhr2\HoverRaceAI\NetTarget\Game2\GameApp.cpp(770,28): warning C4244: '=': conversion from 'int' to 'MR_UInt8', possible loss of data [c:\originalhr2\HoverRaceAI\NetTarget\Game2\Game2.vcxproj]
c:\originalhr2\HoverRaceAI\NetTarget\Game2\GameApp.cpp(771,28): warning C4244: '=': conversion from 'int' to 'MR_UInt8', possible loss of data [c:\originalhr2\HoverRaceAI\NetTarget\Game2\Game2.vcxproj]
c:\originalhr2\HoverRaceAI\NetTarget\Game2\GameApp.cpp(772,28): warning C4244: '=': conversion from 'int' to 'MR_UInt8', possible loss of data [c:\originalhr2\HoverRaceAI\NetTarget\Game2\Game2.vcxproj]
c:\originalhr2\HoverRaceAI\NetTarget\Game2\GameApp.cpp(773,28): warning C4244: '=': conversion from 'int' to 'MR_UInt8', possible loss of data [c:\originalhr2\HoverRaceAI\NetTarget\Game2\Game2.vcxproj]
c:\originalhr2\HoverRaceAI\NetTarget\Game2\GameApp.cpp(1070,20): warning C4996: 'fopen': This function or variable may be unsafe. Consider using fopen_s instead. To disable deprecation, use _CRT_SECURE_NO_WARNINGS. See online help for details. [c:\originalhr2\HoverRaceAI\NetTarget\Game2\Game2.vcxproj]
c:\originalhr2\HoverRaceAI\NetTarget\Game2\GameApp.cpp(1192,14): warning C4996: 'fopen': This function or variable may be unsafe. Consider using fopen_s instead. To disable deprecation, use _CRT_SECURE_NO_WARNINGS. See online help for details. [c:\originalhr2\HoverRaceAI\NetTarget\Game2\Game2.vcxproj]
c:\originalhr2\HoverRaceAI\NetTarget\Game2\GameApp.cpp(1309,20): warning C4996: 'fopen': This function or variable may be unsafe. Consider using fopen_s instead. To disable deprecation, use _CRT_SECURE_NO_WARNINGS. See online help for details. [c:\originalhr2\HoverRaceAI\NetTarget\Game2\Game2.vcxproj]
c:\originalhr2\HoverRaceAI\NetTarget\Game2\GameApp.cpp(1464,85): warning C4100: 'pChar2': unreferenced formal parameter [c:\originalhr2\HoverRaceAI\NetTarget\Game2\Game2.vcxproj]
c:\originalhr2\HoverRaceAI\NetTarget\Game2\GameApp.cpp(1722,43): warning C4244: 'argument': conversion from 'int' to 'MR_UInt8', possible loss of data [c:\originalhr2\HoverRaceAI\NetTarget\Game2\Game2.vcxproj]
c:\originalhr2\HoverRaceAI\NetTarget\Game2\GameApp.cpp(1542,20): warning C4996: 'fopen': This function or variable may be unsafe. Consider using fopen_s instead. To disable deprecation, use _CRT_SECURE_NO_WARNINGS. See online help for details. [c:\originalhr2\HoverRaceAI\NetTarget\Game2\Game2.vcxproj]
c:\originalhr2\HoverRaceAI\NetTarget\Game2\GameApp.cpp(1555,17): warning C4996: 'fopen': This function or variable may be unsafe. Consider using fopen_s instead. To disable deprecation, use _CRT_SECURE_NO_WARNINGS. See online help for details. [c:\originalhr2\HoverRaceAI\NetTarget\Game2\Game2.vcxproj]
c:\originalhr2\HoverRaceAI\NetTarget\Game2\GameApp.cpp(1564,17): warning C4996: 'fopen': This function or variable may be unsafe. Consider using fopen_s instead. To disable deprecation, use _CRT_SECURE_NO_WARNINGS. See online help for details. [c:\originalhr2\HoverRaceAI\NetTarget\Game2\Game2.vcxproj]
c:\originalhr2\HoverRaceAI\NetTarget\Game2\GameApp.cpp(1568,20): warning C4996: 'fopen': This function or variable may be unsafe. Consider using fopen_s instead. To disable deprecation, use _CRT_SECURE_NO_WARNINGS. See online help for details. [c:\originalhr2\HoverRaceAI\NetTarget\Game2\Game2.vcxproj]
c:\originalhr2\HoverRaceAI\NetTarget\Game2\GameApp.cpp(1573,23): warning C4996: 'fopen': This function or variable may be unsafe. Consider using fopen_s instead. To disable deprecation, use _CRT_SECURE_NO_WARNINGS. See online help for details. [c:\originalhr2\HoverRaceAI\NetTarget\Game2\Game2.vcxproj]
c:\originalhr2\HoverRaceAI\NetTarget\Game2\GameApp.cpp(1579,26): warning C4996: 'fopen': This function or variable may be unsafe. Consider using fopen_s instead. To disable deprecation, use _CRT_SECURE_NO_WARNINGS. See online help for details. [c:\originalhr2\HoverRaceAI\NetTarget\Game2\Game2.vcxproj]
c:\originalhr2\HoverRaceAI\NetTarget\Game2\GameApp.cpp(1611,26): warning C4996: 'fopen': This function or variable may be unsafe. Consider using fopen_s instead. To disable deprecation, use _CRT_SECURE_NO_WARNINGS. See online help for details. [c:\originalhr2\HoverRaceAI\NetTarget\Game2\Game2.vcxproj]
c:\originalhr2\HoverRaceAI\NetTarget\Game2\GameApp.cpp(1616,29): warning C4996: 'fopen': This function or variable may be unsafe. Consider using fopen_s instead. To disable deprecation, use _CRT_SECURE_NO_WARNINGS. See online help for details. [c:\originalhr2\HoverRaceAI\NetTarget\Game2\Game2.vcxproj]
c:\originalhr2\HoverRaceAI\NetTarget\Game2\GameApp.cpp(1619,29): warning C4996: 'fopen': This function or variable may be unsafe. Consider using fopen_s instead. To disable deprecation, use _CRT_SECURE_NO_WARNINGS. See online help for details. [c:\originalhr2\HoverRaceAI\NetTarget\Game2\Game2.vcxproj]
c:\originalhr2\HoverRaceAI\NetTarget\Game2\GameApp.cpp(1630,32): warning C4996: 'fopen': This function or variable may be unsafe. Consider using fopen_s instead. To disable deprecation, use _CRT_SECURE_NO_WARNINGS. See online help for details. [c:\originalhr2\HoverRaceAI\NetTarget\Game2\Game2.vcxproj]
c:\originalhr2\HoverRaceAI\NetTarget\Game2\GameApp.cpp(1634,32): warning C4996: 'fopen': This function or variable may be unsafe. Consider using fopen_s instead. To disable deprecation, use _CRT_SECURE_NO_WARNINGS. See online help for details. [c:\originalhr2\HoverRaceAI\NetTarget\Game2\Game2.vcxproj]
c:\originalhr2\HoverRaceAI\NetTarget\Game2\GameApp.cpp(1639,35): warning C4996: 'fopen': This function or variable may be unsafe. Consider using fopen_s instead. To disable deprecation, use _CRT_SECURE_NO_WARNINGS. See online help for details. [c:\originalhr2\HoverRaceAI\NetTarget\Game2\Game2.vcxproj]
c:\originalhr2\HoverRaceAI\NetTarget\Game2\GameApp.cpp(1644,38): warning C4996: 'fopen': This function or variable may be unsafe. Consider using fopen_s instead. To disable deprecation, use _CRT_SECURE_NO_WARNINGS. See online help for details. [c:\originalhr2\HoverRaceAI\NetTarget\Game2\Game2.vcxproj]
c:\originalhr2\HoverRaceAI\NetTarget\Game2\GameApp.cpp(1648,38): warning C4996: 'fopen': This function or variable may be unsafe. Consider using fopen_s instead. To disable deprecation, use _CRT_SECURE_NO_WARNINGS. See online help for details. [c:\originalhr2\HoverRaceAI\NetTarget\Game2\Game2.vcxproj]
c:\originalhr2\HoverRaceAI\NetTarget\Game2\GameApp.cpp(1654,35): warning C4996: 'fopen': This function or variable may be unsafe. Consider using fopen_s instead. To disable deprecation, use _CRT_SECURE_NO_WARNINGS. See online help for details. [c:\originalhr2\HoverRaceAI\NetTarget\Game2\Game2.vcxproj]
c:\originalhr2\HoverRaceAI\NetTarget\Game2\GameApp.cpp(1658,29): warning C4996: 'fopen': This function or variable may be unsafe. Consider using fopen_s instead. To disable deprecation, use _CRT_SECURE_NO_WARNINGS. See online help for details. [c:\originalhr2\HoverRaceAI\NetTarget\Game2\Game2.vcxproj]
c:\originalhr2\HoverRaceAI\NetTarget\Game2\GameApp.cpp(1662,29): warning C4996: 'fopen': This function or variable may be unsafe. Consider using fopen_s instead. To disable deprecation, use _CRT_SECURE_NO_WARNINGS. See online help for details. [c:\originalhr2\HoverRaceAI\NetTarget\Game2\Game2.vcxproj]
c:\originalhr2\HoverRaceAI\NetTarget\Game2\GameApp.cpp(1667,35): warning C4996: 'fopen': This function or variable may be unsafe. Consider using fopen_s instead. To disable deprecation, use _CRT_SECURE_NO_WARNINGS. See online help for details. [c:\originalhr2\HoverRaceAI\NetTarget\Game2\Game2.vcxproj]
c:\originalhr2\HoverRaceAI\NetTarget\Game2\GameApp.cpp(1672,38): warning C4996: 'fopen': This function or variable may be unsafe. Consider using fopen_s instead. To disable deprecation, use _CRT_SECURE_NO_WARNINGS. See online help for details. [c:\originalhr2\HoverRaceAI\NetTarget\Game2\Game2.vcxproj]
c:\originalhr2\HoverRaceAI\NetTarget\Game2\GameApp.cpp(1676,38): warning C4996: 'fopen': This function or variable may be unsafe. Consider using fopen_s instead. To disable deprecation, use _CRT_SECURE_NO_WARNINGS. See online help for details. [c:\originalhr2\HoverRaceAI\NetTarget\Game2\Game2.vcxproj]
c:\originalhr2\HoverRaceAI\NetTarget\Game2\GameApp.cpp(1682,35): warning C4996: 'fopen': This function or variable may be unsafe. Consider using fopen_s instead. To disable deprecation, use _CRT_SECURE_NO_WARNINGS. See online help for details. [c:\originalhr2\HoverRaceAI\NetTarget\Game2\Game2.vcxproj]
c:\originalhr2\HoverRaceAI\NetTarget\Game2\GameApp.cpp(1696,29): warning C4996: 'fopen': This function or variable may be unsafe. Consider using fopen_s instead. To disable deprecation, use _CRT_SECURE_NO_WARNINGS. See online help for details. [c:\originalhr2\HoverRaceAI\NetTarget\Game2\Game2.vcxproj]
c:\originalhr2\HoverRaceAI\NetTarget\Game2\GameApp.cpp(1720,26): warning C4996: 'fopen': This function or variable may be unsafe. Consider using fopen_s instead. To disable deprecation, use _CRT_SECURE_NO_WARNINGS. See online help for details. [c:\originalhr2\HoverRaceAI\NetTarget\Game2\Game2.vcxproj]
c:\originalhr2\HoverRaceAI\NetTarget\Game2\GameApp.cpp(1724,23): warning C4996: 'fopen': This function or variable may be unsafe. Consider using fopen_s instead. To disable deprecation, use _CRT_SECURE_NO_WARNINGS. See online help for details. [c:\originalhr2\HoverRaceAI\NetTarget\Game2\Game2.vcxproj]
c:\originalhr2\HoverRaceAI\NetTarget\Game2\GameApp.cpp(1737,32): warning C4996: 'fopen': This function or variable may be unsafe. Consider using fopen_s instead. To disable deprecation, use _CRT_SECURE_NO_WARNINGS. See online help for details. [c:\originalhr2\HoverRaceAI\NetTarget\Game2\Game2.vcxproj]
c:\originalhr2\HoverRaceAI\NetTarget\Game2\GameApp.cpp(1745,32): warning C4996: 'fopen': This function or variable may be unsafe. Consider using fopen_s instead. To disable deprecation, use _CRT_SECURE_NO_WARNINGS. See online help for details. [c:\originalhr2\HoverRaceAI\NetTarget\Game2\Game2.vcxproj]
c:\originalhr2\HoverRaceAI\NetTarget\Game2\GameApp.cpp(1750,29): warning C4996: 'fopen': This function or variable may be unsafe. Consider using fopen_s instead. To disable deprecation, use _CRT_SECURE_NO_WARNINGS. See online help for details. [c:\originalhr2\HoverRaceAI\NetTarget\Game2\Game2.vcxproj]
c:\originalhr2\HoverRaceAI\NetTarget\Game2\GameApp.cpp(1763,26): warning C4996: 'fopen': This function or variable may be unsafe. Consider using fopen_s instead. To disable deprecation, use _CRT_SECURE_NO_WARNINGS. See online help for details. [c:\originalhr2\HoverRaceAI\NetTarget\Game2\Game2.vcxproj]
c:\originalhr2\HoverRaceAI\NetTarget\Game2\GameApp.cpp(1770,32): warning C4996: 'fopen': This function or variable may be unsafe. Consider using fopen_s instead. To disable deprecation, use _CRT_SECURE_NO_WARNINGS. See online help for details. [c:\originalhr2\HoverRaceAI\NetTarget\Game2\Game2.vcxproj]
c:\originalhr2\HoverRaceAI\NetTarget\Game2\GameApp.cpp(1774,32): warning C4996: 'fopen': This function or variable may be unsafe. Consider using fopen_s instead. To disable deprecation, use _CRT_SECURE_NO_WARNINGS. See online help for details. [c:\originalhr2\HoverRaceAI\NetTarget\Game2\Game2.vcxproj]
c:\originalhr2\HoverRaceAI\NetTarget\Game2\GameApp.cpp(1786,17): warning C4996: 'fopen': This function or variable may be unsafe. Consider using fopen_s instead. To disable deprecation, use _CRT_SECURE_NO_WARNINGS. See online help for details. [c:\originalhr2\HoverRaceAI\NetTarget\Game2\Game2.vcxproj]
c:\originalhr2\HoverRaceAI\NetTarget\Game2\GameApp.cpp(1820,14): warning C4996: 'fopen': This function or variable may be unsafe. Consider using fopen_s instead. To disable deprecation, use _CRT_SECURE_NO_WARNINGS. See online help for details. [c:\originalhr2\HoverRaceAI\NetTarget\Game2\Game2.vcxproj]
c:\originalhr2\HoverRaceAI\NetTarget\Game2\GameApp.cpp(1828,20): warning C4996: 'fopen': This function or variable may be unsafe. Consider using fopen_s instead. To disable deprecation, use _CRT_SECURE_NO_WARNINGS. See online help for details. [c:\originalhr2\HoverRaceAI\NetTarget\Game2\Game2.vcxproj]
c:\originalhr2\HoverRaceAI\NetTarget\Game2\GameApp.cpp(1836,17): warning C4996: 'fopen': This function or variable may be unsafe. Consider using fopen_s instead. To disable deprecation, use _CRT_SECURE_NO_WARNINGS. See online help for details. [c:\originalhr2\HoverRaceAI\NetTarget\Game2\Game2.vcxproj]
c:\originalhr2\HoverRaceAI\NetTarget\Game2\GameApp.cpp(1848,20): warning C4996: 'fopen': This function or variable may be unsafe. Consider using fopen_s instead. To disable deprecation, use _CRT_SECURE_NO_WARNINGS. See online help for details. [c:\originalhr2\HoverRaceAI\NetTarget\Game2\Game2.vcxproj]
c:\originalhr2\HoverRaceAI\NetTarget\Game2\GameApp.cpp(1854,23): warning C4996: 'fopen': This function or variable may be unsafe. Consider using fopen_s instead. To disable deprecation, use _CRT_SECURE_NO_WARNINGS. See online help for details. [c:\originalhr2\HoverRaceAI\NetTarget\Game2\Game2.vcxproj]
c:\originalhr2\HoverRaceAI\NetTarget\Game2\GameApp.cpp(2187,20): warning C4996: 'fopen': This function or variable may be unsafe. Consider using fopen_s instead. To disable deprecation, use _CRT_SECURE_NO_WARNINGS. See online help for details. [c:\originalhr2\HoverRaceAI\NetTarget\Game2\Game2.vcxproj]
c:\originalhr2\HoverRaceAI\NetTarget\Game2\GameApp.cpp(2669,22): warning C4996: 'fopen': This function or variable may be unsafe. Consider using fopen_s instead. To disable deprecation, use _CRT_SECURE_NO_WARNINGS. See online help for details. [c:\originalhr2\HoverRaceAI\NetTarget\Game2\Game2.vcxproj]
c:\originalhr2\HoverRaceAI\NetTarget\Game2\GameApp.cpp(3375,91): warning C4100: 'pWParam': unreferenced formal parameter [c:\originalhr2\HoverRaceAI\NetTarget\Game2\Game2.vcxproj]
c:\originalhr2\HoverRaceAI\NetTarget\Game2\GameApp.cpp(3473,82): warning C4100: 'pWParam': unreferenced formal parameter [c:\originalhr2\HoverRaceAI\NetTarget\Game2\Game2.vcxproj]
c:\originalhr2\HoverRaceAI\NetTarget\Game2\GameApp.cpp(3568,99): warning C4100: 'pLParam': unreferenced formal parameter [c:\originalhr2\HoverRaceAI\NetTarget\Game2\Game2.vcxproj]
c:\originalhr2\HoverRaceAI\NetTarget\Game2\GameApp.cpp(3568,51): warning C4100: 'pWindow': unreferenced formal parameter [c:\originalhr2\HoverRaceAI\NetTarget\Game2\Game2.vcxproj]
c:\originalhr2\HoverRaceAI\NetTarget\Game2\GameApp.cpp(3601,97): warning C4100: 'pLParam': unreferenced formal parameter [c:\originalhr2\HoverRaceAI\NetTarget\Game2\Game2.vcxproj]
c:\originalhr2\HoverRaceAI\NetTarget\Game2\GameApp.cpp(3601,80): warning C4100: 'pWParam': unreferenced formal parameter [c:\originalhr2\HoverRaceAI\NetTarget\Game2\Game2.vcxproj]
c:\originalhr2\HoverRaceAI\NetTarget\Game2\GameApp.cpp(3601,64): warning C4100: 'pMsgId': unreferenced formal parameter [c:\originalhr2\HoverRaceAI\NetTarget\Game2\Game2.vcxproj]
c:\originalhr2\HoverRaceAI\NetTarget\Game2\GameApp.cpp(3601,49): warning C4100: 'pWindow': unreferenced formal parameter [c:\originalhr2\HoverRaceAI\NetTarget\Game2\Game2.vcxproj]
c:\originalhr2\HoverRaceAI\NetTarget\Game2\GameApp.cpp(3619,111): warning C4100: 'pLParam': unreferenced formal parameter [c:\originalhr2\HoverRaceAI\NetTarget\Game2\Game2.vcxproj]
c:\originalhr2\HoverRaceAI\NetTarget\Game2\GameApp.cpp(3657,94): warning C4100: 'pLParam': unreferenced formal parameter [c:\originalhr2\HoverRaceAI\NetTarget\Game2\Game2.vcxproj]
c:\originalhr2\HoverRaceAI\NetTarget\Game2\GameApp.cpp(3887,24): warning C4996: 'localtime': This function or variable may be unsafe. Consider using localtime_s instead. To disable deprecation, use _CRT_SECURE_NO_WARNINGS. See online help for details. [c:\originalhr2\HoverRaceAI\NetTarget\Game2\Game2.vcxproj]
c:\originalhr2\HoverRaceAI\NetTarget\Game2\GameApp.cpp(3787,95): warning C4100: 'pLParam': unreferenced formal parameter [c:\originalhr2\HoverRaceAI\NetTarget\Game2\Game2.vcxproj]
c:\originalhr2\HoverRaceAI\NetTarget\Game2\GameApp.cpp(3921,91): warning C4100: 'pLParam': unreferenced formal parameter [c:\originalhr2\HoverRaceAI\NetTarget\Game2\Game2.vcxproj]
c:\originalhr2\HoverRaceAI\NetTarget\Game2\GameApp.cpp(4064,97): warning C4100: 'pLParam': unreferenced formal parameter [c:\originalhr2\HoverRaceAI\NetTarget\Game2\Game2.vcxproj]
c:\originalhr2\HoverRaceAI\NetTarget\Game2\GameApp.cpp(4288,98): warning C4100: 'pLParam': unreferenced formal parameter [c:\originalhr2\HoverRaceAI\NetTarget\Game2\Game2.vcxproj]
c:\originalhr2\HoverRaceAI\NetTarget\Game2\GameApp.cpp(4448,104): warning C4100: 'pLParam': unreferenced formal parameter [c:\originalhr2\HoverRaceAI\NetTarget\Game2\Game2.vcxproj]
c:\originalhr2\HoverRaceAI\NetTarget\Game2\GameApp.cpp(4592,30): warning C4244: '=': conversion from 'int' to 'WORD', possible loss of data [c:\originalhr2\HoverRaceAI\NetTarget\Game2\Game2.vcxproj]
  InternetRoom.cpp
  _WIN32_WINNT not defined. Defaulting to _WIN32_WINNT_MAXVER (see WinSDKVer.h)
C:\Program Files\Microsoft Visual Studio\2022\Community\VC\Tools\MSVC\14.39.33519\include\yvals_core.h(880,1): warning C4005: '_MSVC_STL_VERSION': macro redefinition [c:\originalhr2\HoverRaceAI\NetTarget\Game2\Game2.vcxproj]
  (compiling source file 'InternetRoom.cpp')
  C:\Program Files\Microsoft Visual Studio\2022\Community\SDK\ScopeCppSDK\vc15\VC\include\yvals.h(156,1):
  see previous definition of '_MSVC_STL_VERSION'
  
C:\Program Files\Microsoft Visual Studio\2022\Community\VC\Tools\MSVC\14.39.33519\include\yvals_core.h(881,1): warning C4005: '_MSVC_STL_UPDATE': macro redefinition [c:\originalhr2\HoverRaceAI\NetTarget\Game2\Game2.vcxproj]
  (compiling source file 'InternetRoom.cpp')
  C:\Program Files\Microsoft Visual Studio\2022\Community\SDK\ScopeCppSDK\vc15\VC\include\yvals.h(157,1):
  see previous definition of '_MSVC_STL_UPDATE'
  
C:\Program Files\Microsoft Visual Studio\2022\Community\VC\Tools\MSVC\14.39.33519\include\yvals_core.h(1000,1): warning C4005: '_DEPRECATE_TR1_NAMESPACE': macro redefinition [c:\originalhr2\HoverRaceAI\NetTarget\Game2\Game2.vcxproj]
  (compiling source file 'InternetRoom.cpp')
  C:\Program Files\Microsoft Visual Studio\2022\Community\SDK\ScopeCppSDK\vc15\VC\include\yvals.h(247,1):
  see previous definition of '_DEPRECATE_TR1_NAMESPACE'
  
C:\Program Files\Microsoft Visual Studio\2022\Community\VC\Tools\MSVC\14.39.33519\include\yvals_core.h(1014,1): warning C4005: '_MISMATCHED_ALLOCATOR_MESSAGE': macro redefinition [c:\originalhr2\HoverRaceAI\NetTarget\Game2\Game2.vcxproj]
  (compiling source file 'InternetRoom.cpp')
  C:\Program Files\Microsoft Visual Studio\2022\Community\SDK\ScopeCppSDK\vc15\VC\include\yvals.h(303,1):
  see previous definition of '_MISMATCHED_ALLOCATOR_MESSAGE'
  
c:\originalhr2\HoverRaceAI\NetTarget\Game2\InternetRoom.cpp(199,10): warning C4996: 'sprintf': This function or variable may be unsafe. Consider using sprintf_s instead. To disable deprecation, use _CRT_SECURE_NO_WARNINGS. See online help for details. [c:\originalhr2\HoverRaceAI\NetTarget\Game2\Game2.vcxproj]
c:\originalhr2\HoverRaceAI\NetTarget\Game2\InternetRoom.cpp(218,10): warning C4996: 'sprintf': This function or variable may be unsafe. Consider using sprintf_s instead. To disable deprecation, use _CRT_SECURE_NO_WARNINGS. See online help for details. [c:\originalhr2\HoverRaceAI\NetTarget\Game2\Game2.vcxproj]
c:\originalhr2\HoverRaceAI\NetTarget\Game2\InternetRoom.cpp(239,10): warning C4996: 'sprintf': This function or variable may be unsafe. Consider using sprintf_s instead. To disable deprecation, use _CRT_SECURE_NO_WARNINGS. See online help for details. [c:\originalhr2\HoverRaceAI\NetTarget\Game2\Game2.vcxproj]
c:\originalhr2\HoverRaceAI\NetTarget\Game2\InternetRoom.cpp(255,10): warning C4996: 'sprintf': This function or variable may be unsafe. Consider using sprintf_s instead. To disable deprecation, use _CRT_SECURE_NO_WARNINGS. See online help for details. [c:\originalhr2\HoverRaceAI\NetTarget\Game2\Game2.vcxproj]
c:\originalhr2\HoverRaceAI\NetTarget\Game2\InternetRoom.cpp(269,10): warning C4996: 'sprintf': This function or variable may be unsafe. Consider using sprintf_s instead. To disable deprecation, use _CRT_SECURE_NO_WARNINGS. See online help for details. [c:\originalhr2\HoverRaceAI\NetTarget\Game2\Game2.vcxproj]
c:\originalhr2\HoverRaceAI\NetTarget\Game2\InternetRoom.cpp(308,7): warning C4996: 'sprintf': This function or variable may be unsafe. Consider using sprintf_s instead. To disable deprecation, use _CRT_SECURE_NO_WARNINGS. See online help for details. [c:\originalhr2\HoverRaceAI\NetTarget\Game2\Game2.vcxproj]
c:\originalhr2\HoverRaceAI\NetTarget\Game2\InternetRoom.cpp(341,10): warning C4996: 'sprintf': This function or variable may be unsafe. Consider using sprintf_s instead. To disable deprecation, use _CRT_SECURE_NO_WARNINGS. See online help for details. [c:\originalhr2\HoverRaceAI\NetTarget\Game2\Game2.vcxproj]
c:\originalhr2\HoverRaceAI\NetTarget\Game2\InternetRoom.cpp(354,10): warning C4996: 'sprintf': This function or variable may be unsafe. Consider using sprintf_s instead. To disable deprecation, use _CRT_SECURE_NO_WARNINGS. See online help for details. [c:\originalhr2\HoverRaceAI\NetTarget\Game2\Game2.vcxproj]
c:\originalhr2\HoverRaceAI\NetTarget\Game2\InternetRoom.cpp(379,7): warning C4996: 'WSAAsyncSelect': Use WSAEventSelect() instead or define _WINSOCK_DEPRECATED_NO_WARNINGS to disable deprecated API warnings [c:\originalhr2\HoverRaceAI\NetTarget\Game2\Game2.vcxproj]
c:\originalhr2\HoverRaceAI\NetTarget\Game2\InternetRoom.cpp(644,88): warning C4840: non-portable use of class 'ATL::CStringT<char,StrTraitMFC_DLL<char,ATL::ChTraitsCRT<_CharType>>>' as an argument to a variadic function [c:\originalhr2\HoverRaceAI\NetTarget\Game2\Game2.vcxproj]
c:\originalhr2\HoverRaceAI\NetTarget\Game2\InternetRoom.cpp(644,88): warning C4840:         with [c:\originalhr2\HoverRaceAI\NetTarget\Game2\Game2.vcxproj]
c:\originalhr2\HoverRaceAI\NetTarget\Game2\InternetRoom.cpp(644,88): warning C4840:         [ [c:\originalhr2\HoverRaceAI\NetTarget\Game2\Game2.vcxproj]
c:\originalhr2\HoverRaceAI\NetTarget\Game2\InternetRoom.cpp(644,88): warning C4840:             _CharType=char [c:\originalhr2\HoverRaceAI\NetTarget\Game2\Game2.vcxproj]
c:\originalhr2\HoverRaceAI\NetTarget\Game2\InternetRoom.cpp(644,88): warning C4840:         ] [c:\originalhr2\HoverRaceAI\NetTarget\Game2\Game2.vcxproj]
  c:\originalhr2\HoverRaceAI\NetTarget\Game2\InternetRoom.cpp(644,88):
  'ATL::CStringT<char,StrTraitMFC_DLL<char,ATL::ChTraitsCRT<_CharType>>>::CStringT' is non-trivial
          with
          [
              _CharType=char
          ]
  C:\Program Files\Microsoft Visual Studio\2022\Community\VC\Tools\MSVC\14.39.33519\atlmfc\include\cstringt.h(1030,2):
  see declaration of 'ATL::CStringT<char,StrTraitMFC_DLL<char,ATL::ChTraitsCRT<_CharType>>>::CStringT'
          with
          [
              _CharType=char
          ]
  c:\originalhr2\HoverRaceAI\NetTarget\Game2\InternetRoom.cpp(644,88):
  the constructor and destructor will not be called; a bitwise copy of the class will be passed as the argument
  C:\Program Files\Microsoft Visual Studio\2022\Community\VC\Tools\MSVC\14.39.33519\atlmfc\include\afxstr.h(87,84):
  see declaration of 'ATL::CStringT<char,StrTraitMFC_DLL<char,ATL::ChTraitsCRT<_CharType>>>'
          with
          [
              _CharType=char
          ]
  
c:\originalhr2\HoverRaceAI\NetTarget\Game2\InternetRoom.cpp(644,53): warning C4477: 'fprintf' : format string '%s' requires an argument of type 'char *', but variadic argument 1 has type 'CString' [c:\originalhr2\HoverRaceAI\NetTarget\Game2\Game2.vcxproj]
c:\originalhr2\HoverRaceAI\NetTarget\Game2\InternetRoom.cpp(660,92): warning C4840: non-portable use of class 'ATL::CStringT<char,StrTraitMFC_DLL<char,ATL::ChTraitsCRT<_CharType>>>' as an argument to a variadic function [c:\originalhr2\HoverRaceAI\NetTarget\Game2\Game2.vcxproj]
c:\originalhr2\HoverRaceAI\NetTarget\Game2\InternetRoom.cpp(660,92): warning C4840:         with [c:\originalhr2\HoverRaceAI\NetTarget\Game2\Game2.vcxproj]
c:\originalhr2\HoverRaceAI\NetTarget\Game2\InternetRoom.cpp(660,92): warning C4840:         [ [c:\originalhr2\HoverRaceAI\NetTarget\Game2\Game2.vcxproj]
c:\originalhr2\HoverRaceAI\NetTarget\Game2\InternetRoom.cpp(660,92): warning C4840:             _CharType=char [c:\originalhr2\HoverRaceAI\NetTarget\Game2\Game2.vcxproj]
c:\originalhr2\HoverRaceAI\NetTarget\Game2\InternetRoom.cpp(660,92): warning C4840:         ] [c:\originalhr2\HoverRaceAI\NetTarget\Game2\Game2.vcxproj]
  c:\originalhr2\HoverRaceAI\NetTarget\Game2\InternetRoom.cpp(660,92):
  'ATL::CStringT<char,StrTraitMFC_DLL<char,ATL::ChTraitsCRT<_CharType>>>::CStringT' is non-trivial
          with
          [
              _CharType=char
          ]
  C:\Program Files\Microsoft Visual Studio\2022\Community\VC\Tools\MSVC\14.39.33519\atlmfc\include\cstringt.h(1030,2):
  see declaration of 'ATL::CStringT<char,StrTraitMFC_DLL<char,ATL::ChTraitsCRT<_CharType>>>::CStringT'
          with
          [
              _CharType=char
          ]
  c:\originalhr2\HoverRaceAI\NetTarget\Game2\InternetRoom.cpp(660,92):
  the constructor and destructor will not be called; a bitwise copy of the class will be passed as the argument
  C:\Program Files\Microsoft Visual Studio\2022\Community\VC\Tools\MSVC\14.39.33519\atlmfc\include\afxstr.h(87,84):
  see declaration of 'ATL::CStringT<char,StrTraitMFC_DLL<char,ATL::ChTraitsCRT<_CharType>>>'
          with
          [
              _CharType=char
          ]
  
c:\originalhr2\HoverRaceAI\NetTarget\Game2\InternetRoom.cpp(660,59): warning C4477: 'fprintf' : format string '%s' requires an argument of type 'char *', but variadic argument 1 has type 'CString' [c:\originalhr2\HoverRaceAI\NetTarget\Game2\Game2.vcxproj]
c:\originalhr2\HoverRaceAI\NetTarget\Game2\InternetRoom.cpp(718,110): warning C4840: non-portable use of class 'ATL::CStringT<char,StrTraitMFC_DLL<char,ATL::ChTraitsCRT<_CharType>>>' as an argument to a variadic function [c:\originalhr2\HoverRaceAI\NetTarget\Game2\Game2.vcxproj]
c:\originalhr2\HoverRaceAI\NetTarget\Game2\InternetRoom.cpp(718,110): warning C4840:         with [c:\originalhr2\HoverRaceAI\NetTarget\Game2\Game2.vcxproj]
c:\originalhr2\HoverRaceAI\NetTarget\Game2\InternetRoom.cpp(718,110): warning C4840:         [ [c:\originalhr2\HoverRaceAI\NetTarget\Game2\Game2.vcxproj]
c:\originalhr2\HoverRaceAI\NetTarget\Game2\InternetRoom.cpp(718,110): warning C4840:             _CharType=char [c:\originalhr2\HoverRaceAI\NetTarget\Game2\Game2.vcxproj]
c:\originalhr2\HoverRaceAI\NetTarget\Game2\InternetRoom.cpp(718,110): warning C4840:         ] [c:\originalhr2\HoverRaceAI\NetTarget\Game2\Game2.vcxproj]
  c:\originalhr2\HoverRaceAI\NetTarget\Game2\InternetRoom.cpp(718,110):
  'ATL::CStringT<char,StrTraitMFC_DLL<char,ATL::ChTraitsCRT<_CharType>>>::CStringT' is non-trivial
          with
          [
              _CharType=char
          ]
  C:\Program Files\Microsoft Visual Studio\2022\Community\VC\Tools\MSVC\14.39.33519\atlmfc\include\cstringt.h(1030,2):
  see declaration of 'ATL::CStringT<char,StrTraitMFC_DLL<char,ATL::ChTraitsCRT<_CharType>>>::CStringT'
          with
          [
              _CharType=char
          ]
  c:\originalhr2\HoverRaceAI\NetTarget\Game2\InternetRoom.cpp(718,110):
  the constructor and destructor will not be called; a bitwise copy of the class will be passed as the argument
  C:\Program Files\Microsoft Visual Studio\2022\Community\VC\Tools\MSVC\14.39.33519\atlmfc\include\afxstr.h(87,84):
  see declaration of 'ATL::CStringT<char,StrTraitMFC_DLL<char,ATL::ChTraitsCRT<_CharType>>>'
          with
          [
              _CharType=char
          ]
  
c:\originalhr2\HoverRaceAI\NetTarget\Game2\InternetRoom.cpp(718,59): warning C4477: 'fprintf' : format string '%s' requires an argument of type 'char *', but variadic argument 1 has type 'CString' [c:\originalhr2\HoverRaceAI\NetTarget\Game2\Game2.vcxproj]
c:\originalhr2\HoverRaceAI\NetTarget\Game2\InternetRoom.cpp(551,10): warning C4996: 'sscanf': This function or variable may be unsafe. Consider using sscanf_s instead. To disable deprecation, use _CRT_SECURE_NO_WARNINGS. See online help for details. [c:\originalhr2\HoverRaceAI\NetTarget\Game2\Game2.vcxproj]
c:\originalhr2\HoverRaceAI\NetTarget\Game2\InternetRoom.cpp(558,14): warning C4996: 'sscanf': This function or variable may be unsafe. Consider using sscanf_s instead. To disable deprecation, use _CRT_SECURE_NO_WARNINGS. See online help for details. [c:\originalhr2\HoverRaceAI\NetTarget\Game2\Game2.vcxproj]
c:\originalhr2\HoverRaceAI\NetTarget\Game2\InternetRoom.cpp(578,22): warning C4996: 'sscanf': This function or variable may be unsafe. Consider using sscanf_s instead. To disable deprecation, use _CRT_SECURE_NO_WARNINGS. See online help for details. [c:\originalhr2\HoverRaceAI\NetTarget\Game2\Game2.vcxproj]
c:\originalhr2\HoverRaceAI\NetTarget\Game2\InternetRoom.cpp(599,14): warning C4996: 'sscanf': This function or variable may be unsafe. Consider using sscanf_s instead. To disable deprecation, use _CRT_SECURE_NO_WARNINGS. See online help for details. [c:\originalhr2\HoverRaceAI\NetTarget\Game2\Game2.vcxproj]
c:\originalhr2\HoverRaceAI\NetTarget\Game2\InternetRoom.cpp(614,39): warning C4996: 'fopen': This function or variable may be unsafe. Consider using fopen_s instead. To disable deprecation, use _CRT_SECURE_NO_WARNINGS. See online help for details. [c:\originalhr2\HoverRaceAI\NetTarget\Game2\Game2.vcxproj]
c:\originalhr2\HoverRaceAI\NetTarget\Game2\InternetRoom.cpp(646,26): warning C4996: 'sscanf': This function or variable may be unsafe. Consider using sscanf_s instead. To disable deprecation, use _CRT_SECURE_NO_WARNINGS. See online help for details. [c:\originalhr2\HoverRaceAI\NetTarget\Game2\Game2.vcxproj]
c:\originalhr2\HoverRaceAI\NetTarget\Game2\InternetRoom.cpp(803,18): warning C4456: declaration of 'lPath' hides previous local declaration [c:\originalhr2\HoverRaceAI\NetTarget\Game2\Game2.vcxproj]
  c:\originalhr2\HoverRaceAI\NetTarget\Game2\InternetRoom.cpp(766,15):
  see declaration of 'lPath'
  
c:\originalhr2\HoverRaceAI\NetTarget\Game2\InternetRoom.cpp(866,25): warning C4996: 'strcpy': This function or variable may be unsafe. Consider using strcpy_s instead. To disable deprecation, use _CRT_SECURE_NO_WARNINGS. See online help for details. [c:\originalhr2\HoverRaceAI\NetTarget\Game2\Game2.vcxproj]
c:\originalhr2\HoverRaceAI\NetTarget\Game2\InternetRoom.cpp(806,28): warning C4996: 'sscanf': This function or variable may be unsafe. Consider using sscanf_s instead. To disable deprecation, use _CRT_SECURE_NO_WARNINGS. See online help for details. [c:\originalhr2\HoverRaceAI\NetTarget\Game2\Game2.vcxproj]
c:\originalhr2\HoverRaceAI\NetTarget\Game2\InternetRoom.cpp(844,29): warning C4996: 'sscanf': This function or variable may be unsafe. Consider using sscanf_s instead. To disable deprecation, use _CRT_SECURE_NO_WARNINGS. See online help for details. [c:\originalhr2\HoverRaceAI\NetTarget\Game2\Game2.vcxproj]
c:\originalhr2\HoverRaceAI\NetTarget\Game2\InternetRoom.cpp(862,25): warning C4996: 'strncpy': This function or variable may be unsafe. Consider using strncpy_s instead. To disable deprecation, use _CRT_SECURE_NO_WARNINGS. See online help for details. [c:\originalhr2\HoverRaceAI\NetTarget\Game2\Game2.vcxproj]
c:\originalhr2\HoverRaceAI\NetTarget\Game2\InternetRoom.cpp(869,28): warning C4996: 'strncpy': This function or variable may be unsafe. Consider using strncpy_s instead. To disable deprecation, use _CRT_SECURE_NO_WARNINGS. See online help for details. [c:\originalhr2\HoverRaceAI\NetTarget\Game2\Game2.vcxproj]
c:\originalhr2\HoverRaceAI\NetTarget\Game2\InternetRoom.cpp(874,66): warning C4996: 'inet_addr': Use inet_pton() or InetPton() instead or define _WINSOCK_DEPRECATED_NO_WARNINGS to disable deprecated API warnings [c:\originalhr2\HoverRaceAI\NetTarget\Game2\Game2.vcxproj]
c:\originalhr2\HoverRaceAI\NetTarget\Game2\InternetRoom.cpp(879,52): warning C4996: 'gethostbyname': Use getaddrinfo() or GetAddrInfoW() instead or define _WINSOCK_DEPRECATED_NO_WARNINGS to disable deprecated API warnings [c:\originalhr2\HoverRaceAI\NetTarget\Game2\Game2.vcxproj]
c:\originalhr2\HoverRaceAI\NetTarget\Game2\InternetRoom.cpp(910,38): warning C4996: 'sscanf': This function or variable may be unsafe. Consider using sscanf_s instead. To disable deprecation, use _CRT_SECURE_NO_WARNINGS. See online help for details. [c:\originalhr2\HoverRaceAI\NetTarget\Game2\Game2.vcxproj]
c:\originalhr2\HoverRaceAI\NetTarget\Game2\InternetRoom.cpp(925,26): warning C4996: 'sscanf': This function or variable may be unsafe. Consider using sscanf_s instead. To disable deprecation, use _CRT_SECURE_NO_WARNINGS. See online help for details. [c:\originalhr2\HoverRaceAI\NetTarget\Game2\Game2.vcxproj]
c:\originalhr2\HoverRaceAI\NetTarget\Game2\InternetRoom.cpp(931,66): warning C4996: 'inet_addr': Use inet_pton() or InetPton() instead or define _WINSOCK_DEPRECATED_NO_WARNINGS to disable deprecated API warnings [c:\originalhr2\HoverRaceAI\NetTarget\Game2\Game2.vcxproj]
c:\originalhr2\HoverRaceAI\NetTarget\Game2\InternetRoom.cpp(966,36): warning C4996: 'inet_addr': Use inet_pton() or InetPton() instead or define _WINSOCK_DEPRECATED_NO_WARNINGS to disable deprecated API warnings [c:\originalhr2\HoverRaceAI\NetTarget\Game2\Game2.vcxproj]
c:\originalhr2\HoverRaceAI\NetTarget\Game2\InternetRoom.cpp(753,43): warning C4100: 'pParentWindow': unreferenced formal parameter [c:\originalhr2\HoverRaceAI\NetTarget\Game2\Game2.vcxproj]
c:\originalhr2\HoverRaceAI\NetTarget\Game2\InternetRoom.cpp(801,18): warning C4101: 'lPathOrUrl': unreferenced local variable [c:\originalhr2\HoverRaceAI\NetTarget\Game2\Game2.vcxproj]
c:\originalhr2\HoverRaceAI\NetTarget\Game2\InternetRoom.cpp(996,7): warning C4996: 'sprintf': This function or variable may be unsafe. Consider using sprintf_s instead. To disable deprecation, use _CRT_SECURE_NO_WARNINGS. See online help for details. [c:\originalhr2\HoverRaceAI\NetTarget\Game2\Game2.vcxproj]
c:\originalhr2\HoverRaceAI\NetTarget\Game2\InternetRoom.cpp(1006,7): warning C4996: 'sprintf': This function or variable may be unsafe. Consider using sprintf_s instead. To disable deprecation, use _CRT_SECURE_NO_WARNINGS. See online help for details. [c:\originalhr2\HoverRaceAI\NetTarget\Game2\Game2.vcxproj]
c:\originalhr2\HoverRaceAI\NetTarget\Game2\InternetRoom.cpp(1029,10): warning C4996: 'sscanf': This function or variable may be unsafe. Consider using sscanf_s instead. To disable deprecation, use _CRT_SECURE_NO_WARNINGS. See online help for details. [c:\originalhr2\HoverRaceAI\NetTarget\Game2\Game2.vcxproj]
c:\originalhr2\HoverRaceAI\NetTarget\Game2\InternetRoom.cpp(1102,10): warning C4996: 'sscanf': This function or variable may be unsafe. Consider using sscanf_s instead. To disable deprecation, use _CRT_SECURE_NO_WARNINGS. See online help for details. [c:\originalhr2\HoverRaceAI\NetTarget\Game2\Game2.vcxproj]
c:\originalhr2\HoverRaceAI\NetTarget\Game2\InternetRoom.cpp(1154,10): warning C4996: 'sscanf': This function or variable may be unsafe. Consider using sscanf_s instead. To disable deprecation, use _CRT_SECURE_NO_WARNINGS. See online help for details. [c:\originalhr2\HoverRaceAI\NetTarget\Game2\Game2.vcxproj]
c:\originalhr2\HoverRaceAI\NetTarget\Game2\InternetRoom.cpp(1567,10): warning C4996: 'sscanf': This function or variable may be unsafe. Consider using sscanf_s instead. To disable deprecation, use _CRT_SECURE_NO_WARNINGS. See online help for details. [c:\originalhr2\HoverRaceAI\NetTarget\Game2\Game2.vcxproj]
c:\originalhr2\HoverRaceAI\NetTarget\Game2\InternetRoom.cpp(1816,106): warning C4100: 'pLParam': unreferenced formal parameter [c:\originalhr2\HoverRaceAI\NetTarget\Game2\Game2.vcxproj]
c:\originalhr2\HoverRaceAI\NetTarget\Game2\InternetRoom.cpp(1878,104): warning C4100: 'pLParam': unreferenced formal parameter [c:\originalhr2\HoverRaceAI\NetTarget\Game2\Game2.vcxproj]
c:\originalhr2\HoverRaceAI\NetTarget\Game2\InternetRoom.cpp(2068,26): warning C4389: '!=': signed/unsigned mismatch [c:\originalhr2\HoverRaceAI\NetTarget\Game2\Game2.vcxproj]
c:\originalhr2\HoverRaceAI\NetTarget\Game2\InternetRoom.cpp(2342,19): warning C4996: 'sscanf': This function or variable may be unsafe. Consider using sscanf_s instead. To disable deprecation, use _CRT_SECURE_NO_WARNINGS. See online help for details. [c:\originalhr2\HoverRaceAI\NetTarget\Game2\Game2.vcxproj]
c:\originalhr2\HoverRaceAI\NetTarget\Game2\InternetRoom.cpp(2428,35): warning C4996: 'fopen': This function or variable may be unsafe. Consider using fopen_s instead. To disable deprecation, use _CRT_SECURE_NO_WARNINGS. See online help for details. [c:\originalhr2\HoverRaceAI\NetTarget\Game2\Game2.vcxproj]
c:\originalhr2\HoverRaceAI\NetTarget\Game2\InternetRoom.cpp(2517,32): warning C4996: 'fopen': This function or variable may be unsafe. Consider using fopen_s instead. To disable deprecation, use _CRT_SECURE_NO_WARNINGS. See online help for details. [c:\originalhr2\HoverRaceAI\NetTarget\Game2\Game2.vcxproj]
c:\originalhr2\HoverRaceAI\NetTarget\Game2\InternetRoom.cpp(2523,32): warning C4996: 'fopen': This function or variable may be unsafe. Consider using fopen_s instead. To disable deprecation, use _CRT_SECURE_NO_WARNINGS. See online help for details. [c:\originalhr2\HoverRaceAI\NetTarget\Game2\Game2.vcxproj]
c:\originalhr2\HoverRaceAI\NetTarget\Game2\InternetRoom.cpp(2748,19): warning C4996: 'sprintf': This function or variable may be unsafe. Consider using sprintf_s instead. To disable deprecation, use _CRT_SECURE_NO_WARNINGS. See online help for details. [c:\originalhr2\HoverRaceAI\NetTarget\Game2\Game2.vcxproj]
c:\originalhr2\HoverRaceAI\NetTarget\Game2\InternetRoom.cpp(2757,19): warning C4996: 'sprintf': This function or variable may be unsafe. Consider using sprintf_s instead. To disable deprecation, use _CRT_SECURE_NO_WARNINGS. See online help for details. [c:\originalhr2\HoverRaceAI\NetTarget\Game2\Game2.vcxproj]
c:\originalhr2\HoverRaceAI\NetTarget\Game2\InternetRoom.cpp(2781,22): warning C4996: 'sprintf': This function or variable may be unsafe. Consider using sprintf_s instead. To disable deprecation, use _CRT_SECURE_NO_WARNINGS. See online help for details. [c:\originalhr2\HoverRaceAI\NetTarget\Game2\Game2.vcxproj]
c:\originalhr2\HoverRaceAI\NetTarget\Game2\InternetRoom.cpp(2706,102): warning C4100: 'pLParam': unreferenced formal parameter [c:\originalhr2\HoverRaceAI\NetTarget\Game2\Game2.vcxproj]
c:\originalhr2\HoverRaceAI\NetTarget\Game2\InternetRoom.cpp(2861,16): warning C4996: 'sprintf': This function or variable may be unsafe. Consider using sprintf_s instead. To disable deprecation, use _CRT_SECURE_NO_WARNINGS. See online help for details. [c:\originalhr2\HoverRaceAI\NetTarget\Game2\Game2.vcxproj]
  License.cpp
  _WIN32_WINNT not defined. Defaulting to _WIN32_WINNT_MAXVER (see WinSDKVer.h)
C:\Program Files\Microsoft Visual Studio\2022\Community\VC\Tools\MSVC\14.39.33519\include\yvals_core.h(880,1): warning C4005: '_MSVC_STL_VERSION': macro redefinition [c:\originalhr2\HoverRaceAI\NetTarget\Game2\Game2.vcxproj]
  (compiling source file 'License.cpp')
  C:\Program Files\Microsoft Visual Studio\2022\Community\SDK\ScopeCppSDK\vc15\VC\include\yvals.h(156,1):
  see previous definition of '_MSVC_STL_VERSION'
  
C:\Program Files\Microsoft Visual Studio\2022\Community\VC\Tools\MSVC\14.39.33519\include\yvals_core.h(881,1): warning C4005: '_MSVC_STL_UPDATE': macro redefinition [c:\originalhr2\HoverRaceAI\NetTarget\Game2\Game2.vcxproj]
  (compiling source file 'License.cpp')
  C:\Program Files\Microsoft Visual Studio\2022\Community\SDK\ScopeCppSDK\vc15\VC\include\yvals.h(157,1):
  see previous definition of '_MSVC_STL_UPDATE'
  
C:\Program Files\Microsoft Visual Studio\2022\Community\VC\Tools\MSVC\14.39.33519\include\yvals_core.h(1000,1): warning C4005: '_DEPRECATE_TR1_NAMESPACE': macro redefinition [c:\originalhr2\HoverRaceAI\NetTarget\Game2\Game2.vcxproj]
  (compiling source file 'License.cpp')
  C:\Program Files\Microsoft Visual Studio\2022\Community\SDK\ScopeCppSDK\vc15\VC\include\yvals.h(247,1):
  see previous definition of '_DEPRECATE_TR1_NAMESPACE'
  
C:\Program Files\Microsoft Visual Studio\2022\Community\VC\Tools\MSVC\14.39.33519\include\yvals_core.h(1014,1): warning C4005: '_MISMATCHED_ALLOCATOR_MESSAGE': macro redefinition [c:\originalhr2\HoverRaceAI\NetTarget\Game2\Game2.vcxproj]
  (compiling source file 'License.cpp')
  C:\Program Files\Microsoft Visual Studio\2022\Community\SDK\ScopeCppSDK\vc15\VC\include\yvals.h(303,1):
  see previous definition of '_MISMATCHED_ALLOCATOR_MESSAGE'
  
  main.cpp
  _WIN32_WINNT not defined. Defaulting to _WIN32_WINNT_MAXVER (see WinSDKVer.h)
C:\Program Files\Microsoft Visual Studio\2022\Community\VC\Tools\MSVC\14.39.33519\include\yvals_core.h(880,1): warning C4005: '_MSVC_STL_VERSION': macro redefinition [c:\originalhr2\HoverRaceAI\NetTarget\Game2\Game2.vcxproj]
  (compiling source file 'main.cpp')
  C:\Program Files\Microsoft Visual Studio\2022\Community\SDK\ScopeCppSDK\vc15\VC\include\yvals.h(156,1):
  see previous definition of '_MSVC_STL_VERSION'
  
C:\Program Files\Microsoft Visual Studio\2022\Community\VC\Tools\MSVC\14.39.33519\include\yvals_core.h(881,1): warning C4005: '_MSVC_STL_UPDATE': macro redefinition [c:\originalhr2\HoverRaceAI\NetTarget\Game2\Game2.vcxproj]
  (compiling source file 'main.cpp')
  C:\Program Files\Microsoft Visual Studio\2022\Community\SDK\ScopeCppSDK\vc15\VC\include\yvals.h(157,1):
  see previous definition of '_MSVC_STL_UPDATE'
  
C:\Program Files\Microsoft Visual Studio\2022\Community\VC\Tools\MSVC\14.39.33519\include\yvals_core.h(1000,1): warning C4005: '_DEPRECATE_TR1_NAMESPACE': macro redefinition [c:\originalhr2\HoverRaceAI\NetTarget\Game2\Game2.vcxproj]
  (compiling source file 'main.cpp')
  C:\Program Files\Microsoft Visual Studio\2022\Community\SDK\ScopeCppSDK\vc15\VC\include\yvals.h(247,1):
  see previous definition of '_DEPRECATE_TR1_NAMESPACE'
  
C:\Program Files\Microsoft Visual Studio\2022\Community\VC\Tools\MSVC\14.39.33519\include\yvals_core.h(1014,1): warning C4005: '_MISMATCHED_ALLOCATOR_MESSAGE': macro redefinition [c:\originalhr2\HoverRaceAI\NetTarget\Game2\Game2.vcxproj]
  (compiling source file 'main.cpp')
  C:\Program Files\Microsoft Visual Studio\2022\Community\SDK\ScopeCppSDK\vc15\VC\include\yvals.h(303,1):
  see previous definition of '_MISMATCHED_ALLOCATOR_MESSAGE'
  
c:\originalhr2\HoverRaceAI\NetTarget\Game2\main.cpp(31,22): warning C4996: 'fopen': This function or variable may be unsafe. Consider using fopen_s instead. To disable deprecation, use _CRT_SECURE_NO_WARNINGS. See online help for details. [c:\originalhr2\HoverRaceAI\NetTarget\Game2\Game2.vcxproj]
c:\originalhr2\HoverRaceAI\NetTarget\Game2\main.cpp(29,90): warning C4100: 'pCmdShow': unreferenced formal parameter [c:\originalhr2\HoverRaceAI\NetTarget\Game2\Game2.vcxproj]
  MatchReport.cpp
  _WIN32_WINNT not defined. Defaulting to _WIN32_WINNT_MAXVER (see WinSDKVer.h)
C:\Program Files\Microsoft Visual Studio\2022\Community\VC\Tools\MSVC\14.39.33519\include\yvals_core.h(880,1): warning C4005: '_MSVC_STL_VERSION': macro redefinition [c:\originalhr2\HoverRaceAI\NetTarget\Game2\Game2.vcxproj]
  (compiling source file 'MatchReport.cpp')
  C:\Program Files\Microsoft Visual Studio\2022\Community\SDK\ScopeCppSDK\vc15\VC\include\yvals.h(156,1):
  see previous definition of '_MSVC_STL_VERSION'
  
C:\Program Files\Microsoft Visual Studio\2022\Community\VC\Tools\MSVC\14.39.33519\include\yvals_core.h(881,1): warning C4005: '_MSVC_STL_UPDATE': macro redefinition [c:\originalhr2\HoverRaceAI\NetTarget\Game2\Game2.vcxproj]
  (compiling source file 'MatchReport.cpp')
  C:\Program Files\Microsoft Visual Studio\2022\Community\SDK\ScopeCppSDK\vc15\VC\include\yvals.h(157,1):
  see previous definition of '_MSVC_STL_UPDATE'
  
C:\Program Files\Microsoft Visual Studio\2022\Community\VC\Tools\MSVC\14.39.33519\include\yvals_core.h(1000,1): warning C4005: '_DEPRECATE_TR1_NAMESPACE': macro redefinition [c:\originalhr2\HoverRaceAI\NetTarget\Game2\Game2.vcxproj]
  (compiling source file 'MatchReport.cpp')
  C:\Program Files\Microsoft Visual Studio\2022\Community\SDK\ScopeCppSDK\vc15\VC\include\yvals.h(247,1):
  see previous definition of '_DEPRECATE_TR1_NAMESPACE'
  
C:\Program Files\Microsoft Visual Studio\2022\Community\VC\Tools\MSVC\14.39.33519\include\yvals_core.h(1014,1): warning C4005: '_MISMATCHED_ALLOCATOR_MESSAGE': macro redefinition [c:\originalhr2\HoverRaceAI\NetTarget\Game2\Game2.vcxproj]
  (compiling source file 'MatchReport.cpp')
  C:\Program Files\Microsoft Visual Studio\2022\Community\SDK\ScopeCppSDK\vc15\VC\include\yvals.h(303,1):
  see previous definition of '_MISMATCHED_ALLOCATOR_MESSAGE'
  
c:\originalhr2\HoverRaceAI\NetTarget\Game2\MatchReport.cpp(253,7): warning C4996: 'sprintf': This function or variable may be unsafe. Consider using sprintf_s instead. To disable deprecation, use _CRT_SECURE_NO_WARNINGS. See online help for details. [c:\originalhr2\HoverRaceAI\NetTarget\Game2\Game2.vcxproj]
c:\originalhr2\HoverRaceAI\NetTarget\Game2\MatchReport.cpp(270,7): warning C4996: 'WSAAsyncSelect': Use WSAEventSelect() instead or define _WINSOCK_DEPRECATED_NO_WARNINGS to disable deprecated API warnings [c:\originalhr2\HoverRaceAI\NetTarget\Game2\Game2.vcxproj]
c:\originalhr2\HoverRaceAI\NetTarget\Game2\MatchReport.cpp(369,10): warning C4996: 'strcat': This function or variable may be unsafe. Consider using strcat_s instead. To disable deprecation, use _CRT_SECURE_NO_WARNINGS. See online help for details. [c:\originalhr2\HoverRaceAI\NetTarget\Game2\Game2.vcxproj]
c:\originalhr2\HoverRaceAI\NetTarget\Game2\MatchReport.cpp(371,7): warning C4996: 'strcat': This function or variable may be unsafe. Consider using strcat_s instead. To disable deprecation, use _CRT_SECURE_NO_WARNINGS. See online help for details. [c:\originalhr2\HoverRaceAI\NetTarget\Game2\Game2.vcxproj]
c:\originalhr2\HoverRaceAI\NetTarget\Game2\MatchReport.cpp(388,7): warning C4996: 'strcat': This function or variable may be unsafe. Consider using strcat_s instead. To disable deprecation, use _CRT_SECURE_NO_WARNINGS. See online help for details. [c:\originalhr2\HoverRaceAI\NetTarget\Game2\Game2.vcxproj]
c:\originalhr2\HoverRaceAI\NetTarget\Game2\MatchReport.cpp(389,7): warning C4996: 'strcat': This function or variable may be unsafe. Consider using strcat_s instead. To disable deprecation, use _CRT_SECURE_NO_WARNINGS. See online help for details. [c:\originalhr2\HoverRaceAI\NetTarget\Game2\Game2.vcxproj]
c:\originalhr2\HoverRaceAI\NetTarget\Game2\MatchReport.cpp(390,7): warning C4996: 'strcat': This function or variable may be unsafe. Consider using strcat_s instead. To disable deprecation, use _CRT_SECURE_NO_WARNINGS. See online help for details. [c:\originalhr2\HoverRaceAI\NetTarget\Game2\Game2.vcxproj]
c:\originalhr2\HoverRaceAI\NetTarget\Game2\MatchReport.cpp(391,7): warning C4996: 'strcat': This function or variable may be unsafe. Consider using strcat_s instead. To disable deprecation, use _CRT_SECURE_NO_WARNINGS. See online help for details. [c:\originalhr2\HoverRaceAI\NetTarget\Game2\Game2.vcxproj]
c:\originalhr2\HoverRaceAI\NetTarget\Game2\MatchReport.cpp(403,13): warning C4996: 'strcat': This function or variable may be unsafe. Consider using strcat_s instead. To disable deprecation, use _CRT_SECURE_NO_WARNINGS. See online help for details. [c:\originalhr2\HoverRaceAI\NetTarget\Game2\Game2.vcxproj]
c:\originalhr2\HoverRaceAI\NetTarget\Game2\MatchReport.cpp(405,10): warning C4996: 'strcat': This function or variable may be unsafe. Consider using strcat_s instead. To disable deprecation, use _CRT_SECURE_NO_WARNINGS. See online help for details. [c:\originalhr2\HoverRaceAI\NetTarget\Game2\Game2.vcxproj]
c:\originalhr2\HoverRaceAI\NetTarget\Game2\MatchReport.cpp(406,10): warning C4996: 'strcat': This function or variable may be unsafe. Consider using strcat_s instead. To disable deprecation, use _CRT_SECURE_NO_WARNINGS. See online help for details. [c:\originalhr2\HoverRaceAI\NetTarget\Game2\Game2.vcxproj]
c:\originalhr2\HoverRaceAI\NetTarget\Game2\MatchReport.cpp(407,10): warning C4996: 'strcat': This function or variable may be unsafe. Consider using strcat_s instead. To disable deprecation, use _CRT_SECURE_NO_WARNINGS. See online help for details. [c:\originalhr2\HoverRaceAI\NetTarget\Game2\Game2.vcxproj]
c:\originalhr2\HoverRaceAI\NetTarget\Game2\MatchReport.cpp(415,4): warning C4996: 'strncpy': This function or variable may be unsafe. Consider using strncpy_s instead. To disable deprecation, use _CRT_SECURE_NO_WARNINGS. See online help for details. [c:\originalhr2\HoverRaceAI\NetTarget\Game2\Game2.vcxproj]
c:\originalhr2\HoverRaceAI\NetTarget\Game2\MatchReport.cpp(476,19): warning C4996: 'strcat': This function or variable may be unsafe. Consider using strcat_s instead. To disable deprecation, use _CRT_SECURE_NO_WARNINGS. See online help for details. [c:\originalhr2\HoverRaceAI\NetTarget\Game2\Game2.vcxproj]
c:\originalhr2\HoverRaceAI\NetTarget\Game2\MatchReport.cpp(470,13): warning C4996: 'sscanf': This function or variable may be unsafe. Consider using sscanf_s instead. To disable deprecation, use _CRT_SECURE_NO_WARNINGS. See online help for details. [c:\originalhr2\HoverRaceAI\NetTarget\Game2\Game2.vcxproj]
c:\originalhr2\HoverRaceAI\NetTarget\Game2\MatchReport.cpp(479,19): warning C4996: 'strncpy': This function or variable may be unsafe. Consider using strncpy_s instead. To disable deprecation, use _CRT_SECURE_NO_WARNINGS. See online help for details. [c:\originalhr2\HoverRaceAI\NetTarget\Game2\Game2.vcxproj]
c:\originalhr2\HoverRaceAI\NetTarget\Game2\MatchReport.cpp(484,16): warning C4996: 'strncpy': This function or variable may be unsafe. Consider using strncpy_s instead. To disable deprecation, use _CRT_SECURE_NO_WARNINGS. See online help for details. [c:\originalhr2\HoverRaceAI\NetTarget\Game2\Game2.vcxproj]
c:\originalhr2\HoverRaceAI\NetTarget\Game2\MatchReport.cpp(494,16): warning C4996: 'sscanf': This function or variable may be unsafe. Consider using sscanf_s instead. To disable deprecation, use _CRT_SECURE_NO_WARNINGS. See online help for details. [c:\originalhr2\HoverRaceAI\NetTarget\Game2\Game2.vcxproj]
c:\originalhr2\HoverRaceAI\NetTarget\Game2\MatchReport.cpp(500,16): warning C4996: 'sscanf': This function or variable may be unsafe. Consider using sscanf_s instead. To disable deprecation, use _CRT_SECURE_NO_WARNINGS. See online help for details. [c:\originalhr2\HoverRaceAI\NetTarget\Game2\Game2.vcxproj]
c:\originalhr2\HoverRaceAI\NetTarget\Game2\MatchReport.cpp(506,16): warning C4996: 'sscanf': This function or variable may be unsafe. Consider using sscanf_s instead. To disable deprecation, use _CRT_SECURE_NO_WARNINGS. See online help for details. [c:\originalhr2\HoverRaceAI\NetTarget\Game2\Game2.vcxproj]
c:\originalhr2\HoverRaceAI\NetTarget\Game2\MatchReport.cpp(591,38): warning C4456: declaration of 'lResult' hides previous local declaration [c:\originalhr2\HoverRaceAI\NetTarget\Game2\Game2.vcxproj]
  c:\originalhr2\HoverRaceAI\NetTarget\Game2\MatchReport.cpp(557,26):
  see declaration of 'lResult'
  
c:\originalhr2\HoverRaceAI\NetTarget\Game2\MatchReport.cpp(516,104): warning C4100: 'pLParam': unreferenced formal parameter [c:\originalhr2\HoverRaceAI\NetTarget\Game2\Game2.vcxproj]
c:\originalhr2\HoverRaceAI\NetTarget\Game2\MatchReport.cpp(642,104): warning C4100: 'pLParam': unreferenced formal parameter [c:\originalhr2\HoverRaceAI\NetTarget\Game2\Game2.vcxproj]
c:\originalhr2\HoverRaceAI\NetTarget\Game2\MatchReport.cpp(715,13): warning C4996: 'sprintf': This function or variable may be unsafe. Consider using sprintf_s instead. To disable deprecation, use _CRT_SECURE_NO_WARNINGS. See online help for details. [c:\originalhr2\HoverRaceAI\NetTarget\Game2\Game2.vcxproj]
c:\originalhr2\HoverRaceAI\NetTarget\Game2\MatchReport.cpp(770,92): warning C4100: 'pLParam': unreferenced formal parameter [c:\originalhr2\HoverRaceAI\NetTarget\Game2\Game2.vcxproj]
c:\originalhr2\HoverRaceAI\NetTarget\Game2\MatchReport.cpp(828,16): warning C4996: 'sprintf': This function or variable may be unsafe. Consider using sprintf_s instead. To disable deprecation, use _CRT_SECURE_NO_WARNINGS. See online help for details. [c:\originalhr2\HoverRaceAI\NetTarget\Game2\Game2.vcxproj]
  NetInterface.cpp
  _WIN32_WINNT not defined. Defaulting to _WIN32_WINNT_MAXVER (see WinSDKVer.h)
C:\Program Files\Microsoft Visual Studio\2022\Community\VC\Tools\MSVC\14.39.33519\include\yvals_core.h(880,1): warning C4005: '_MSVC_STL_VERSION': macro redefinition [c:\originalhr2\HoverRaceAI\NetTarget\Game2\Game2.vcxproj]
  (compiling source file 'NetInterface.cpp')
  C:\Program Files\Microsoft Visual Studio\2022\Community\SDK\ScopeCppSDK\vc15\VC\include\yvals.h(156,1):
  see previous definition of '_MSVC_STL_VERSION'
  
C:\Program Files\Microsoft Visual Studio\2022\Community\VC\Tools\MSVC\14.39.33519\include\yvals_core.h(881,1): warning C4005: '_MSVC_STL_UPDATE': macro redefinition [c:\originalhr2\HoverRaceAI\NetTarget\Game2\Game2.vcxproj]
  (compiling source file 'NetInterface.cpp')
  C:\Program Files\Microsoft Visual Studio\2022\Community\SDK\ScopeCppSDK\vc15\VC\include\yvals.h(157,1):
  see previous definition of '_MSVC_STL_UPDATE'
  
C:\Program Files\Microsoft Visual Studio\2022\Community\VC\Tools\MSVC\14.39.33519\include\yvals_core.h(1000,1): warning C4005: '_DEPRECATE_TR1_NAMESPACE': macro redefinition [c:\originalhr2\HoverRaceAI\NetTarget\Game2\Game2.vcxproj]
  (compiling source file 'NetInterface.cpp')
  C:\Program Files\Microsoft Visual Studio\2022\Community\SDK\ScopeCppSDK\vc15\VC\include\yvals.h(247,1):
  see previous definition of '_DEPRECATE_TR1_NAMESPACE'
  
C:\Program Files\Microsoft Visual Studio\2022\Community\VC\Tools\MSVC\14.39.33519\include\yvals_core.h(1014,1): warning C4005: '_MISMATCHED_ALLOCATOR_MESSAGE': macro redefinition [c:\originalhr2\HoverRaceAI\NetTarget\Game2\Game2.vcxproj]
  (compiling source file 'NetInterface.cpp')
  C:\Program Files\Microsoft Visual Studio\2022\Community\SDK\ScopeCppSDK\vc15\VC\include\yvals.h(303,1):
  see previous definition of '_MISMATCHED_ALLOCATOR_MESSAGE'
  
c:\originalhr2\HoverRaceAI\NetTarget\Game2\NetInterface.cpp(433,41): warning C4244: 'argument': conversion from 'int' to 'u_short', possible loss of data [c:\originalhr2\HoverRaceAI\NetTarget\Game2\Game2.vcxproj]
c:\originalhr2\HoverRaceAI\NetTarget\Game2\NetInterface.cpp(705,66): warning C4244: 'argument': conversion from 'int' to 'u_short', possible loss of data [c:\originalhr2\HoverRaceAI\NetTarget\Game2\Game2.vcxproj]
c:\originalhr2\HoverRaceAI\NetTarget\Game2\NetInterface.cpp(649,109): warning C4100: 'pLParam': unreferenced formal parameter [c:\originalhr2\HoverRaceAI\NetTarget\Game2\Game2.vcxproj]
c:\originalhr2\HoverRaceAI\NetTarget\Game2\NetInterface.cpp(724,109): warning C4100: 'pLParam': unreferenced formal parameter [c:\originalhr2\HoverRaceAI\NetTarget\Game2\Game2.vcxproj]
c:\originalhr2\HoverRaceAI\NetTarget\Game2\NetInterface.cpp(815,63): warning C4244: 'argument': conversion from 'int' to 'u_short', possible loss of data [c:\originalhr2\HoverRaceAI\NetTarget\Game2\Game2.vcxproj]
c:\originalhr2\HoverRaceAI\NetTarget\Game2\NetInterface.cpp(881,80): warning C4244: '=': conversion from 'int' to 'MR_UInt8', possible loss of data [c:\originalhr2\HoverRaceAI\NetTarget\Game2\Game2.vcxproj]
c:\originalhr2\HoverRaceAI\NetTarget\Game2\NetInterface.cpp(817,16): warning C4996: 'WSAAsyncSelect': Use WSAEventSelect() instead or define _WINSOCK_DEPRECATED_NO_WARNINGS to disable deprecated API warnings [c:\originalhr2\HoverRaceAI\NetTarget\Game2\Game2.vcxproj]
c:\originalhr2\HoverRaceAI\NetTarget\Game2\NetInterface.cpp(852,16): warning C4996: 'WSAAsyncSelect': Use WSAEventSelect() instead or define _WINSOCK_DEPRECATED_NO_WARNINGS to disable deprecated API warnings [c:\originalhr2\HoverRaceAI\NetTarget\Game2\Game2.vcxproj]
c:\originalhr2\HoverRaceAI\NetTarget\Game2\NetInterface.cpp(916,19): warning C4996: 'WSAAsyncSelect': Use WSAEventSelect() instead or define _WINSOCK_DEPRECATED_NO_WARNINGS to disable deprecated API warnings [c:\originalhr2\HoverRaceAI\NetTarget\Game2\Game2.vcxproj]
c:\originalhr2\HoverRaceAI\NetTarget\Game2\NetInterface.cpp(927,22): warning C4996: 'WSAAsyncSelect': Use WSAEventSelect() instead or define _WINSOCK_DEPRECATED_NO_WARNINGS to disable deprecated API warnings [c:\originalhr2\HoverRaceAI\NetTarget\Game2\Game2.vcxproj]
c:\originalhr2\HoverRaceAI\NetTarget\Game2\NetInterface.cpp(1060,78): warning C4244: '=': conversion from 'int' to 'MR_UInt8', possible loss of data [c:\originalhr2\HoverRaceAI\NetTarget\Game2\Game2.vcxproj]
c:\originalhr2\HoverRaceAI\NetTarget\Game2\NetInterface.cpp(1134,56): warning C4244: '=': conversion from 'int' to 'MR_UInt8', possible loss of data [c:\originalhr2\HoverRaceAI\NetTarget\Game2\Game2.vcxproj]
c:\originalhr2\HoverRaceAI\NetTarget\Game2\NetInterface.cpp(1287,78): warning C4244: '=': conversion from 'int' to 'MR_UInt8', possible loss of data [c:\originalhr2\HoverRaceAI\NetTarget\Game2\Game2.vcxproj]
c:\originalhr2\HoverRaceAI\NetTarget\Game2\NetInterface.cpp(1364,87): warning C4244: '=': conversion from 'int' to 'MR_UInt8', possible loss of data [c:\originalhr2\HoverRaceAI\NetTarget\Game2\Game2.vcxproj]
c:\originalhr2\HoverRaceAI\NetTarget\Game2\NetInterface.cpp(1453,52): warning C4244: '=': conversion from 'int' to 'USHORT', possible loss of data [c:\originalhr2\HoverRaceAI\NetTarget\Game2\Game2.vcxproj]
c:\originalhr2\HoverRaceAI\NetTarget\Game2\NetInterface.cpp(1609,78): warning C4244: '=': conversion from 'int' to 'MR_UInt8', possible loss of data [c:\originalhr2\HoverRaceAI\NetTarget\Game2\Game2.vcxproj]
c:\originalhr2\HoverRaceAI\NetTarget\Game2\NetInterface.cpp(1047,13): warning C4996: 'WSAAsyncSelect': Use WSAEventSelect() instead or define _WINSOCK_DEPRECATED_NO_WARNINGS to disable deprecated API warnings [c:\originalhr2\HoverRaceAI\NetTarget\Game2\Game2.vcxproj]
c:\originalhr2\HoverRaceAI\NetTarget\Game2\NetInterface.cpp(1054,16): warning C4996: 'WSAAsyncSelect': Use WSAEventSelect() instead or define _WINSOCK_DEPRECATED_NO_WARNINGS to disable deprecated API warnings [c:\originalhr2\HoverRaceAI\NetTarget\Game2\Game2.vcxproj]
c:\originalhr2\HoverRaceAI\NetTarget\Game2\NetInterface.cpp(1055,16): warning C4996: 'WSAAsyncSelect': Use WSAEventSelect() instead or define _WINSOCK_DEPRECATED_NO_WARNINGS to disable deprecated API warnings [c:\originalhr2\HoverRaceAI\NetTarget\Game2\Game2.vcxproj]
c:\originalhr2\HoverRaceAI\NetTarget\Game2\NetInterface.cpp(1146,28): warning C4996: 'WSAAsyncSelect': Use WSAEventSelect() instead or define _WINSOCK_DEPRECATED_NO_WARNINGS to disable deprecated API warnings [c:\originalhr2\HoverRaceAI\NetTarget\Game2\Game2.vcxproj]
c:\originalhr2\HoverRaceAI\NetTarget\Game2\NetInterface.cpp(1147,28): warning C4996: 'WSAAsyncSelect': Use WSAEventSelect() instead or define _WINSOCK_DEPRECATED_NO_WARNINGS to disable deprecated API warnings [c:\originalhr2\HoverRaceAI\NetTarget\Game2\Game2.vcxproj]
c:\originalhr2\HoverRaceAI\NetTarget\Game2\NetInterface.cpp(1150,22): warning C4996: 'WSAAsyncSelect': Use WSAEventSelect() instead or define _WINSOCK_DEPRECATED_NO_WARNINGS to disable deprecated API warnings [c:\originalhr2\HoverRaceAI\NetTarget\Game2\Game2.vcxproj]
c:\originalhr2\HoverRaceAI\NetTarget\Game2\NetInterface.cpp(1208,19): warning C4996: 'WSAAsyncSelect': Use WSAEventSelect() instead or define _WINSOCK_DEPRECATED_NO_WARNINGS to disable deprecated API warnings [c:\originalhr2\HoverRaceAI\NetTarget\Game2\Game2.vcxproj]
c:\originalhr2\HoverRaceAI\NetTarget\Game2\NetInterface.cpp(1209,19): warning C4996: 'WSAAsyncSelect': Use WSAEventSelect() instead or define _WINSOCK_DEPRECATED_NO_WARNINGS to disable deprecated API warnings [c:\originalhr2\HoverRaceAI\NetTarget\Game2\Game2.vcxproj]
c:\originalhr2\HoverRaceAI\NetTarget\Game2\NetInterface.cpp(1271,13): warning C4996: 'WSAAsyncSelect': Use WSAEventSelect() instead or define _WINSOCK_DEPRECATED_NO_WARNINGS to disable deprecated API warnings [c:\originalhr2\HoverRaceAI\NetTarget\Game2\Game2.vcxproj]
c:\originalhr2\HoverRaceAI\NetTarget\Game2\NetInterface.cpp(1272,13): warning C4996: 'WSAAsyncSelect': Use WSAEventSelect() instead or define _WINSOCK_DEPRECATED_NO_WARNINGS to disable deprecated API warnings [c:\originalhr2\HoverRaceAI\NetTarget\Game2\Game2.vcxproj]
c:\originalhr2\HoverRaceAI\NetTarget\Game2\NetInterface.cpp(1455,28): warning C4996: 'WSAAsyncSelect': Use WSAEventSelect() instead or define _WINSOCK_DEPRECATED_NO_WARNINGS to disable deprecated API warnings [c:\originalhr2\HoverRaceAI\NetTarget\Game2\Game2.vcxproj]
c:\originalhr2\HoverRaceAI\NetTarget\Game2\NetInterface.cpp(1456,28): warning C4996: 'WSAAsyncSelect': Use WSAEventSelect() instead or define _WINSOCK_DEPRECATED_NO_WARNINGS to disable deprecated API warnings [c:\originalhr2\HoverRaceAI\NetTarget\Game2\Game2.vcxproj]
c:\originalhr2\HoverRaceAI\NetTarget\Game2\NetInterface.cpp(1520,28): warning C4996: '_itoa': This function or variable may be unsafe. Consider using _itoa_s instead. To disable deprecation, use _CRT_SECURE_NO_WARNINGS. See online help for details. [c:\originalhr2\HoverRaceAI\NetTarget\Game2\Game2.vcxproj]
c:\originalhr2\HoverRaceAI\NetTarget\Game2\NetInterface.cpp(1536,25): warning C4996: '_itoa': This function or variable may be unsafe. Consider using _itoa_s instead. To disable deprecation, use _CRT_SECURE_NO_WARNINGS. See online help for details. [c:\originalhr2\HoverRaceAI\NetTarget\Game2\Game2.vcxproj]
c:\originalhr2\HoverRaceAI\NetTarget\Game2\NetInterface.cpp(1570,28): warning C4996: 'WSAAsyncSelect': Use WSAEventSelect() instead or define _WINSOCK_DEPRECATED_NO_WARNINGS to disable deprecated API warnings [c:\originalhr2\HoverRaceAI\NetTarget\Game2\Game2.vcxproj]
c:\originalhr2\HoverRaceAI\NetTarget\Game2\NetInterface.cpp(1571,28): warning C4996: 'WSAAsyncSelect': Use WSAEventSelect() instead or define _WINSOCK_DEPRECATED_NO_WARNINGS to disable deprecated API warnings [c:\originalhr2\HoverRaceAI\NetTarget\Game2\Game2.vcxproj]
c:\originalhr2\HoverRaceAI\NetTarget\Game2\NetInterface.cpp(1575,22): warning C4996: 'WSAAsyncSelect': Use WSAEventSelect() instead or define _WINSOCK_DEPRECATED_NO_WARNINGS to disable deprecated API warnings [c:\originalhr2\HoverRaceAI\NetTarget\Game2\Game2.vcxproj]
c:\originalhr2\HoverRaceAI\NetTarget\Game2\NetInterface.cpp(1591,13): warning C4996: 'WSAAsyncSelect': Use WSAEventSelect() instead or define _WINSOCK_DEPRECATED_NO_WARNINGS to disable deprecated API warnings [c:\originalhr2\HoverRaceAI\NetTarget\Game2\Game2.vcxproj]
c:\originalhr2\HoverRaceAI\NetTarget\Game2\NetInterface.cpp(1592,13): warning C4996: 'WSAAsyncSelect': Use WSAEventSelect() instead or define _WINSOCK_DEPRECATED_NO_WARNINGS to disable deprecated API warnings [c:\originalhr2\HoverRaceAI\NetTarget\Game2\Game2.vcxproj]
c:\originalhr2\HoverRaceAI\NetTarget\Game2\NetInterface.cpp(1706,30): warning C4244: '=': conversion from 'unsigned int' to 'USHORT', possible loss of data [c:\originalhr2\HoverRaceAI\NetTarget\Game2\Game2.vcxproj]
c:\originalhr2\HoverRaceAI\NetTarget\Game2\NetInterface.cpp(1835,88): warning C4389: '==': signed/unsigned mismatch [c:\originalhr2\HoverRaceAI\NetTarget\Game2\Game2.vcxproj]
c:\originalhr2\HoverRaceAI\NetTarget\Game2\NetInterface.cpp(2068,15): warning C4996: 'gethostbyname': Use getaddrinfo() or GetAddrInfoW() instead or define _WINSOCK_DEPRECATED_NO_WARNINGS to disable deprecated API warnings [c:\originalhr2\HoverRaceAI\NetTarget\Game2\Game2.vcxproj]
c:\originalhr2\HoverRaceAI\NetTarget\Game2\NetInterface.cpp(2077,10): warning C4996: 'sprintf': This function or variable may be unsafe. Consider using sprintf_s instead. To disable deprecation, use _CRT_SECURE_NO_WARNINGS. See online help for details. [c:\originalhr2\HoverRaceAI\NetTarget\Game2\Game2.vcxproj]
c:\originalhr2\HoverRaceAI\NetTarget\Game2\NetInterface.cpp(2107,19): warning C4996: 'sscanf': This function or variable may be unsafe. Consider using sscanf_s instead. To disable deprecation, use _CRT_SECURE_NO_WARNINGS. See online help for details. [c:\originalhr2\HoverRaceAI\NetTarget\Game2\Game2.vcxproj]
c:\originalhr2\HoverRaceAI\NetTarget\Game2\NetInterface.cpp(2127,79): warning C4100: 'lParam': unreferenced formal parameter [c:\originalhr2\HoverRaceAI\NetTarget\Game2\Game2.vcxproj]
  NetworkSession.cpp
  _WIN32_WINNT not defined. Defaulting to _WIN32_WINNT_MAXVER (see WinSDKVer.h)
C:\Program Files\Microsoft Visual Studio\2022\Community\VC\Tools\MSVC\14.39.33519\include\yvals_core.h(880,1): warning C4005: '_MSVC_STL_VERSION': macro redefinition [c:\originalhr2\HoverRaceAI\NetTarget\Game2\Game2.vcxproj]
  (compiling source file 'NetworkSession.cpp')
  C:\Program Files\Microsoft Visual Studio\2022\Community\SDK\ScopeCppSDK\vc15\VC\include\yvals.h(156,1):
  see previous definition of '_MSVC_STL_VERSION'
  
C:\Program Files\Microsoft Visual Studio\2022\Community\VC\Tools\MSVC\14.39.33519\include\yvals_core.h(881,1): warning C4005: '_MSVC_STL_UPDATE': macro redefinition [c:\originalhr2\HoverRaceAI\NetTarget\Game2\Game2.vcxproj]
  (compiling source file 'NetworkSession.cpp')
  C:\Program Files\Microsoft Visual Studio\2022\Community\SDK\ScopeCppSDK\vc15\VC\include\yvals.h(157,1):
  see previous definition of '_MSVC_STL_UPDATE'
  
C:\Program Files\Microsoft Visual Studio\2022\Community\VC\Tools\MSVC\14.39.33519\include\yvals_core.h(1000,1): warning C4005: '_DEPRECATE_TR1_NAMESPACE': macro redefinition [c:\originalhr2\HoverRaceAI\NetTarget\Game2\Game2.vcxproj]
  (compiling source file 'NetworkSession.cpp')
  C:\Program Files\Microsoft Visual Studio\2022\Community\SDK\ScopeCppSDK\vc15\VC\include\yvals.h(247,1):
  see previous definition of '_DEPRECATE_TR1_NAMESPACE'
  
C:\Program Files\Microsoft Visual Studio\2022\Community\VC\Tools\MSVC\14.39.33519\include\yvals_core.h(1014,1): warning C4005: '_MISMATCHED_ALLOCATOR_MESSAGE': macro redefinition [c:\originalhr2\HoverRaceAI\NetTarget\Game2\Game2.vcxproj]
  (compiling source file 'NetworkSession.cpp')
  C:\Program Files\Microsoft Visual Studio\2022\Community\SDK\ScopeCppSDK\vc15\VC\include\yvals.h(303,1):
  see previous definition of '_MISMATCHED_ALLOCATOR_MESSAGE'
  
c:\originalhr2\HoverRaceAI\NetTarget\Game2\NetworkSession.cpp(771,55): warning C4244: '=': conversion from 'int' to 'MR_UInt8', possible loss of data [c:\originalhr2\HoverRaceAI\NetTarget\Game2\Game2.vcxproj]
c:\originalhr2\HoverRaceAI\NetTarget\Game2\NetworkSession.cpp(774,39): warning C4244: '=': conversion from 'int' to 'MR_Int16', possible loss of data [c:\originalhr2\HoverRaceAI\NetTarget\Game2\Game2.vcxproj]
c:\originalhr2\HoverRaceAI\NetTarget\Game2\NetworkSession.cpp(775,39): warning C4244: '=': conversion from 'int' to 'MR_Int16', possible loss of data [c:\originalhr2\HoverRaceAI\NetTarget\Game2\Game2.vcxproj]
c:\originalhr2\HoverRaceAI\NetTarget\Game2\NetworkSession.cpp(798,55): warning C4244: '=': conversion from 'int' to 'MR_UInt8', possible loss of data [c:\originalhr2\HoverRaceAI\NetTarget\Game2\Game2.vcxproj]
c:\originalhr2\HoverRaceAI\NetTarget\Game2\NetworkSession.cpp(801,39): warning C4244: '=': conversion from 'int' to 'MR_Int16', possible loss of data [c:\originalhr2\HoverRaceAI\NetTarget\Game2\Game2.vcxproj]
c:\originalhr2\HoverRaceAI\NetTarget\Game2\NetworkSession.cpp(897,55): warning C4244: '=': conversion from 'int' to 'MR_UInt8', possible loss of data [c:\originalhr2\HoverRaceAI\NetTarget\Game2\Game2.vcxproj]
c:\originalhr2\HoverRaceAI\NetTarget\Game2\NetworkSession.cpp(898,39): warning C4244: '=': conversion from 'int' to 'MR_Int8', possible loss of data [c:\originalhr2\HoverRaceAI\NetTarget\Game2\Game2.vcxproj]
c:\originalhr2\HoverRaceAI\NetTarget\Game2\NetworkSession.cpp(899,39): warning C4244: '=': conversion from 'int' to 'MR_Int16', possible loss of data [c:\originalhr2\HoverRaceAI\NetTarget\Game2\Game2.vcxproj]
c:\originalhr2\HoverRaceAI\NetTarget\Game2\NetworkSession.cpp(1024,45): warning C4244: '=': conversion from 'const int' to 'MR_UInt8', possible loss of data [c:\originalhr2\HoverRaceAI\NetTarget\Game2\Game2.vcxproj]
c:\originalhr2\HoverRaceAI\NetTarget\Game2\NetworkSession.cpp(1197,29): warning C4244: '=': conversion from 'int' to 'MR_Int8', possible loss of data [c:\originalhr2\HoverRaceAI\NetTarget\Game2\Game2.vcxproj]
c:\originalhr2\HoverRaceAI\NetTarget\Game2\NetworkSession.cpp(1211,37): warning C4267: '=': conversion from 'size_t' to 'MR_UInt8', possible loss of data [c:\originalhr2\HoverRaceAI\NetTarget\Game2\Game2.vcxproj]
c:\originalhr2\HoverRaceAI\NetTarget\Game2\NetworkSession.cpp(1454,4): warning C4996: 'strcpy': This function or variable may be unsafe. Consider using strcpy_s instead. To disable deprecation, use _CRT_SECURE_NO_WARNINGS. See online help for details. [c:\originalhr2\HoverRaceAI\NetTarget\Game2\Game2.vcxproj]
  Observer.cpp
  _WIN32_WINNT not defined. Defaulting to _WIN32_WINNT_MAXVER (see WinSDKVer.h)
C:\Program Files\Microsoft Visual Studio\2022\Community\VC\Tools\MSVC\14.39.33519\include\yvals_core.h(880,1): warning C4005: '_MSVC_STL_VERSION': macro redefinition [c:\originalhr2\HoverRaceAI\NetTarget\Game2\Game2.vcxproj]
  (compiling source file 'Observer.cpp')
  C:\Program Files\Microsoft Visual Studio\2022\Community\SDK\ScopeCppSDK\vc15\VC\include\yvals.h(156,1):
  see previous definition of '_MSVC_STL_VERSION'
  
C:\Program Files\Microsoft Visual Studio\2022\Community\VC\Tools\MSVC\14.39.33519\include\yvals_core.h(881,1): warning C4005: '_MSVC_STL_UPDATE': macro redefinition [c:\originalhr2\HoverRaceAI\NetTarget\Game2\Game2.vcxproj]
  (compiling source file 'Observer.cpp')
  C:\Program Files\Microsoft Visual Studio\2022\Community\SDK\ScopeCppSDK\vc15\VC\include\yvals.h(157,1):
  see previous definition of '_MSVC_STL_UPDATE'
  
C:\Program Files\Microsoft Visual Studio\2022\Community\VC\Tools\MSVC\14.39.33519\include\yvals_core.h(1000,1): warning C4005: '_DEPRECATE_TR1_NAMESPACE': macro redefinition [c:\originalhr2\HoverRaceAI\NetTarget\Game2\Game2.vcxproj]
  (compiling source file 'Observer.cpp')
  C:\Program Files\Microsoft Visual Studio\2022\Community\SDK\ScopeCppSDK\vc15\VC\include\yvals.h(247,1):
  see previous definition of '_DEPRECATE_TR1_NAMESPACE'
  
C:\Program Files\Microsoft Visual Studio\2022\Community\VC\Tools\MSVC\14.39.33519\include\yvals_core.h(1014,1): warning C4005: '_MISMATCHED_ALLOCATOR_MESSAGE': macro redefinition [c:\originalhr2\HoverRaceAI\NetTarget\Game2\Game2.vcxproj]
  (compiling source file 'Observer.cpp')
  C:\Program Files\Microsoft Visual Studio\2022\Community\SDK\ScopeCppSDK\vc15\VC\include\yvals.h(303,1):
  see previous definition of '_MISMATCHED_ALLOCATOR_MESSAGE'
  
c:\originalhr2\HoverRaceAI\NetTarget\Game2\Observer.cpp(307,7): warning C5205: delete of an abstract class 'MR_PolygonShape' that has a non-virtual destructor results in undefined behavior [c:\originalhr2\HoverRaceAI\NetTarget\Game2\Game2.vcxproj]
  c:\originalhr2\HoverRaceAI\NetTarget\Model\Shapes.h(120,21):
  see declaration of 'MR_PolygonShape'
  
c:\originalhr2\HoverRaceAI\NetTarget\Game2\Observer.cpp(449,4): warning C5205: delete of an abstract class 'MR_PolygonShape' that has a non-virtual destructor results in undefined behavior [c:\originalhr2\HoverRaceAI\NetTarget\Game2\Game2.vcxproj]
  c:\originalhr2\HoverRaceAI\NetTarget\Model\Shapes.h(120,21):
  see declaration of 'MR_PolygonShape'
  
c:\originalhr2\HoverRaceAI\NetTarget\Game2\Observer.cpp(711,31): warning C4244: 'initializing': conversion from 'double' to 'int', possible loss of data [c:\originalhr2\HoverRaceAI\NetTarget\Game2\Game2.vcxproj]
c:\originalhr2\HoverRaceAI\NetTarget\Game2\Observer.cpp(712,31): warning C4244: 'initializing': conversion from 'double' to 'int', possible loss of data [c:\originalhr2\HoverRaceAI\NetTarget\Game2\Game2.vcxproj]
c:\originalhr2\HoverRaceAI\NetTarget\Game2\Observer.cpp(714,31): warning C4244: 'initializing': conversion from 'double' to 'int', possible loss of data [c:\originalhr2\HoverRaceAI\NetTarget\Game2\Game2.vcxproj]
c:\originalhr2\HoverRaceAI\NetTarget\Game2\Observer.cpp(657,25): warning C4996: 'fopen': This function or variable may be unsafe. Consider using fopen_s instead. To disable deprecation, use _CRT_SECURE_NO_WARNINGS. See online help for details. [c:\originalhr2\HoverRaceAI\NetTarget\Game2\Game2.vcxproj]
c:\originalhr2\HoverRaceAI\NetTarget\Game2\Observer.cpp(676,25): warning C4996: 'fopen': This function or variable may be unsafe. Consider using fopen_s instead. To disable deprecation, use _CRT_SECURE_NO_WARNINGS. See online help for details. [c:\originalhr2\HoverRaceAI\NetTarget\Game2\Game2.vcxproj]
c:\originalhr2\HoverRaceAI\NetTarget\Game2\Observer.cpp(688,22): warning C4996: 'fopen': This function or variable may be unsafe. Consider using fopen_s instead. To disable deprecation, use _CRT_SECURE_NO_WARNINGS. See online help for details. [c:\originalhr2\HoverRaceAI\NetTarget\Game2\Game2.vcxproj]
c:\originalhr2\HoverRaceAI\NetTarget\Game2\Observer.cpp(1414,4): warning C5205: delete of an abstract class 'MR_PolygonShape' that has a non-virtual destructor results in undefined behavior [c:\originalhr2\HoverRaceAI\NetTarget\Game2\Game2.vcxproj]
  c:\originalhr2\HoverRaceAI\NetTarget\Model\Shapes.h(120,21):
  see declaration of 'MR_PolygonShape'
  
c:\originalhr2\HoverRaceAI\NetTarget\Game2\Observer.cpp(1457,4): warning C5205: delete of an abstract class 'MR_PolygonShape' that has a non-virtual destructor results in undefined behavior [c:\originalhr2\HoverRaceAI\NetTarget\Game2\Game2.vcxproj]
  c:\originalhr2\HoverRaceAI\NetTarget\Model\Shapes.h(120,21):
  see declaration of 'MR_PolygonShape'
  
c:\originalhr2\HoverRaceAI\NetTarget\Game2\Observer.cpp(1518,4): warning C5205: delete of an abstract class 'MR_PolygonShape' that has a non-virtual destructor results in undefined behavior [c:\originalhr2\HoverRaceAI\NetTarget\Game2\Game2.vcxproj]
  c:\originalhr2\HoverRaceAI\NetTarget\Model\Shapes.h(120,21):
  see declaration of 'MR_PolygonShape'
  
c:\originalhr2\HoverRaceAI\NetTarget\Game2\Observer.cpp(1522,180): warning C4100: 'pBackImage': unreferenced formal parameter [c:\originalhr2\HoverRaceAI\NetTarget\Game2\Game2.vcxproj]
c:\originalhr2\HoverRaceAI\NetTarget\Game2\Observer.cpp(1522,157): warning C4100: 'pTime': unreferenced formal parameter [c:\originalhr2\HoverRaceAI\NetTarget\Game2\Game2.vcxproj]
c:\originalhr2\HoverRaceAI\NetTarget\Game2\Observer.cpp(1576,20): warning C4996: 'fopen': This function or variable may be unsafe. Consider using fopen_s instead. To disable deprecation, use _CRT_SECURE_NO_WARNINGS. See online help for details. [c:\originalhr2\HoverRaceAI\NetTarget\Game2\Game2.vcxproj]
c:\originalhr2\HoverRaceAI\NetTarget\Game2\Observer.cpp(1632,17): warning C4996: 'fopen': This function or variable may be unsafe. Consider using fopen_s instead. To disable deprecation, use _CRT_SECURE_NO_WARNINGS. See online help for details. [c:\originalhr2\HoverRaceAI\NetTarget\Game2\Game2.vcxproj]
c:\originalhr2\HoverRaceAI\NetTarget\Game2\Observer.cpp(1655,17): warning C4996: 'fopen': This function or variable may be unsafe. Consider using fopen_s instead. To disable deprecation, use _CRT_SECURE_NO_WARNINGS. See online help for details. [c:\originalhr2\HoverRaceAI\NetTarget\Game2\Game2.vcxproj]
c:\originalhr2\HoverRaceAI\NetTarget\Game2\Observer.cpp(1666,17): warning C4996: 'fopen': This function or variable may be unsafe. Consider using fopen_s instead. To disable deprecation, use _CRT_SECURE_NO_WARNINGS. See online help for details. [c:\originalhr2\HoverRaceAI\NetTarget\Game2\Game2.vcxproj]
  Sponsor.cpp
  _WIN32_WINNT not defined. Defaulting to _WIN32_WINNT_MAXVER (see WinSDKVer.h)
C:\Program Files\Microsoft Visual Studio\2022\Community\VC\Tools\MSVC\14.39.33519\include\yvals_core.h(880,1): warning C4005: '_MSVC_STL_VERSION': macro redefinition [c:\originalhr2\HoverRaceAI\NetTarget\Game2\Game2.vcxproj]
  (compiling source file 'Sponsor.cpp')
  C:\Program Files\Microsoft Visual Studio\2022\Community\SDK\ScopeCppSDK\vc15\VC\include\yvals.h(156,1):
  see previous definition of '_MSVC_STL_VERSION'
  
C:\Program Files\Microsoft Visual Studio\2022\Community\VC\Tools\MSVC\14.39.33519\include\yvals_core.h(881,1): warning C4005: '_MSVC_STL_UPDATE': macro redefinition [c:\originalhr2\HoverRaceAI\NetTarget\Game2\Game2.vcxproj]
  (compiling source file 'Sponsor.cpp')
  C:\Program Files\Microsoft Visual Studio\2022\Community\SDK\ScopeCppSDK\vc15\VC\include\yvals.h(157,1):
  see previous definition of '_MSVC_STL_UPDATE'
  
C:\Program Files\Microsoft Visual Studio\2022\Community\VC\Tools\MSVC\14.39.33519\include\yvals_core.h(1000,1): warning C4005: '_DEPRECATE_TR1_NAMESPACE': macro redefinition [c:\originalhr2\HoverRaceAI\NetTarget\Game2\Game2.vcxproj]
  (compiling source file 'Sponsor.cpp')
  C:\Program Files\Microsoft Visual Studio\2022\Community\SDK\ScopeCppSDK\vc15\VC\include\yvals.h(247,1):
  see previous definition of '_DEPRECATE_TR1_NAMESPACE'
  
C:\Program Files\Microsoft Visual Studio\2022\Community\VC\Tools\MSVC\14.39.33519\include\yvals_core.h(1014,1): warning C4005: '_MISMATCHED_ALLOCATOR_MESSAGE': macro redefinition [c:\originalhr2\HoverRaceAI\NetTarget\Game2\Game2.vcxproj]
  (compiling source file 'Sponsor.cpp')
  C:\Program Files\Microsoft Visual Studio\2022\Community\SDK\ScopeCppSDK\vc15\VC\include\yvals.h(303,1):
  see previous definition of '_MISMATCHED_ALLOCATOR_MESSAGE'
  
c:\originalhr2\HoverRaceAI\NetTarget\Game2\Sponsor.cpp(36,20): warning C4996: 'fopen': This function or variable may be unsafe. Consider using fopen_s instead. To disable deprecation, use _CRT_SECURE_NO_WARNINGS. See online help for details. [c:\originalhr2\HoverRaceAI\NetTarget\Game2\Game2.vcxproj]
c:\originalhr2\HoverRaceAI\NetTarget\Game2\Sponsor.cpp(41,18): warning C4996: 'fopen': This function or variable may be unsafe. Consider using fopen_s instead. To disable deprecation, use _CRT_SECURE_NO_WARNINGS. See online help for details. [c:\originalhr2\HoverRaceAI\NetTarget\Game2\Game2.vcxproj]
c:\originalhr2\HoverRaceAI\NetTarget\Game2\Sponsor.cpp(149,77): warning C4100: 'pLParam': unreferenced formal parameter [c:\originalhr2\HoverRaceAI\NetTarget\Game2\Game2.vcxproj]
  StdAfx.cpp
  _WIN32_WINNT not defined. Defaulting to _WIN32_WINNT_MAXVER (see WinSDKVer.h)
C:\Program Files\Microsoft Visual Studio\2022\Community\VC\Tools\MSVC\14.39.33519\include\yvals_core.h(880,1): warning C4005: '_MSVC_STL_VERSION': macro redefinition [c:\originalhr2\HoverRaceAI\NetTarget\Game2\Game2.vcxproj]
  (compiling source file 'StdAfx.cpp')
  C:\Program Files\Microsoft Visual Studio\2022\Community\SDK\ScopeCppSDK\vc15\VC\include\yvals.h(156,1):
  see previous definition of '_MSVC_STL_VERSION'
  
C:\Program Files\Microsoft Visual Studio\2022\Community\VC\Tools\MSVC\14.39.33519\include\yvals_core.h(881,1): warning C4005: '_MSVC_STL_UPDATE': macro redefinition [c:\originalhr2\HoverRaceAI\NetTarget\Game2\Game2.vcxproj]
  (compiling source file 'StdAfx.cpp')
  C:\Program Files\Microsoft Visual Studio\2022\Community\SDK\ScopeCppSDK\vc15\VC\include\yvals.h(157,1):
  see previous definition of '_MSVC_STL_UPDATE'
  
C:\Program Files\Microsoft Visual Studio\2022\Community\VC\Tools\MSVC\14.39.33519\include\yvals_core.h(1000,1): warning C4005: '_DEPRECATE_TR1_NAMESPACE': macro redefinition [c:\originalhr2\HoverRaceAI\NetTarget\Game2\Game2.vcxproj]
  (compiling source file 'StdAfx.cpp')
  C:\Program Files\Microsoft Visual Studio\2022\Community\SDK\ScopeCppSDK\vc15\VC\include\yvals.h(247,1):
  see previous definition of '_DEPRECATE_TR1_NAMESPACE'
  
C:\Program Files\Microsoft Visual Studio\2022\Community\VC\Tools\MSVC\14.39.33519\include\yvals_core.h(1014,1): warning C4005: '_MISMATCHED_ALLOCATOR_MESSAGE': macro redefinition [c:\originalhr2\HoverRaceAI\NetTarget\Game2\Game2.vcxproj]
  (compiling source file 'StdAfx.cpp')
  C:\Program Files\Microsoft Visual Studio\2022\Community\SDK\ScopeCppSDK\vc15\VC\include\yvals.h(303,1):
  see previous definition of '_MISMATCHED_ALLOCATOR_MESSAGE'
  
  TrackSelect.cpp
  _WIN32_WINNT not defined. Defaulting to _WIN32_WINNT_MAXVER (see WinSDKVer.h)
C:\Program Files\Microsoft Visual Studio\2022\Community\VC\Tools\MSVC\14.39.33519\include\yvals_core.h(880,1): warning C4005: '_MSVC_STL_VERSION': macro redefinition [c:\originalhr2\HoverRaceAI\NetTarget\Game2\Game2.vcxproj]
  (compiling source file 'TrackSelect.cpp')
  C:\Program Files\Microsoft Visual Studio\2022\Community\SDK\ScopeCppSDK\vc15\VC\include\yvals.h(156,1):
  see previous definition of '_MSVC_STL_VERSION'
  
C:\Program Files\Microsoft Visual Studio\2022\Community\VC\Tools\MSVC\14.39.33519\include\yvals_core.h(881,1): warning C4005: '_MSVC_STL_UPDATE': macro redefinition [c:\originalhr2\HoverRaceAI\NetTarget\Game2\Game2.vcxproj]
  (compiling source file 'TrackSelect.cpp')
  C:\Program Files\Microsoft Visual Studio\2022\Community\SDK\ScopeCppSDK\vc15\VC\include\yvals.h(157,1):
  see previous definition of '_MSVC_STL_UPDATE'
  
C:\Program Files\Microsoft Visual Studio\2022\Community\VC\Tools\MSVC\14.39.33519\include\yvals_core.h(1000,1): warning C4005: '_DEPRECATE_TR1_NAMESPACE': macro redefinition [c:\originalhr2\HoverRaceAI\NetTarget\Game2\Game2.vcxproj]
  (compiling source file 'TrackSelect.cpp')
  C:\Program Files\Microsoft Visual Studio\2022\Community\SDK\ScopeCppSDK\vc15\VC\include\yvals.h(247,1):
  see previous definition of '_DEPRECATE_TR1_NAMESPACE'
  
C:\Program Files\Microsoft Visual Studio\2022\Community\VC\Tools\MSVC\14.39.33519\include\yvals_core.h(1014,1): warning C4005: '_MISMATCHED_ALLOCATOR_MESSAGE': macro redefinition [c:\originalhr2\HoverRaceAI\NetTarget\Game2\Game2.vcxproj]
  (compiling source file 'TrackSelect.cpp')
  C:\Program Files\Microsoft Visual Studio\2022\Community\SDK\ScopeCppSDK\vc15\VC\include\yvals.h(303,1):
  see previous definition of '_MISMATCHED_ALLOCATOR_MESSAGE'
  
c:\originalhr2\HoverRaceAI\NetTarget\Game2\TrackSelect.cpp(74,20): warning C4996: 'fopen': This function or variable may be unsafe. Consider using fopen_s instead. To disable deprecation, use _CRT_SECURE_NO_WARNINGS. See online help for details. [c:\originalhr2\HoverRaceAI\NetTarget\Game2\Game2.vcxproj]
c:\originalhr2\HoverRaceAI\NetTarget\Game2\TrackSelect.cpp(192,20): warning C4996: 'fopen': This function or variable may be unsafe. Consider using fopen_s instead. To disable deprecation, use _CRT_SECURE_NO_WARNINGS. See online help for details. [c:\originalhr2\HoverRaceAI\NetTarget\Game2\Game2.vcxproj]
c:\originalhr2\HoverRaceAI\NetTarget\Game2\TrackSelect.cpp(300,67): warning C4245: 'argument': conversion from 'int' to 'WPARAM', signed/unsigned mismatch [c:\originalhr2\HoverRaceAI\NetTarget\Game2\Game2.vcxproj]
c:\originalhr2\HoverRaceAI\NetTarget\Game2\TrackSelect.cpp(257,20): warning C4996: 'fopen': This function or variable may be unsafe. Consider using fopen_s instead. To disable deprecation, use _CRT_SECURE_NO_WARNINGS. See online help for details. [c:\originalhr2\HoverRaceAI\NetTarget\Game2\Game2.vcxproj]
c:\originalhr2\HoverRaceAI\NetTarget\Game2\TrackSelect.cpp(253,96): warning C4100: 'pLParam': unreferenced formal parameter [c:\originalhr2\HoverRaceAI\NetTarget\Game2\Game2.vcxproj]
c:\originalhr2\HoverRaceAI\NetTarget\Game2\TrackSelect.cpp(428,20): warning C4996: 'fopen': This function or variable may be unsafe. Consider using fopen_s instead. To disable deprecation, use _CRT_SECURE_NO_WARNINGS. See online help for details. [c:\originalhr2\HoverRaceAI\NetTarget\Game2\Game2.vcxproj]
c:\originalhr2\HoverRaceAI\NetTarget\Game2\TrackSelect.cpp(477,19): warning C4996: 'sscanf': This function or variable may be unsafe. Consider using sscanf_s instead. To disable deprecation, use _CRT_SECURE_NO_WARNINGS. See online help for details. [c:\originalhr2\HoverRaceAI\NetTarget\Game2\Game2.vcxproj]
c:\originalhr2\HoverRaceAI\NetTarget\Game2\TrackSelect.cpp(593,20): warning C4996: 'fopen': This function or variable may be unsafe. Consider using fopen_s instead. To disable deprecation, use _CRT_SECURE_NO_WARNINGS. See online help for details. [c:\originalhr2\HoverRaceAI\NetTarget\Game2\Game2.vcxproj]
  Generating Code...
c:\originalhr2\HoverRaceAI\NetTarget\Game2\GameApp.cpp(4545,1): warning C4706: assignment within conditional expression [c:\originalhr2\HoverRaceAI\NetTarget\Game2\Game2.vcxproj]
  Game2.vcxproj -> c:\originalhr2\HoverRaceAI\NetTarget\Game2\Release\Game2.exe
